model_key,dataset,signal,seed,AURC,E_AURC,AURC_opt,risk_at_80cov,retained_acc_at_80cov,risk_at_60cov,retained_acc_at_60cov,risk_at_40cov,retained_acc_at_40cov,failure_capture_at_20abstain,failure_capture_at_40abstain,failure_capture_at_60abstain
deepseek_r1_qwen7b,arc_challenge,cheap_confidence_option__extratrees,594.8,0.588482777625708,0.271889303765511,0.31659347386019693,0.6361111111111111,0.3638888888888889,0.5851851851851853,0.4148148148148148,0.5722222222222222,0.42777777777777776,0.24918032786885247,0.48196721311475416,0.6622950819672131
deepseek_r1_qwen7b,arc_challenge,cheap_confidence_option__hgb,594.8,0.622130422465082,0.305536948604885,0.31659347386019693,0.6583333333333333,0.3416666666666667,0.6444444444444445,0.3555555555555555,0.6277777777777778,0.37222222222222223,0.22295081967213112,0.42950819672131146,0.6295081967213114
deepseek_r1_qwen7b,arc_challenge,cheap_confidence_option__logreg,594.8,0.5711123576325253,0.25451888377232834,0.31659347386019693,0.6305555555555555,0.36944444444444446,0.6148148148148148,0.3851851851851852,0.5888888888888889,0.4111111111111111,0.2557377049180328,0.4557377049180328,0.6524590163934427
deepseek_r1_qwen7b,arc_challenge,cheap_confidence_option__mlp,594.8,0.6306475817090137,0.31405410784881677,0.31659347386019693,0.6666666666666666,0.33333333333333337,0.6407407407407407,0.3592592592592593,0.6055555555555555,0.39444444444444443,0.21311475409836067,0.4327868852459017,0.6426229508196721
deepseek_r1_qwen7b,arc_challenge,cheap_plus_hidden_summary__extratrees,594.8,0.5921881246986019,0.27559465083840495,0.31659347386019693,0.6444444444444445,0.3555555555555555,0.6148148148148148,0.3851851851851852,0.5722222222222222,0.42777777777777776,0.23934426229508196,0.4557377049180328,0.6622950819672131
deepseek_r1_qwen7b,arc_challenge,cheap_plus_hidden_summary__hgb,594.8,0.6120517988699982,0.2954583250098013,0.31659347386019693,0.6444444444444445,0.3555555555555555,0.611111111111111,0.3888888888888889,0.6055555555555555,0.3944444444444445,0.23934426229508196,0.4590163934426229,0.6426229508196721
deepseek_r1_qwen7b,arc_challenge,cheap_plus_hidden_summary__logreg,594.8,0.5957823471908145,0.27918887333061754,0.31659347386019693,0.6333333333333333,0.3666666666666667,0.6037037037037037,0.39629629629629626,0.5777777777777778,0.42222222222222217,0.25245901639344265,0.46557377049180326,0.659016393442623
deepseek_r1_qwen7b,arc_challenge,cheap_plus_hidden_summary__mlp,594.8,0.6480571092417222,0.33146363538152535,0.31659347386019693,0.6722222222222223,0.3277777777777778,0.6592592592592592,0.34074074074074073,0.6444444444444445,0.3555555555555555,0.20655737704918034,0.4163934426229508,0.619672131147541
deepseek_r1_qwen7b,arc_challenge,cheap_plus_pca_hidden__extratrees,594.8,0.5997004024364602,0.2831069285762632,0.31659347386019693,0.6444444444444445,0.3555555555555555,0.611111111111111,0.38888888888888895,0.5833333333333334,0.41666666666666663,0.23934426229508196,0.4590163934426229,0.6557377049180328
deepseek_r1_qwen7b,arc_challenge,cheap_plus_pca_hidden__hgb,594.8,0.6391620699406737,0.32256859608047667,0.31659347386019693,0.6555555555555556,0.34444444444444444,0.6518518518518519,0.3481481481481481,0.6444444444444445,0.3555555555555555,0.2262295081967213,0.4229508196721311,0.619672131147541
deepseek_r1_qwen7b,arc_challenge,cheap_plus_pca_hidden__logreg,594.8,0.627633920414922,0.31104044655472507,0.31659347386019693,0.663888888888889,0.33611111111111114,0.6296296296296297,0.37037037037037035,0.65,0.35,0.2163934426229508,0.4426229508196721,0.6163934426229508
deepseek_r1_qwen7b,arc_challenge,cheap_plus_pca_hidden__mlp,594.8,0.6691891441948952,0.3525956703346983,0.31659347386019693,0.6805555555555556,0.3194444444444445,0.6555555555555556,0.34444444444444444,0.6777777777777778,0.32222222222222224,0.19672131147540983,0.419672131147541,0.6
deepseek_r1_qwen7b,arc_challenge,direct_pmax,594.8,0.61080510914485,0.29421163528465305,0.31659347386019693,0.6555555555555556,0.34444444444444444,0.6148148148148148,0.3851851851851852,0.5888888888888889,0.4111111111111111,0.2262295081967213,0.4557377049180328,0.6524590163934426
deepseek_r1_qwen7b,arc_challenge,hidden_summary_only__extratrees,594.8,0.6953142286462247,0.3787207547860278,0.31659347386019693,0.6972222222222222,0.30277777777777776,0.6925925925925925,0.3074074074074074,0.6888888888888889,0.31111111111111117,0.17704918032786884,0.3868852459016393,0.5934426229508196
deepseek_r1_qwen7b,arc_challenge,hidden_summary_only__hgb,594.8,0.6961015137908836,0.3795080399306867,0.31659347386019693,0.6833333333333333,0.3166666666666667,0.6888888888888889,0.3111111111111111,0.7,0.3,0.19344262295081965,0.3901639344262295,0.5868852459016394
deepseek_r1_qwen7b,arc_challenge,hidden_summary_only__logreg,594.8,0.7214628936001243,0.4048694197399273,0.31659347386019693,0.6666666666666666,0.33333333333333337,0.6777777777777778,0.32222222222222224,0.6888888888888889,0.3111111111111111,0.21311475409836067,0.4,0.5934426229508196
deepseek_r1_qwen7b,arc_challenge,hidden_summary_only__mlp,594.8,0.6900739646673608,0.37348049080716383,0.31659347386019693,0.6861111111111111,0.3138888888888889,0.6777777777777778,0.32222222222222224,0.6944444444444444,0.3055555555555555,0.1901639344262295,0.4,0.5901639344262295
deepseek_r1_qwen7b,arc_challenge,pca_hidden_embeddings__extratrees,594.8,0.6891301277446866,0.37253665388448975,0.31659347386019693,0.6888888888888889,0.31111111111111106,0.7148148148148148,0.2851851851851852,0.7166666666666666,0.2833333333333333,0.18688524590163932,0.36721311475409835,0.5770491803278688
deepseek_r1_qwen7b,arc_challenge,pca_hidden_embeddings__hgb,594.8,0.7074207157315163,0.3908272418713194,0.31659347386019693,0.6666666666666666,0.33333333333333337,0.6814814814814815,0.31851851851851853,0.711111111111111,0.2888888888888889,0.21311475409836067,0.39672131147540984,0.580327868852459
deepseek_r1_qwen7b,arc_challenge,pca_hidden_embeddings__logreg,594.8,0.7067428439650113,0.3901493701048144,0.31659347386019693,0.7,0.3,0.6925925925925925,0.30740740740740746,0.7222222222222222,0.2777777777777778,0.1737704918032787,0.3868852459016393,0.5737704918032787
deepseek_r1_qwen7b,arc_challenge,pca_hidden_embeddings__mlp,594.8,0.6705298015640283,0.3539363277038313,0.31659347386019693,0.6805555555555556,0.3194444444444445,0.6814814814814815,0.31851851851851853,0.65,0.35,0.19672131147540983,0.39672131147540984,0.6163934426229508
deepseek_r1_qwen7b,commonsenseqa,cheap_confidence_option__extratrees,594.8,0.692917041558984,0.24975660384518225,0.44316043771380176,0.755,0.24500000000000002,0.7444444444444445,0.2555555555555556,0.7150000000000001,0.285,0.2223175965665236,0.424892703862661,0.6317596566523604
deepseek_r1_qwen7b,commonsenseqa,cheap_confidence_option__hgb,594.8,0.7276555992666467,0.28449516155284477,0.44316043771380176,0.7641666666666667,0.23583333333333334,0.7477777777777778,0.25222222222222224,0.73,0.27,0.2128755364806867,0.4223175965665236,0.6240343347639484
deepseek_r1_qwen7b,commonsenseqa,cheap_confidence_option__logreg,594.8,0.6745522453978617,0.23139180768405998,0.44316043771380176,0.75,0.25,0.7266666666666667,0.2733333333333333,0.6849999999999999,0.31500000000000006,0.2274678111587983,0.4386266094420601,0.6472103004291846
deepseek_r1_qwen7b,commonsenseqa,cheap_confidence_option__mlp,594.8,0.8005017596410452,0.3573413219272433,0.44316043771380176,0.7975,0.20249999999999999,0.8111111111111111,0.1888888888888889,0.8133333333333332,0.18666666666666665,0.17854077253218886,0.37339055793991416,0.5811158798283261
deepseek_r1_qwen7b,commonsenseqa,cheap_plus_hidden_summary__extratrees,594.8,0.7008003057366203,0.2576398680228186,0.44316043771380176,0.7675,0.2325,0.7577777777777778,0.2422222222222222,0.7233333333333334,0.27666666666666667,0.20944206008583693,0.41459227467811155,0.6274678111587983
deepseek_r1_qwen7b,commonsenseqa,cheap_plus_hidden_summary__hgb,594.8,0.7300060693917194,0.28684563167791766,0.44316043771380176,0.7658333333333334,0.2341666666666667,0.7555555555555555,0.24444444444444446,0.7283333333333333,0.27166666666666667,0.2111587982832618,0.4163090128755365,0.6248927038626609
deepseek_r1_qwen7b,commonsenseqa,cheap_plus_hidden_summary__logreg,594.8,0.704870061388899,0.2617096236750972,0.44316043771380176,0.7608333333333334,0.23916666666666667,0.7377777777777779,0.26222222222222225,0.7066666666666667,0.29333333333333333,0.2163090128755365,0.43004291845493564,0.6360515021459227
deepseek_r1_qwen7b,commonsenseqa,cheap_plus_hidden_summary__mlp,594.8,0.7921490326565506,0.3489885949427488,0.44316043771380176,0.7933333333333333,0.2066666666666667,0.7866666666666667,0.21333333333333332,0.78,0.22000000000000003,0.18283261802575107,0.392274678111588,0.5982832618025752
deepseek_r1_qwen7b,commonsenseqa,cheap_plus_pca_hidden__extratrees,594.8,0.6803131139166574,0.23715267620285557,0.44316043771380176,0.76,0.24,0.7466666666666667,0.2533333333333333,0.7,0.3,0.21716738197424892,0.423175965665236,0.6394849785407726
deepseek_r1_qwen7b,commonsenseqa,cheap_plus_pca_hidden__hgb,594.8,0.7148588679138091,0.27169843020000733,0.44316043771380176,0.77,0.22999999999999998,0.7433333333333334,0.25666666666666665,0.7133333333333333,0.2866666666666667,0.20686695278969958,0.4257510729613734,0.632618025751073
deepseek_r1_qwen7b,commonsenseqa,cheap_plus_pca_hidden__logreg,594.8,0.6991547403720849,0.2559943026582831,0.44316043771380176,0.7625,0.2375,0.7422222222222222,0.2577777777777778,0.71,0.29,0.21459227467811157,0.4266094420600858,0.6343347639484979
deepseek_r1_qwen7b,commonsenseqa,cheap_plus_pca_hidden__mlp,594.8,0.774722708718911,0.33156227100510927,0.44316043771380176,0.7866666666666666,0.21333333333333337,0.7766666666666666,0.22333333333333333,0.7849999999999999,0.215,0.18969957081545066,0.4,0.5957081545064378
deepseek_r1_qwen7b,commonsenseqa,direct_pmax,594.8,0.6916176604966611,0.2484572227828592,0.44316043771380176,0.765,0.23499999999999996,0.7533333333333333,0.24666666666666667,0.7166666666666666,0.2833333333333333,0.21201716738197424,0.41802575107296136,0.630901287553648
deepseek_r1_qwen7b,commonsenseqa,hidden_summary_only__extratrees,594.8,0.7980274291433839,0.354866991429582,0.44316043771380176,0.7875,0.2125,0.8022222222222222,0.19777777777777777,0.8016666666666667,0.1983333333333333,0.18884120171673818,0.3802575107296137,0.5871244635193132
deepseek_r1_qwen7b,commonsenseqa,hidden_summary_only__hgb,594.8,0.7965463842226865,0.3533859465088848,0.44316043771380176,0.79,0.20999999999999996,0.8044444444444444,0.19555555555555554,0.7983333333333333,0.20166666666666666,0.18626609442060085,0.3785407725321889,0.5888412017167381
deepseek_r1_qwen7b,commonsenseqa,hidden_summary_only__logreg,594.8,0.7856540107973325,0.3424935730835307,0.44316043771380176,0.7783333333333333,0.22166666666666668,0.78,0.22000000000000003,0.7883333333333333,0.21166666666666673,0.1982832618025751,0.39742489270386266,0.5939914163090129
deepseek_r1_qwen7b,commonsenseqa,hidden_summary_only__mlp,594.8,0.7768369870361795,0.3336765493223778,0.44316043771380176,0.7775000000000001,0.2225,0.7766666666666666,0.22333333333333333,0.7783333333333333,0.22166666666666668,0.19914163090128756,0.4,0.5991416309012875
deepseek_r1_qwen7b,commonsenseqa,pca_hidden_embeddings__extratrees,594.8,0.764110269957716,0.32094983224391416,0.44316043771380176,0.7675,0.2325,0.7677777777777778,0.2322222222222222,0.7716666666666667,0.22833333333333333,0.20944206008583693,0.40686695278969953,0.6025751072961374
deepseek_r1_qwen7b,commonsenseqa,pca_hidden_embeddings__hgb,594.8,0.770563890773458,0.32740345305965624,0.44316043771380176,0.77,0.22999999999999998,0.7644444444444445,0.23555555555555552,0.7766666666666666,0.22333333333333333,0.20686695278969958,0.4094420600858369,0.6
deepseek_r1_qwen7b,commonsenseqa,pca_hidden_embeddings__logreg,594.8,0.7562518612924707,0.3130914235786689,0.44316043771380176,0.7725,0.22749999999999998,0.7722222222222223,0.22777777777777777,0.7566666666666666,0.24333333333333335,0.20429184549356222,0.4034334763948498,0.6103004291845494
deepseek_r1_qwen7b,commonsenseqa,pca_hidden_embeddings__mlp,594.8,0.7686662797960343,0.32550584208223254,0.44316043771380176,0.7841666666666667,0.21583333333333332,0.7744444444444445,0.22555555555555556,0.7716666666666667,0.22833333333333333,0.192274678111588,0.4017167381974249,0.6025751072961374
deepseek_r1_qwen7b,hellaswag,cheap_confidence_option__extratrees,594.8,0.7389906306644206,0.3434825551168882,0.3955080755475324,0.745,0.255,0.7488888888888889,0.2511111111111111,0.75,0.25,0.19820627802690582,0.3955156950672646,0.5964125560538116
deepseek_r1_qwen7b,hellaswag,cheap_confidence_option__hgb,594.8,0.7326447396138933,0.33713666406636084,0.3955080755475324,0.7391666666666666,0.26083333333333336,0.73,0.27,0.7216666666666667,0.2783333333333333,0.20448430493273545,0.41076233183856503,0.611659192825112
deepseek_r1_qwen7b,hellaswag,cheap_confidence_option__logreg,594.8,0.7328610578547801,0.33735298230724775,0.3955080755475324,0.7308333333333333,0.26916666666666667,0.7244444444444444,0.27555555555555555,0.7333333333333333,0.2666666666666667,0.21345291479820627,0.41524663677130047,0.6053811659192825
deepseek_r1_qwen7b,hellaswag,cheap_confidence_option__mlp,594.8,0.7354725578316196,0.3399644822840872,0.3955080755475324,0.7366666666666666,0.26333333333333336,0.7411111111111112,0.25888888888888884,0.7483333333333333,0.25166666666666665,0.2071748878923767,0.40179372197309415,0.5973094170403588
deepseek_r1_qwen7b,hellaswag,cheap_plus_hidden_summary__extratrees,594.8,0.7358548432535029,0.3403467677059705,0.3955080755475324,0.7458333333333333,0.25416666666666665,0.7411111111111112,0.2588888888888889,0.7283333333333333,0.27166666666666667,0.19730941704035873,0.40179372197309415,0.6080717488789238
deepseek_r1_qwen7b,hellaswag,cheap_plus_hidden_summary__hgb,594.8,0.7413417488402855,0.34583367329275305,0.3955080755475324,0.7466666666666667,0.2533333333333333,0.7577777777777778,0.24222222222222226,0.7516666666666667,0.24833333333333335,0.19641255605381164,0.3883408071748879,0.5955156950672646
deepseek_r1_qwen7b,hellaswag,cheap_plus_hidden_summary__logreg,594.8,0.6886587116369,0.29315063608936753,0.3955080755475324,0.7266666666666667,0.2733333333333333,0.7122222222222222,0.2877777777777778,0.6849999999999999,0.31500000000000006,0.2179372197309417,0.42511210762331836,0.631390134529148
deepseek_r1_qwen7b,hellaswag,cheap_plus_hidden_summary__mlp,594.8,0.7434001077856368,0.3478920322381044,0.3955080755475324,0.7433333333333334,0.25666666666666665,0.731111111111111,0.2688888888888889,0.7366666666666667,0.2633333333333333,0.2,0.4098654708520179,0.6035874439461884
deepseek_r1_qwen7b,hellaswag,cheap_plus_pca_hidden__extratrees,594.8,0.7352083134730956,0.3397002379255632,0.3955080755475324,0.7458333333333333,0.2541666666666667,0.7388888888888889,0.2611111111111111,0.7283333333333333,0.27166666666666667,0.19730941704035873,0.40358744394618834,0.6080717488789238
deepseek_r1_qwen7b,hellaswag,cheap_plus_pca_hidden__hgb,594.8,0.7205308519624612,0.3250227764149288,0.3955080755475324,0.7391666666666666,0.26083333333333336,0.7355555555555555,0.2644444444444445,0.7266666666666667,0.2733333333333333,0.20448430493273545,0.4062780269058296,0.6089686098654709
deepseek_r1_qwen7b,hellaswag,cheap_plus_pca_hidden__logreg,594.8,0.7003623900607441,0.3048543145132117,0.3955080755475324,0.7358333333333333,0.26416666666666666,0.7211111111111111,0.27888888888888885,0.6983333333333334,0.30166666666666664,0.20807174887892374,0.41793721973094167,0.6242152466367713
deepseek_r1_qwen7b,hellaswag,cheap_plus_pca_hidden__mlp,594.8,0.7410781912543833,0.34557011570685087,0.3955080755475324,0.7491666666666668,0.25083333333333335,0.7344444444444445,0.26555555555555554,0.74,0.26,0.19372197309417039,0.4071748878923767,0.6017937219730942
deepseek_r1_qwen7b,hellaswag,direct_pmax,594.8,0.7381506500559214,0.342642574508389,0.3955080755475324,0.75,0.25,0.75,0.25,0.75,0.25,0.19282511210762332,0.39461883408071746,0.5964125560538116
deepseek_r1_qwen7b,hellaswag,hidden_summary_only__extratrees,594.8,0.7444617295362953,0.3489536539887628,0.3955080755475324,0.7566666666666666,0.24333333333333332,0.7566666666666666,0.24333333333333335,0.7383333333333333,0.26166666666666666,0.18565022421524663,0.389237668161435,0.6026905829596412
deepseek_r1_qwen7b,hellaswag,hidden_summary_only__hgb,594.8,0.767767873255578,0.3722597977080456,0.3955080755475324,0.7583333333333334,0.24166666666666664,0.768888888888889,0.2311111111111111,0.765,0.23499999999999996,0.18385650224215247,0.379372197309417,0.5883408071748879
deepseek_r1_qwen7b,hellaswag,hidden_summary_only__logreg,594.8,0.7099209084953648,0.31441283294783234,0.3955080755475324,0.7308333333333333,0.26916666666666667,0.7355555555555555,0.2644444444444445,0.7166666666666667,0.2833333333333333,0.21345291479820627,0.4062780269058296,0.6143497757847534
deepseek_r1_qwen7b,hellaswag,hidden_summary_only__mlp,594.8,0.7494566026147002,0.35394852706716773,0.3955080755475324,0.7416666666666667,0.2583333333333333,0.7422222222222222,0.2577777777777778,0.7516666666666667,0.24833333333333335,0.20179372197309417,0.40089686098654714,0.5955156950672646
deepseek_r1_qwen7b,hellaswag,pca_hidden_embeddings__extratrees,594.8,0.7456842703858496,0.35017619483831713,0.3955080755475324,0.7466666666666667,0.2533333333333333,0.7433333333333334,0.25666666666666665,0.7433333333333334,0.25666666666666665,0.19641255605381164,0.4,0.6
deepseek_r1_qwen7b,hellaswag,pca_hidden_embeddings__hgb,594.8,0.7333901941874094,0.3378821186398769,0.3955080755475324,0.7425,0.25749999999999995,0.7377777777777779,0.26222222222222225,0.73,0.27,0.20089686098654708,0.4044843049327354,0.6071748878923767
deepseek_r1_qwen7b,hellaswag,pca_hidden_embeddings__logreg,594.8,0.7203702792539814,0.32486220370644897,0.3955080755475324,0.7474999999999999,0.2525,0.7322222222222222,0.2677777777777778,0.7150000000000001,0.285,0.19551569506726457,0.4089686098654709,0.6152466367713004
deepseek_r1_qwen7b,hellaswag,pca_hidden_embeddings__mlp,594.8,0.7333664128982692,0.3378583373507367,0.3955080755475324,0.7358333333333333,0.26416666666666666,0.7244444444444444,0.27555555555555555,0.7366666666666667,0.2633333333333333,0.20807174887892374,0.41524663677130047,0.6035874439461884
deepseek_r1_qwen7b,mmlu_all,cheap_confidence_option__extratrees,594.8,0.6347352853248618,0.2825384395196172,0.35219684580524463,0.6925000000000001,0.3075,0.6633333333333333,0.3366666666666666,0.6083333333333333,0.3916666666666667,0.21971830985915494,0.4394366197183099,0.6572769953051644
deepseek_r1_qwen7b,mmlu_all,cheap_confidence_option__hgb,594.8,0.6564323734293862,0.3042355276241416,0.35219684580524463,0.6941666666666666,0.30583333333333335,0.6733333333333333,0.32666666666666666,0.6416666666666666,0.35833333333333334,0.21784037558685446,0.4309859154929577,0.6384976525821596
deepseek_r1_qwen7b,mmlu_all,cheap_confidence_option__logreg,594.8,0.6622087608324336,0.310011915027189,0.35219684580524463,0.6950000000000001,0.305,0.6799999999999999,0.32,0.655,0.34500000000000003,0.21690140845070421,0.4253521126760564,0.6309859154929578
deepseek_r1_qwen7b,mmlu_all,cheap_confidence_option__mlp,594.8,0.6510303536177195,0.2988335078124749,0.35219684580524463,0.6958333333333333,0.3041666666666667,0.6722222222222223,0.3277777777777778,0.6533333333333333,0.3466666666666667,0.215962441314554,0.431924882629108,0.631924882629108
deepseek_r1_qwen7b,mmlu_all,cheap_plus_hidden_summary__extratrees,594.8,0.6481601724060779,0.2959633266008333,0.35219684580524463,0.6891666666666667,0.31083333333333335,0.6566666666666666,0.3433333333333334,0.63,0.37,0.22347417840375586,0.44507042253521123,0.6450704225352112
deepseek_r1_qwen7b,mmlu_all,cheap_plus_hidden_summary__hgb,594.8,0.6576621925970679,0.30546534679182324,0.35219684580524463,0.6883333333333332,0.31166666666666665,0.6688888888888889,0.3311111111111111,0.6516666666666666,0.34833333333333333,0.2244131455399061,0.4347417840375587,0.6328638497652582
deepseek_r1_qwen7b,mmlu_all,cheap_plus_hidden_summary__logreg,594.8,0.6676740747912983,0.3154772289860536,0.35219684580524463,0.7016666666666667,0.29833333333333334,0.7,0.3,0.6833333333333333,0.3166666666666667,0.20938967136150236,0.4084507042253521,0.6150234741784038
deepseek_r1_qwen7b,mmlu_all,cheap_plus_hidden_summary__mlp,594.8,0.671062221632478,0.3188653758272334,0.35219684580524463,0.7025,0.2975,0.6844444444444445,0.31555555555555553,0.6766666666666666,0.32333333333333336,0.2084507042253521,0.4215962441314554,0.6187793427230047
deepseek_r1_qwen7b,mmlu_all,cheap_plus_pca_hidden__extratrees,594.8,0.6488860765740032,0.2966892307687586,0.35219684580524463,0.6933333333333334,0.30666666666666664,0.6755555555555556,0.3244444444444444,0.6366666666666666,0.3633333333333334,0.2187793427230047,0.4291079812206573,0.6413145539906103
deepseek_r1_qwen7b,mmlu_all,cheap_plus_pca_hidden__hgb,594.8,0.6575956094980937,0.3053987636928491,0.35219684580524463,0.6900000000000001,0.31,0.67,0.32999999999999996,0.655,0.34500000000000003,0.22253521126760564,0.43380281690140843,0.6309859154929578
deepseek_r1_qwen7b,mmlu_all,cheap_plus_pca_hidden__logreg,594.8,0.6833504497910228,0.3311536039857782,0.35219684580524463,0.7158333333333333,0.2841666666666667,0.7088888888888889,0.2911111111111111,0.6833333333333333,0.3166666666666667,0.19342723004694834,0.4009389671361502,0.6150234741784038
deepseek_r1_qwen7b,mmlu_all,cheap_plus_pca_hidden__mlp,594.8,0.6800519285749177,0.327855082769673,0.35219684580524463,0.7125,0.2875,0.7088888888888889,0.29111111111111115,0.6883333333333332,0.31166666666666665,0.1971830985915493,0.4009389671361502,0.612206572769953
deepseek_r1_qwen7b,mmlu_all,direct_pmax,594.8,0.6277449981628852,0.2755481523576406,0.35219684580524463,0.6741666666666667,0.3258333333333333,0.6444444444444445,0.3555555555555555,0.6383333333333334,0.36166666666666664,0.2403755868544601,0.4553990610328638,0.64037558685446
deepseek_r1_qwen7b,mmlu_all,hidden_summary_only__extratrees,594.8,0.6997293381822882,0.34753249237704364,0.35219684580524463,0.7,0.3,0.6977777777777778,0.3022222222222222,0.6716666666666666,0.3283333333333333,0.2112676056338028,0.4103286384976526,0.6215962441314554
deepseek_r1_qwen7b,mmlu_all,hidden_summary_only__hgb,594.8,0.7012101753024689,0.3490133294972243,0.35219684580524463,0.7033333333333334,0.2966666666666667,0.6966666666666667,0.30333333333333334,0.6966666666666667,0.30333333333333334,0.2075117370892019,0.4112676056338028,0.6075117370892018
deepseek_r1_qwen7b,mmlu_all,hidden_summary_only__logreg,594.8,0.6988857893484532,0.34668894354320856,0.35219684580524463,0.7175,0.28250000000000003,0.7066666666666667,0.29333333333333333,0.7083333333333333,0.2916666666666667,0.1915492957746479,0.4028169014084507,0.6009389671361502
deepseek_r1_qwen7b,mmlu_all,hidden_summary_only__mlp,594.8,0.711052455963314,0.35885561015806944,0.35219684580524463,0.7166666666666667,0.2833333333333333,0.711111111111111,0.2888888888888889,0.7116666666666667,0.28833333333333333,0.19248826291079812,0.39906103286384975,0.5990610328638498
deepseek_r1_qwen7b,mmlu_all,pca_hidden_embeddings__extratrees,594.8,0.70744813474764,0.35525128894239544,0.35219684580524463,0.7158333333333333,0.2841666666666667,0.7055555555555555,0.29444444444444445,0.7066666666666667,0.29333333333333333,0.19342723004694834,0.4037558685446009,0.6018779342723005
deepseek_r1_qwen7b,mmlu_all,pca_hidden_embeddings__hgb,594.8,0.6920398267173137,0.339842980912069,0.35219684580524463,0.7,0.3,0.7033333333333334,0.2966666666666667,0.6849999999999999,0.315,0.2112676056338028,0.4056338028169014,0.6140845070422535
deepseek_r1_qwen7b,mmlu_all,pca_hidden_embeddings__logreg,594.8,0.7249132474387686,0.37271640163352393,0.35219684580524463,0.7141666666666666,0.28583333333333333,0.7244444444444444,0.27555555555555555,0.72,0.27999999999999997,0.19530516431924883,0.38779342723004695,0.5943661971830986
deepseek_r1_qwen7b,mmlu_all,pca_hidden_embeddings__mlp,594.8,0.704568492801438,0.3523716469961934,0.35219684580524463,0.7066666666666667,0.29333333333333333,0.7088888888888889,0.2911111111111111,0.7183333333333334,0.2816666666666667,0.20375586854460095,0.4009389671361502,0.5953051643192488
falcon3_7b_instruct,arc_challenge,cheap_confidence_option__extratrees,594.8,0.05804951070491589,0.04239532095113939,0.015654189753776495,0.07777777777777778,0.9222222222222222,0.05185185185185185,0.9481481481481481,0.03888888888888888,0.961111111111111,0.6266666666666667,0.8133333333333332,0.9066666666666666
falcon3_7b_instruct,arc_challenge,cheap_confidence_option__hgb,594.8,0.05617848361377244,0.04052429385999594,0.015654189753776495,0.08333333333333333,0.9166666666666666,0.05185185185185185,0.9481481481481481,0.04444444444444444,0.9555555555555555,0.6,0.8133333333333332,0.8933333333333333
falcon3_7b_instruct,arc_challenge,cheap_confidence_option__logreg,594.8,0.05414124871699631,0.03848705896321982,0.015654189753776495,0.08888888888888888,0.9111111111111111,0.05555555555555556,0.9444444444444444,0.02777777777777778,0.9722222222222221,0.5733333333333334,0.8,0.9333333333333333
falcon3_7b_instruct,arc_challenge,cheap_confidence_option__mlp,594.8,0.1064470927125023,0.0907929029587258,0.015654189753776495,0.13055555555555556,0.8694444444444445,0.11851851851851851,0.8814814814814815,0.1,0.9,0.37333333333333335,0.5733333333333333,0.76
falcon3_7b_instruct,arc_challenge,cheap_plus_hidden_summary__extratrees,594.8,0.0645065097324464,0.048852319978669914,0.015654189753776495,0.08611111111111111,0.913888888888889,0.059259259259259255,0.9407407407407409,0.03333333333333333,0.9666666666666666,0.5866666666666667,0.7866666666666667,0.9199999999999999
falcon3_7b_instruct,arc_challenge,cheap_plus_hidden_summary__hgb,594.8,0.06841395265320323,0.05275976289942672,0.015654189753776495,0.10833333333333332,0.8916666666666666,0.06666666666666667,0.9333333333333333,0.05,0.95,0.48,0.76,0.8800000000000001
falcon3_7b_instruct,arc_challenge,cheap_plus_hidden_summary__logreg,594.8,0.07014795543181777,0.05449376567804128,0.015654189753776495,0.10277777777777777,0.8972222222222221,0.07037037037037037,0.9296296296296296,0.0611111111111111,0.9388888888888889,0.5066666666666666,0.7466666666666667,0.8533333333333333
falcon3_7b_instruct,arc_challenge,cheap_plus_hidden_summary__mlp,594.8,0.10993469542118559,0.09428050566740909,0.015654189753776495,0.12777777777777777,0.8722222222222221,0.1,0.9,0.1,0.9,0.3866666666666666,0.64,0.76
falcon3_7b_instruct,arc_challenge,cheap_plus_pca_hidden__extratrees,594.8,0.060891523504817816,0.04523733375104132,0.015654189753776495,0.08333333333333333,0.9166666666666666,0.05185185185185185,0.9481481481481481,0.02777777777777778,0.9722222222222221,0.6,0.8133333333333332,0.9333333333333333
falcon3_7b_instruct,arc_challenge,cheap_plus_pca_hidden__hgb,594.8,0.06947905974637686,0.053824869992600353,0.015654189753776495,0.09166666666666666,0.9083333333333332,0.04814814814814815,0.951851851851852,0.05555555555555556,0.9444444444444444,0.5599999999999999,0.8266666666666668,0.8666666666666666
falcon3_7b_instruct,arc_challenge,cheap_plus_pca_hidden__logreg,594.8,0.0625092181332818,0.0468550283795053,0.015654189753776495,0.075,0.925,0.06296296296296296,0.937037037037037,0.04444444444444444,0.9555555555555555,0.6399999999999999,0.7733333333333333,0.8933333333333333
falcon3_7b_instruct,arc_challenge,cheap_plus_pca_hidden__mlp,594.8,0.1179836967186847,0.10232950696490821,0.015654189753776495,0.14166666666666666,0.8583333333333334,0.12962962962962962,0.8703703703703705,0.11111111111111112,0.888888888888889,0.32,0.5333333333333333,0.7333333333333333
falcon3_7b_instruct,arc_challenge,direct_pmax,594.8,0.05016771678548755,0.03451352703171106,0.015654189753776495,0.08611111111111111,0.913888888888889,0.05185185185185185,0.9481481481481481,0.02222222222222222,0.9777777777777779,0.5866666666666667,0.8133333333333332,0.9466666666666667
falcon3_7b_instruct,arc_challenge,hidden_summary_only__extratrees,594.8,0.09222912963814159,0.07657493988436508,0.015654189753776495,0.11388888888888889,0.8861111111111111,0.059259259259259255,0.9407407407407409,0.0611111111111111,0.9388888888888889,0.4533333333333333,0.7866666666666667,0.8533333333333333
falcon3_7b_instruct,arc_challenge,hidden_summary_only__hgb,594.8,0.0894841175335076,0.0738299277797311,0.015654189753776495,0.11388888888888889,0.8861111111111111,0.1,0.9,0.06666666666666667,0.9333333333333332,0.4533333333333333,0.64,0.8400000000000001
falcon3_7b_instruct,arc_challenge,hidden_summary_only__logreg,594.8,0.09712757106826146,0.08147338131448498,0.015654189753776495,0.12222222222222223,0.8777777777777779,0.07037037037037037,0.9296296296296296,0.07222222222222222,0.9277777777777777,0.4133333333333334,0.7466666666666667,0.8266666666666668
falcon3_7b_instruct,arc_challenge,hidden_summary_only__mlp,594.8,0.2423495651406594,0.22669537538688292,0.015654189753776495,0.18055555555555555,0.8194444444444444,0.19999999999999998,0.8,0.23888888888888887,0.7611111111111112,0.13333333333333333,0.27999999999999997,0.42666666666666664
falcon3_7b_instruct,arc_challenge,pca_hidden_embeddings__extratrees,594.8,0.08521031067719448,0.06955612092341798,0.015654189753776495,0.1,0.9,0.06296296296296296,0.937037037037037,0.05555555555555556,0.9444444444444444,0.52,0.7733333333333333,0.8666666666666668
falcon3_7b_instruct,arc_challenge,pca_hidden_embeddings__hgb,594.8,0.09338578413754618,0.07773159438376968,0.015654189753776495,0.10277777777777777,0.8972222222222221,0.07407407407407407,0.9259259259259259,0.08888888888888888,0.9111111111111111,0.5066666666666666,0.7333333333333333,0.7866666666666667
falcon3_7b_instruct,arc_challenge,pca_hidden_embeddings__logreg,594.8,0.07200054592366464,0.056346356169888145,0.015654189753776495,0.08055555555555556,0.9194444444444445,0.059259259259259255,0.9407407407407409,0.05,0.95,0.6133333333333333,0.7866666666666667,0.8800000000000001
falcon3_7b_instruct,arc_challenge,pca_hidden_embeddings__mlp,594.8,0.1868259350453663,0.1711717452915898,0.015654189753776495,0.1638888888888889,0.836111111111111,0.15555555555555553,0.8444444444444444,0.19444444444444445,0.8055555555555556,0.21333333333333332,0.43999999999999995,0.5333333333333333
falcon3_7b_instruct,commonsenseqa,cheap_confidence_option__extratrees,594.8,0.08376784484154383,0.0572015032886396,0.026566341552904226,0.15,0.85,0.07999999999999999,0.9199999999999999,0.05333333333333333,0.9466666666666667,0.4545454545454546,0.7818181818181819,0.9030303030303031
falcon3_7b_instruct,commonsenseqa,cheap_confidence_option__hgb,594.8,0.09464268054717982,0.06807633899427559,0.026566341552904226,0.15916666666666665,0.8408333333333333,0.10222222222222221,0.8977777777777778,0.075,0.925,0.4212121212121212,0.7212121212121212,0.8636363636363636
falcon3_7b_instruct,commonsenseqa,cheap_confidence_option__logreg,594.8,0.07424300136671566,0.04767665981381144,0.026566341552904226,0.13583333333333333,0.8641666666666667,0.07888888888888888,0.9211111111111112,0.03833333333333333,0.9616666666666667,0.5060606060606061,0.7848484848484849,0.9303030303030303
falcon3_7b_instruct,commonsenseqa,cheap_confidence_option__mlp,594.8,0.10266185104229668,0.07609550948939245,0.026566341552904226,0.15833333333333335,0.8416666666666668,0.1088888888888889,0.8911111111111112,0.07166666666666667,0.9283333333333333,0.4242424242424242,0.703030303030303,0.8696969696969697
falcon3_7b_instruct,commonsenseqa,cheap_plus_hidden_summary__extratrees,594.8,0.0730972722037581,0.046530930650853876,0.026566341552904226,0.13833333333333334,0.8616666666666667,0.07222222222222222,0.9277777777777778,0.03833333333333333,0.9616666666666667,0.49696969696969695,0.8030303030303031,0.9303030303030303
falcon3_7b_instruct,commonsenseqa,cheap_plus_hidden_summary__hgb,594.8,0.0884722935338699,0.06190595198096567,0.026566341552904226,0.14750000000000002,0.8525,0.09777777777777778,0.9022222222222223,0.048333333333333325,0.9516666666666668,0.4636363636363637,0.7333333333333333,0.9121212121212121
falcon3_7b_instruct,commonsenseqa,cheap_plus_hidden_summary__logreg,594.8,0.07901257865373794,0.052446237100833716,0.026566341552904226,0.1375,0.8625,0.08,0.9199999999999999,0.043333333333333335,0.9566666666666667,0.5,0.7818181818181819,0.9212121212121213
falcon3_7b_instruct,commonsenseqa,cheap_plus_hidden_summary__mlp,594.8,0.09035856859908198,0.06379222704617775,0.026566341552904226,0.14750000000000002,0.8525,0.1,0.9,0.06999999999999999,0.93,0.4636363636363637,0.7272727272727273,0.8727272727272727
falcon3_7b_instruct,commonsenseqa,cheap_plus_pca_hidden__extratrees,594.8,0.07558516625517027,0.04901882470226604,0.026566341552904226,0.13166666666666665,0.8683333333333334,0.0811111111111111,0.9188888888888889,0.03833333333333333,0.9616666666666667,0.5212121212121212,0.7787878787878788,0.9303030303030303
falcon3_7b_instruct,commonsenseqa,cheap_plus_pca_hidden__hgb,594.8,0.0870241912178374,0.06045784966493317,0.026566341552904226,0.14583333333333331,0.8541666666666666,0.10222222222222221,0.8977777777777778,0.06,0.9400000000000001,0.4696969696969697,0.7212121212121212,0.8909090909090909
falcon3_7b_instruct,commonsenseqa,cheap_plus_pca_hidden__logreg,594.8,0.0804640601821556,0.05389771862925137,0.026566341552904226,0.13583333333333333,0.8641666666666667,0.08777777777777777,0.9122222222222222,0.05,0.95,0.5060606060606061,0.7606060606060605,0.909090909090909
falcon3_7b_instruct,commonsenseqa,cheap_plus_pca_hidden__mlp,594.8,0.10734915161771863,0.08078281006481439,0.026566341552904226,0.16,0.8400000000000001,0.11222222222222222,0.8877777777777778,0.08666666666666667,0.9133333333333333,0.41818181818181815,0.693939393939394,0.8424242424242424
falcon3_7b_instruct,commonsenseqa,direct_pmax,594.8,0.07765594874675504,0.051089607193850806,0.026566341552904226,0.135,0.865,0.0811111111111111,0.918888888888889,0.05500000000000001,0.945,0.509090909090909,0.7787878787878788,0.9
falcon3_7b_instruct,commonsenseqa,hidden_summary_only__extratrees,594.8,0.1018146484583616,0.07524830690545739,0.026566341552904226,0.16749999999999998,0.8324999999999999,0.13111111111111112,0.8688888888888888,0.075,0.925,0.39090909090909093,0.6424242424242423,0.8636363636363636
falcon3_7b_instruct,commonsenseqa,hidden_summary_only__hgb,594.8,0.11910038317861234,0.09253404162570811,0.026566341552904226,0.17250000000000001,0.8275,0.1388888888888889,0.861111111111111,0.1,0.9,0.37272727272727274,0.6212121212121212,0.8181818181818181
falcon3_7b_instruct,commonsenseqa,hidden_summary_only__logreg,594.8,0.10186241937424323,0.075296077821339,0.026566341552904226,0.16833333333333333,0.8316666666666667,0.12,0.8800000000000001,0.06833333333333333,0.9316666666666666,0.3878787878787879,0.6727272727272727,0.8757575757575757
falcon3_7b_instruct,commonsenseqa,hidden_summary_only__mlp,594.8,0.1565508395000679,0.12998449794716366,0.026566341552904226,0.19333333333333333,0.8066666666666666,0.1811111111111111,0.8188888888888888,0.14166666666666666,0.8583333333333334,0.296969696969697,0.5060606060606061,0.7424242424242424
falcon3_7b_instruct,commonsenseqa,pca_hidden_embeddings__extratrees,594.8,0.09502208309809226,0.06845574154518803,0.026566341552904226,0.15833333333333333,0.8416666666666666,0.10444444444444445,0.8955555555555555,0.04833333333333333,0.9516666666666665,0.4242424242424242,0.7151515151515151,0.9121212121212121
falcon3_7b_instruct,commonsenseqa,pca_hidden_embeddings__hgb,594.8,0.11047023738830489,0.08390389583540064,0.026566341552904226,0.16416666666666666,0.8358333333333332,0.12333333333333334,0.8766666666666667,0.07999999999999999,0.9199999999999999,0.403030303030303,0.6636363636363637,0.8545454545454545
falcon3_7b_instruct,commonsenseqa,pca_hidden_embeddings__logreg,594.8,0.0945945348807474,0.06802819332784317,0.026566341552904226,0.15916666666666665,0.8408333333333333,0.11888888888888889,0.8811111111111112,0.06666666666666667,0.9333333333333333,0.4212121212121212,0.6757575757575758,0.8787878787878787
falcon3_7b_instruct,commonsenseqa,pca_hidden_embeddings__mlp,594.8,0.13890418772016672,0.11233784616726247,0.026566341552904226,0.185,0.8150000000000001,0.14444444444444443,0.8555555555555555,0.11166666666666666,0.8883333333333333,0.32727272727272727,0.6060606060606061,0.796969696969697
falcon3_7b_instruct,hellaswag,cheap_confidence_option__extratrees,594.8,0.09574450842833482,0.06391702577999395,0.03182748264834087,0.16166666666666668,0.8383333333333333,0.09666666666666666,0.9033333333333333,0.04833333333333333,0.9516666666666665,0.4611111111111111,0.7583333333333334,0.9194444444444445
falcon3_7b_instruct,hellaswag,cheap_confidence_option__hgb,594.8,0.10847243264913745,0.07664495000079656,0.03182748264834087,0.175,0.825,0.09666666666666666,0.9033333333333333,0.06,0.9400000000000001,0.4166666666666667,0.7583333333333334,0.9
falcon3_7b_instruct,hellaswag,cheap_confidence_option__logreg,594.8,0.09050108961696475,0.05867360696862388,0.03182748264834087,0.155,0.845,0.09777777777777777,0.9022222222222223,0.05333333333333333,0.9466666666666667,0.4833333333333333,0.7555555555555555,0.9111111111111111
falcon3_7b_instruct,hellaswag,cheap_confidence_option__mlp,594.8,0.10052421779000012,0.06869673514165923,0.03182748264834087,0.155,0.845,0.10222222222222221,0.8977777777777778,0.06999999999999999,0.93,0.4833333333333334,0.7444444444444445,0.8833333333333334
falcon3_7b_instruct,hellaswag,cheap_plus_hidden_summary__extratrees,594.8,0.08862363662197212,0.05679615397363126,0.03182748264834087,0.15583333333333332,0.8441666666666666,0.08666666666666667,0.9133333333333333,0.04833333333333333,0.9516666666666668,0.4805555555555555,0.7833333333333334,0.9194444444444445
falcon3_7b_instruct,hellaswag,cheap_plus_hidden_summary__hgb,594.8,0.09755081467192958,0.06572333202358871,0.03182748264834087,0.17166666666666666,0.8283333333333334,0.10555555555555556,0.8944444444444445,0.06333333333333332,0.9366666666666668,0.42777777777777776,0.736111111111111,0.8944444444444445
falcon3_7b_instruct,hellaswag,cheap_plus_hidden_summary__logreg,594.8,0.08298450678815965,0.05115702413981878,0.03182748264834087,0.15583333333333332,0.8441666666666666,0.08666666666666667,0.9133333333333333,0.04,0.96,0.4805555555555555,0.7833333333333334,0.9333333333333333
falcon3_7b_instruct,hellaswag,cheap_plus_hidden_summary__mlp,594.8,0.11072307149660823,0.07889558884826736,0.03182748264834087,0.17333333333333334,0.8266666666666665,0.11444444444444443,0.8855555555555557,0.07833333333333334,0.9216666666666666,0.42222222222222217,0.7138888888888889,0.8694444444444445
falcon3_7b_instruct,hellaswag,cheap_plus_pca_hidden__extratrees,594.8,0.08586083992009093,0.05403335727175005,0.03182748264834087,0.15583333333333332,0.8441666666666666,0.09111111111111111,0.9088888888888889,0.04666666666666667,0.9533333333333334,0.4805555555555555,0.7722222222222223,0.9222222222222222
falcon3_7b_instruct,hellaswag,cheap_plus_pca_hidden__hgb,594.8,0.10007708671318796,0.06824960406484709,0.03182748264834087,0.15833333333333335,0.8416666666666666,0.09777777777777777,0.9022222222222223,0.056666666666666664,0.9433333333333334,0.4722222222222222,0.7555555555555555,0.9055555555555556
falcon3_7b_instruct,hellaswag,cheap_plus_pca_hidden__logreg,594.8,0.08577215992176923,0.05394467727342837,0.03182748264834087,0.1625,0.8375,0.08888888888888888,0.9111111111111111,0.04333333333333333,0.9566666666666667,0.4583333333333333,0.7777777777777778,0.9277777777777778
falcon3_7b_instruct,hellaswag,cheap_plus_pca_hidden__mlp,594.8,0.12751748377133654,0.09569000112299567,0.03182748264834087,0.17583333333333334,0.8241666666666667,0.12777777777777777,0.8722222222222221,0.10666666666666666,0.8933333333333333,0.41388888888888886,0.6805555555555556,0.8222222222222222
falcon3_7b_instruct,hellaswag,direct_pmax,594.8,0.13508426672627588,0.103256784077935,0.03182748264834087,0.1825,0.8175000000000001,0.14555555555555555,0.8544444444444445,0.125,0.875,0.39166666666666666,0.6361111111111111,0.7916666666666666
falcon3_7b_instruct,hellaswag,hidden_summary_only__extratrees,594.8,0.13056673896757864,0.09873925631923779,0.03182748264834087,0.1975,0.8025,0.1411111111111111,0.8588888888888888,0.11666666666666667,0.8833333333333334,0.3416666666666667,0.6472222222222223,0.8055555555555556
falcon3_7b_instruct,hellaswag,hidden_summary_only__hgb,594.8,0.14709169007069267,0.1152642074223518,0.03182748264834087,0.19833333333333333,0.8016666666666667,0.15444444444444444,0.8455555555555556,0.12,0.8800000000000001,0.3388888888888889,0.6138888888888889,0.8
falcon3_7b_instruct,hellaswag,hidden_summary_only__logreg,594.8,0.11600045302678194,0.08417297037844108,0.03182748264834087,0.18333333333333335,0.8166666666666667,0.12222222222222223,0.8777777777777779,0.09166666666666667,0.9083333333333334,0.3888888888888889,0.6944444444444444,0.8472222222222221
falcon3_7b_instruct,hellaswag,hidden_summary_only__mlp,594.8,0.16647960295444095,0.13465212030610008,0.03182748264834087,0.21416666666666667,0.7858333333333334,0.18888888888888888,0.8111111111111111,0.15,0.85,0.2861111111111111,0.5277777777777778,0.75
falcon3_7b_instruct,hellaswag,pca_hidden_embeddings__extratrees,594.8,0.10024431182011014,0.06841682917176925,0.03182748264834087,0.1775,0.8225,0.10777777777777778,0.8922222222222222,0.06166666666666667,0.9383333333333332,0.4083333333333333,0.7305555555555555,0.8972222222222221
falcon3_7b_instruct,hellaswag,pca_hidden_embeddings__hgb,594.8,0.10786481584770405,0.07603733319936316,0.03182748264834087,0.175,0.825,0.11111111111111112,0.888888888888889,0.075,0.925,0.4166666666666667,0.7222222222222222,0.875
falcon3_7b_instruct,hellaswag,pca_hidden_embeddings__logreg,594.8,0.1058966104042591,0.07406912775591823,0.03182748264834087,0.16999999999999998,0.8300000000000001,0.11888888888888889,0.8811111111111112,0.07666666666666666,0.9233333333333332,0.4333333333333333,0.7027777777777777,0.8722222222222221
falcon3_7b_instruct,hellaswag,pca_hidden_embeddings__mlp,594.8,0.1718117126152487,0.1399842299669078,0.03182748264834087,0.21166666666666667,0.7883333333333333,0.19,0.8099999999999999,0.1816666666666667,0.8183333333333334,0.29444444444444445,0.525,0.6972222222222222
falcon3_7b_instruct,mmlu_all,cheap_confidence_option__extratrees,594.8,0.17291767519494933,0.08212706195671425,0.09079061323823506,0.32166666666666666,0.6783333333333333,0.22000000000000003,0.78,0.11333333333333333,0.8866666666666667,0.34576271186440677,0.6644067796610169,0.8847457627118643
falcon3_7b_instruct,mmlu_all,cheap_confidence_option__hgb,594.8,0.18531789967136897,0.0945272864331339,0.09079061323823506,0.32916666666666666,0.6708333333333334,0.24,0.76,0.13666666666666666,0.8633333333333333,0.3305084745762712,0.6338983050847458,0.8610169491525423
falcon3_7b_instruct,mmlu_all,cheap_confidence_option__logreg,594.8,0.17334534624403394,0.08255473300579888,0.09079061323823506,0.32333333333333336,0.6766666666666666,0.21555555555555556,0.7844444444444444,0.12,0.8800000000000001,0.34237288135593225,0.6711864406779661,0.8779661016949152
falcon3_7b_instruct,mmlu_all,cheap_confidence_option__mlp,594.8,0.17795026497713812,0.08715965173890307,0.09079061323823506,0.32166666666666666,0.6783333333333333,0.22111111111111112,0.7788888888888889,0.125,0.875,0.34576271186440677,0.6627118644067795,0.8728813559322035
falcon3_7b_instruct,mmlu_all,cheap_plus_hidden_summary__extratrees,594.8,0.16909116186040735,0.07830054862217231,0.09079061323823506,0.3166666666666667,0.6833333333333333,0.20444444444444443,0.7955555555555556,0.11333333333333333,0.8866666666666667,0.35593220338983056,0.688135593220339,0.8847457627118643
falcon3_7b_instruct,mmlu_all,cheap_plus_hidden_summary__hgb,594.8,0.18129773716780653,0.09050712392957147,0.09079061323823506,0.31916666666666665,0.6808333333333334,0.23222222222222225,0.7677777777777778,0.135,0.865,0.35084745762711866,0.6457627118644067,0.8627118644067796
falcon3_7b_instruct,mmlu_all,cheap_plus_hidden_summary__logreg,594.8,0.1775742465381594,0.08678363329992436,0.09079061323823506,0.3175,0.6825,0.21222222222222223,0.7877777777777778,0.13,0.8699999999999999,0.35423728813559324,0.676271186440678,0.8677966101694915
falcon3_7b_instruct,mmlu_all,cheap_plus_hidden_summary__mlp,594.8,0.17863110086803727,0.0878404876298022,0.09079061323823506,0.31416666666666665,0.6858333333333333,0.20777777777777778,0.7922222222222223,0.11666666666666667,0.8833333333333334,0.3610169491525424,0.6830508474576271,0.8813559322033898
falcon3_7b_instruct,mmlu_all,cheap_plus_pca_hidden__extratrees,594.8,0.1672077892009441,0.076417175962709,0.09079061323823506,0.3125,0.6875,0.21222222222222223,0.7877777777777778,0.11333333333333333,0.8866666666666667,0.364406779661017,0.676271186440678,0.8847457627118643
falcon3_7b_instruct,mmlu_all,cheap_plus_pca_hidden__hgb,594.8,0.18527059586174682,0.09447998262351179,0.09079061323823506,0.32999999999999996,0.67,0.23888888888888887,0.7611111111111111,0.12833333333333333,0.8716666666666667,0.32881355932203393,0.635593220338983,0.8694915254237289
falcon3_7b_instruct,mmlu_all,cheap_plus_pca_hidden__logreg,594.8,0.1780475666834002,0.08725695344516513,0.09079061323823506,0.3175,0.6825,0.21222222222222223,0.7877777777777778,0.13166666666666665,0.8683333333333334,0.3542372881355932,0.676271186440678,0.8661016949152543
falcon3_7b_instruct,mmlu_all,cheap_plus_pca_hidden__mlp,594.8,0.17888872277191276,0.0880981095336777,0.09079061323823506,0.31416666666666665,0.6858333333333333,0.21222222222222223,0.7877777777777778,0.125,0.875,0.3610169491525424,0.676271186440678,0.8728813559322035
falcon3_7b_instruct,mmlu_all,direct_pmax,594.8,0.18936588888417905,0.098575275645944,0.09079061323823506,0.3158333333333333,0.6841666666666667,0.25,0.75,0.145,0.8550000000000001,0.3576271186440678,0.6186440677966102,0.8525423728813559
falcon3_7b_instruct,mmlu_all,hidden_summary_only__extratrees,594.8,0.18160274047753935,0.09081212723930429,0.09079061323823506,0.32666666666666666,0.6733333333333333,0.22222222222222224,0.7777777777777778,0.11666666666666667,0.8833333333333334,0.33559322033898303,0.6610169491525424,0.8813559322033898
falcon3_7b_instruct,mmlu_all,hidden_summary_only__hgb,594.8,0.19021968496340658,0.0994290717251715,0.09079061323823506,0.32083333333333336,0.6791666666666667,0.24444444444444446,0.7555555555555555,0.13166666666666665,0.8683333333333334,0.3474576271186441,0.6271186440677966,0.8661016949152543
falcon3_7b_instruct,mmlu_all,hidden_summary_only__logreg,594.8,0.18878792621269608,0.09799731297446103,0.09079061323823506,0.32166666666666666,0.6783333333333333,0.23222222222222225,0.7677777777777778,0.13,0.8699999999999999,0.34576271186440677,0.6457627118644067,0.8677966101694915
falcon3_7b_instruct,mmlu_all,hidden_summary_only__mlp,594.8,0.20152803420965643,0.11073742097142136,0.09079061323823506,0.3225,0.6775,0.23222222222222225,0.7677777777777777,0.145,0.8550000000000001,0.34406779661016945,0.6457627118644067,0.8525423728813559
falcon3_7b_instruct,mmlu_all,pca_hidden_embeddings__extratrees,594.8,0.17064224084539587,0.07985162760716083,0.09079061323823506,0.3175,0.6825,0.20555555555555555,0.7944444444444445,0.11166666666666666,0.8883333333333333,0.35423728813559324,0.6864406779661018,0.8864406779661017
falcon3_7b_instruct,mmlu_all,pca_hidden_embeddings__hgb,594.8,0.19050802058159402,0.09971740734335896,0.09079061323823506,0.3191666666666667,0.6808333333333334,0.22333333333333333,0.7766666666666666,0.13999999999999999,0.86,0.35084745762711866,0.6593220338983051,0.8576271186440678
falcon3_7b_instruct,mmlu_all,pca_hidden_embeddings__logreg,594.8,0.18046676021315453,0.08967614697491946,0.09079061323823506,0.315,0.6849999999999999,0.21222222222222223,0.7877777777777778,0.13166666666666665,0.8683333333333334,0.3593220338983051,0.676271186440678,0.8661016949152543
falcon3_7b_instruct,mmlu_all,pca_hidden_embeddings__mlp,594.8,0.20804767991894754,0.11725706668071248,0.09079061323823506,0.32416666666666666,0.6758333333333333,0.24666666666666667,0.7533333333333333,0.16999999999999998,0.8300000000000001,0.3406779661016949,0.6237288135593221,0.8271186440677966
mistral7b_v03,arc_challenge,cheap_confidence_option__extratrees,594.8,0.14663635673873357,0.11865156968018983,0.027984787058543736,0.16944444444444445,0.8305555555555555,0.15185185185185185,0.8481481481481481,0.1,0.9,0.39,0.5900000000000001,0.82
mistral7b_v03,arc_challenge,cheap_confidence_option__hgb,594.8,0.1377385092504459,0.10975372219190216,0.027984787058543736,0.2,0.8,0.16666666666666666,0.8333333333333334,0.07777777777777778,0.9222222222222222,0.27999999999999997,0.55,0.86
mistral7b_v03,arc_challenge,cheap_confidence_option__logreg,594.8,0.1383342585111847,0.11034947145264096,0.027984787058543736,0.18333333333333332,0.8166666666666667,0.15185185185185185,0.8481481481481481,0.11666666666666665,0.8833333333333334,0.33999999999999997,0.5900000000000001,0.79
mistral7b_v03,arc_challenge,cheap_confidence_option__mlp,594.8,0.16504046782165832,0.13705568076311458,0.027984787058543736,0.19444444444444445,0.8055555555555556,0.1962962962962963,0.8037037037037038,0.14444444444444443,0.8555555555555555,0.3,0.47000000000000003,0.74
mistral7b_v03,arc_challenge,cheap_plus_hidden_summary__extratrees,594.8,0.12313036541228936,0.09514557835374564,0.027984787058543736,0.175,0.825,0.14814814814814814,0.8518518518518519,0.12777777777777777,0.8722222222222221,0.37,0.6,0.77
mistral7b_v03,arc_challenge,cheap_plus_hidden_summary__hgb,594.8,0.1352621299820767,0.10727734292353294,0.027984787058543736,0.17777777777777776,0.8222222222222222,0.14814814814814814,0.8518518518518519,0.10555555555555556,0.8944444444444445,0.36,0.6,0.8099999999999999
mistral7b_v03,arc_challenge,cheap_plus_hidden_summary__logreg,594.8,0.1250954423312354,0.09711065527269166,0.027984787058543736,0.18333333333333332,0.8166666666666667,0.16296296296296295,0.837037037037037,0.11666666666666667,0.8833333333333334,0.33999999999999997,0.5599999999999999,0.79
mistral7b_v03,arc_challenge,cheap_plus_hidden_summary__mlp,594.8,0.180876911081806,0.15289212402326227,0.027984787058543736,0.19722222222222224,0.8027777777777778,0.18148148148148147,0.8185185185185185,0.17777777777777776,0.8222222222222223,0.29,0.51,0.6799999999999999
mistral7b_v03,arc_challenge,cheap_plus_pca_hidden__extratrees,594.8,0.12265480542365174,0.09467001836510801,0.027984787058543736,0.16944444444444445,0.8305555555555555,0.15185185185185185,0.8481481481481481,0.11111111111111112,0.888888888888889,0.39,0.5900000000000001,0.8
mistral7b_v03,arc_challenge,cheap_plus_pca_hidden__hgb,594.8,0.15022676670637508,0.12224197964783132,0.027984787058543736,0.175,0.825,0.16296296296296295,0.837037037037037,0.13333333333333333,0.8666666666666666,0.37,0.5599999999999999,0.76
mistral7b_v03,arc_challenge,cheap_plus_pca_hidden__logreg,594.8,0.16968959931268798,0.14170481225414425,0.027984787058543736,0.18055555555555555,0.8194444444444444,0.18148148148148147,0.8185185185185185,0.16666666666666666,0.8333333333333334,0.35,0.51,0.7
mistral7b_v03,arc_challenge,cheap_plus_pca_hidden__mlp,594.8,0.19104838118108824,0.1630635941225445,0.027984787058543736,0.2,0.8,0.2074074074074074,0.7925925925925926,0.18333333333333335,0.8166666666666668,0.27999999999999997,0.44000000000000006,0.67
mistral7b_v03,arc_challenge,direct_pmax,594.8,0.11703010993640021,0.08904532287785646,0.027984787058543736,0.18055555555555555,0.8194444444444444,0.13333333333333333,0.8666666666666666,0.08888888888888888,0.9111111111111111,0.35,0.64,0.8400000000000001
mistral7b_v03,arc_challenge,hidden_summary_only__extratrees,594.8,0.14986475005204128,0.12187996299349753,0.027984787058543736,0.18055555555555555,0.8194444444444444,0.14074074074074075,0.8592592592592592,0.10555555555555556,0.8944444444444445,0.35,0.62,0.8099999999999999
mistral7b_v03,arc_challenge,hidden_summary_only__hgb,594.8,0.17144325792205298,0.14345847086350924,0.027984787058543736,0.19166666666666668,0.8083333333333333,0.16666666666666666,0.8333333333333334,0.15,0.85,0.31,0.55,0.73
mistral7b_v03,arc_challenge,hidden_summary_only__logreg,594.8,0.14348748969285482,0.11550270263431109,0.027984787058543736,0.18055555555555555,0.8194444444444444,0.14444444444444443,0.8555555555555555,0.08888888888888888,0.9111111111111111,0.35,0.61,0.8400000000000001
mistral7b_v03,arc_challenge,hidden_summary_only__mlp,594.8,0.192990508753649,0.16500572169510527,0.027984787058543736,0.2111111111111111,0.788888888888889,0.1925925925925926,0.8074074074074075,0.16666666666666666,0.8333333333333334,0.24,0.4800000000000001,0.7
mistral7b_v03,arc_challenge,pca_hidden_embeddings__extratrees,594.8,0.14748565663750662,0.11950086957896289,0.027984787058543736,0.18055555555555555,0.8194444444444444,0.15555555555555553,0.8444444444444444,0.1388888888888889,0.861111111111111,0.35,0.58,0.75
mistral7b_v03,arc_challenge,pca_hidden_embeddings__hgb,594.8,0.1590037949803061,0.13101900792176235,0.027984787058543736,0.19166666666666668,0.8083333333333333,0.17407407407407408,0.825925925925926,0.16666666666666669,0.8333333333333334,0.30999999999999994,0.53,0.7
mistral7b_v03,arc_challenge,pca_hidden_embeddings__logreg,594.8,0.16683828806292353,0.13885350100437982,0.027984787058543736,0.18055555555555555,0.8194444444444444,0.16666666666666666,0.8333333333333334,0.17222222222222222,0.8277777777777778,0.35,0.55,0.6900000000000001
mistral7b_v03,arc_challenge,pca_hidden_embeddings__mlp,594.8,0.18286331139491457,0.15487852433637087,0.027984787058543736,0.20555555555555555,0.7944444444444445,0.18888888888888888,0.8111111111111111,0.18888888888888888,0.8111111111111111,0.26,0.49000000000000005,0.6599999999999999
mistral7b_v03,commonsenseqa,cheap_confidence_option__extratrees,594.8,0.16359173460789872,0.1151221496571972,0.04846958495070153,0.2425,0.7575,0.18444444444444444,0.8155555555555555,0.13166666666666665,0.8683333333333334,0.3386363636363636,0.6227272727272728,0.8204545454545455
mistral7b_v03,commonsenseqa,cheap_confidence_option__hgb,594.8,0.1896475812675591,0.14117799631685757,0.04846958495070153,0.26,0.74,0.20222222222222222,0.7977777777777778,0.14833333333333334,0.8516666666666668,0.2909090909090909,0.5863636363636363,0.7977272727272727
mistral7b_v03,commonsenseqa,cheap_confidence_option__logreg,594.8,0.1488576363790236,0.10038805142832208,0.04846958495070153,0.23666666666666666,0.7633333333333333,0.15888888888888889,0.8411111111111111,0.10833333333333332,0.8916666666666666,0.35454545454545455,0.675,0.8522727272727273
mistral7b_v03,commonsenseqa,cheap_confidence_option__mlp,594.8,0.1749672858922989,0.12649770094159737,0.04846958495070153,0.23500000000000001,0.765,0.18777777777777777,0.8122222222222222,0.15333333333333332,0.8466666666666667,0.35909090909090907,0.615909090909091,0.7909090909090909
mistral7b_v03,commonsenseqa,cheap_plus_hidden_summary__extratrees,594.8,0.14917208343068275,0.10070249847998122,0.04846958495070153,0.2341666666666667,0.7658333333333334,0.16111111111111112,0.8388888888888889,0.11000000000000001,0.89,0.3613636363636364,0.6704545454545454,0.85
mistral7b_v03,commonsenseqa,cheap_plus_hidden_summary__hgb,594.8,0.16451585099899266,0.11604626604829113,0.04846958495070153,0.2425,0.7575,0.18444444444444447,0.8155555555555555,0.13333333333333333,0.8666666666666666,0.3386363636363636,0.6227272727272728,0.8181818181818181
mistral7b_v03,commonsenseqa,cheap_plus_hidden_summary__logreg,594.8,0.14901423970971459,0.10054465475901306,0.04846958495070153,0.23833333333333334,0.7616666666666667,0.15666666666666668,0.8433333333333334,0.10333333333333332,0.8966666666666667,0.35,0.6795454545454546,0.8590909090909091
mistral7b_v03,commonsenseqa,cheap_plus_hidden_summary__mlp,594.8,0.1700889261532005,0.12161934120249898,0.04846958495070153,0.2325,0.7675000000000001,0.17333333333333334,0.8266666666666665,0.14666666666666667,0.8533333333333333,0.3659090909090909,0.6454545454545455,0.8
mistral7b_v03,commonsenseqa,cheap_plus_pca_hidden__extratrees,594.8,0.14718216643820417,0.09871258148750264,0.04846958495070153,0.2375,0.7625,0.16111111111111112,0.8388888888888889,0.09666666666666666,0.9033333333333333,0.35227272727272724,0.6704545454545455,0.8681818181818182
mistral7b_v03,commonsenseqa,cheap_plus_pca_hidden__hgb,594.8,0.1658457958266843,0.11737621087598278,0.04846958495070153,0.24833333333333335,0.7516666666666667,0.1911111111111111,0.8088888888888889,0.12333333333333334,0.8766666666666666,0.32272727272727275,0.6090909090909091,0.8318181818181818
mistral7b_v03,commonsenseqa,cheap_plus_pca_hidden__logreg,594.8,0.1498125203958905,0.10134293544518895,0.04846958495070153,0.2341666666666667,0.7658333333333334,0.18222222222222223,0.8177777777777777,0.12,0.8800000000000001,0.3613636363636364,0.6272727272727272,0.8363636363636363
mistral7b_v03,commonsenseqa,cheap_plus_pca_hidden__mlp,594.8,0.21337179347604723,0.1649022085253457,0.04846958495070153,0.25166666666666665,0.7483333333333333,0.2311111111111111,0.768888888888889,0.215,0.785,0.3136363636363636,0.5272727272727272,0.7068181818181818
mistral7b_v03,commonsenseqa,direct_pmax,594.8,0.15966276105168575,0.11119317610098423,0.04846958495070153,0.23666666666666666,0.7633333333333333,0.16999999999999998,0.8300000000000001,0.10666666666666666,0.8933333333333333,0.35454545454545455,0.6522727272727272,0.8545454545454545
mistral7b_v03,commonsenseqa,hidden_summary_only__extratrees,594.8,0.1903100364703574,0.14184045151965588,0.04846958495070153,0.24416666666666664,0.7558333333333334,0.2,0.8,0.16833333333333333,0.8316666666666667,0.3340909090909091,0.5909090909090909,0.7704545454545454
mistral7b_v03,commonsenseqa,hidden_summary_only__hgb,594.8,0.19443812089208876,0.14596853594138723,0.04846958495070153,0.25416666666666665,0.7458333333333333,0.2188888888888889,0.7811111111111111,0.18333333333333332,0.8166666666666667,0.3068181818181818,0.5522727272727272,0.75
mistral7b_v03,commonsenseqa,hidden_summary_only__logreg,594.8,0.1768603498780928,0.12839076492739127,0.04846958495070153,0.24416666666666664,0.7558333333333334,0.19,0.8099999999999999,0.15999999999999998,0.8400000000000001,0.3340909090909091,0.6113636363636363,0.7818181818181819
mistral7b_v03,commonsenseqa,hidden_summary_only__mlp,594.8,0.22770730522753402,0.17923772027683252,0.04846958495070153,0.2525,0.7474999999999999,0.22111111111111112,0.7788888888888889,0.20666666666666664,0.7933333333333333,0.3113636363636364,0.5477272727272727,0.7181818181818181
mistral7b_v03,commonsenseqa,pca_hidden_embeddings__extratrees,594.8,0.15700333139332895,0.10853374644262744,0.04846958495070153,0.25166666666666665,0.7483333333333333,0.18,0.82,0.12166666666666667,0.8783333333333333,0.3136363636363636,0.6318181818181818,0.8340909090909092
mistral7b_v03,commonsenseqa,pca_hidden_embeddings__hgb,594.8,0.1811030732046217,0.13263348825392018,0.04846958495070153,0.24916666666666668,0.7508333333333332,0.21222222222222223,0.7877777777777778,0.15999999999999998,0.8400000000000001,0.32045454545454544,0.5659090909090909,0.7818181818181819
mistral7b_v03,commonsenseqa,pca_hidden_embeddings__logreg,594.8,0.15336280046369194,0.10489321551299043,0.04846958495070153,0.2425,0.7575,0.17666666666666667,0.8233333333333333,0.11833333333333333,0.8816666666666666,0.3386363636363636,0.6386363636363637,0.8386363636363636
mistral7b_v03,commonsenseqa,pca_hidden_embeddings__mlp,594.8,0.1751649269851973,0.12669534203449578,0.04846958495070153,0.25,0.75,0.1988888888888889,0.8011111111111111,0.15833333333333333,0.8416666666666666,0.3181818181818182,0.5931818181818181,0.7840909090909091
mistral7b_v03,hellaswag,cheap_confidence_option__extratrees,594.8,0.17283318012055254,0.11958554300389708,0.053247637116655464,0.2475,0.7525000000000001,0.1988888888888889,0.8011111111111111,0.13833333333333334,0.8616666666666667,0.3543478260869565,0.6108695652173913,0.8195652173913043
mistral7b_v03,hellaswag,cheap_confidence_option__hgb,594.8,0.1782203693221417,0.12497273220548621,0.053247637116655464,0.25666666666666665,0.7433333333333334,0.22333333333333333,0.7766666666666666,0.15833333333333333,0.8416666666666666,0.33043478260869563,0.5630434782608695,0.7934782608695652
mistral7b_v03,hellaswag,cheap_confidence_option__logreg,594.8,0.16619363064868592,0.11294599353203043,0.053247637116655464,0.2575,0.7424999999999999,0.18777777777777777,0.8122222222222222,0.11833333333333333,0.8816666666666666,0.3282608695652174,0.6326086956521739,0.8456521739130436
mistral7b_v03,hellaswag,cheap_confidence_option__mlp,594.8,0.17424739927790678,0.1209997621612513,0.053247637116655464,0.2475,0.7525000000000001,0.19444444444444445,0.8055555555555556,0.14666666666666667,0.8533333333333333,0.35434782608695653,0.6195652173913043,0.808695652173913
mistral7b_v03,hellaswag,cheap_plus_hidden_summary__extratrees,594.8,0.1480506592092078,0.09480302209255231,0.053247637116655464,0.24083333333333332,0.7591666666666667,0.16555555555555554,0.8344444444444445,0.12166666666666667,0.8783333333333333,0.3717391304347826,0.6760869565217391,0.8413043478260869
mistral7b_v03,hellaswag,cheap_plus_hidden_summary__hgb,594.8,0.15962027540325135,0.10637263828659589,0.053247637116655464,0.2475,0.7525000000000001,0.19666666666666668,0.8033333333333333,0.13666666666666666,0.8633333333333333,0.35434782608695653,0.6152173913043478,0.8217391304347826
mistral7b_v03,hellaswag,cheap_plus_hidden_summary__logreg,594.8,0.14319462041428294,0.08994698329762744,0.053247637116655464,0.25,0.75,0.16999999999999998,0.8300000000000001,0.10166666666666666,0.8983333333333334,0.3478260869565218,0.6673913043478261,0.8673913043478262
mistral7b_v03,hellaswag,cheap_plus_hidden_summary__mlp,594.8,0.16623656343600887,0.1129889263193534,0.053247637116655464,0.24333333333333332,0.7566666666666666,0.19555555555555554,0.8044444444444444,0.13833333333333334,0.8616666666666667,0.3652173913043478,0.6173913043478261,0.8195652173913043
mistral7b_v03,hellaswag,cheap_plus_pca_hidden__extratrees,594.8,0.14316722094448295,0.08991958382782747,0.053247637116655464,0.23833333333333334,0.7616666666666666,0.16,0.8400000000000001,0.11833333333333333,0.8816666666666666,0.3782608695652174,0.6869565217391304,0.8456521739130436
mistral7b_v03,hellaswag,cheap_plus_pca_hidden__hgb,594.8,0.16057901812708542,0.10733138101042994,0.053247637116655464,0.2633333333333333,0.7366666666666667,0.19444444444444445,0.8055555555555556,0.13166666666666665,0.8683333333333334,0.3130434782608696,0.6195652173913044,0.8282608695652174
mistral7b_v03,hellaswag,cheap_plus_pca_hidden__logreg,594.8,0.1497713607527847,0.0965237236361292,0.053247637116655464,0.24333333333333332,0.7566666666666666,0.19,0.8099999999999999,0.13,0.8699999999999999,0.3652173913043478,0.6282608695652174,0.8304347826086957
mistral7b_v03,hellaswag,cheap_plus_pca_hidden__mlp,594.8,0.17382129645158834,0.12057365933493285,0.053247637116655464,0.25416666666666665,0.7458333333333333,0.20222222222222222,0.7977777777777778,0.15,0.85,0.33695652173913043,0.6043478260869566,0.8043478260869567
mistral7b_v03,hellaswag,direct_pmax,594.8,0.16811160979212317,0.11486397267546769,0.053247637116655464,0.24916666666666668,0.7508333333333332,0.20222222222222222,0.7977777777777778,0.14666666666666667,0.8533333333333333,0.35,0.6043478260869566,0.808695652173913
mistral7b_v03,hellaswag,hidden_summary_only__extratrees,594.8,0.16422898867817753,0.11098135156152204,0.053247637116655464,0.24916666666666668,0.7508333333333334,0.18444444444444447,0.8155555555555555,0.13166666666666665,0.8683333333333334,0.35,0.6391304347826087,0.8282608695652174
mistral7b_v03,hellaswag,hidden_summary_only__hgb,594.8,0.1827776498051711,0.12953001268851563,0.053247637116655464,0.26166666666666666,0.7383333333333334,0.21666666666666665,0.7833333333333334,0.15166666666666667,0.8483333333333333,0.3173913043478261,0.5760869565217391,0.8021739130434783
mistral7b_v03,hellaswag,hidden_summary_only__logreg,594.8,0.16014404618706932,0.10689640907041384,0.053247637116655464,0.255,0.745,0.19444444444444445,0.8055555555555556,0.11833333333333333,0.8816666666666666,0.33478260869565213,0.6195652173913043,0.8456521739130436
mistral7b_v03,hellaswag,hidden_summary_only__mlp,594.8,0.17638380620317565,0.12313616908652017,0.053247637116655464,0.2525,0.7474999999999999,0.19666666666666666,0.8033333333333333,0.15833333333333335,0.8416666666666666,0.341304347826087,0.6152173913043478,0.7934782608695652
mistral7b_v03,hellaswag,pca_hidden_embeddings__extratrees,594.8,0.14757188376238012,0.09432424664572463,0.053247637116655464,0.24500000000000002,0.755,0.1811111111111111,0.8188888888888888,0.1,0.9,0.36086956521739133,0.6456521739130434,0.8695652173913043
mistral7b_v03,hellaswag,pca_hidden_embeddings__hgb,594.8,0.1794864513317258,0.12623881421507033,0.053247637116655464,0.2575,0.7424999999999999,0.2188888888888889,0.7811111111111111,0.1683333333333333,0.8316666666666667,0.3282608695652174,0.5717391304347826,0.7804347826086957
mistral7b_v03,hellaswag,pca_hidden_embeddings__logreg,594.8,0.15639725334142945,0.10314961622477396,0.053247637116655464,0.25166666666666665,0.7483333333333333,0.19111111111111112,0.8088888888888889,0.11833333333333333,0.8816666666666666,0.34347826086956523,0.6260869565217392,0.8456521739130436
mistral7b_v03,hellaswag,pca_hidden_embeddings__mlp,594.8,0.20843022719507664,0.15518259007842117,0.053247637116655464,0.26833333333333337,0.7316666666666667,0.22888888888888886,0.7711111111111111,0.195,0.805,0.3,0.5521739130434782,0.7456521739130435
mistral7b_v03,mmlu_all,cheap_confidence_option__extratrees,594.8,0.22337965329324114,0.12749177615536403,0.09588787713787712,0.3525,0.6475,0.2866666666666667,0.7133333333333334,0.16333333333333333,0.8366666666666667,0.3008264462809917,0.5735537190082645,0.8380165289256197
mistral7b_v03,mmlu_all,cheap_confidence_option__hgb,594.8,0.2427692974410789,0.14688142030320178,0.09588787713787712,0.36666666666666664,0.6333333333333333,0.3144444444444444,0.6855555555555556,0.21333333333333332,0.7866666666666667,0.2727272727272727,0.5322314049586777,0.7884297520661157
mistral7b_v03,mmlu_all,cheap_confidence_option__logreg,594.8,0.21967137755969018,0.12378350042181305,0.09588787713787712,0.3416666666666667,0.6583333333333333,0.26555555555555554,0.7344444444444445,0.15166666666666667,0.8483333333333334,0.32231404958677684,0.6049586776859505,0.849586776859504
mistral7b_v03,mmlu_all,cheap_confidence_option__mlp,594.8,0.22939614122679025,0.1335082640889131,0.09588787713787712,0.3458333333333333,0.6541666666666667,0.2644444444444444,0.7355555555555556,0.16,0.8400000000000001,0.3140495867768595,0.6066115702479339,0.8413223140495868
mistral7b_v03,mmlu_all,cheap_plus_hidden_summary__extratrees,594.8,0.20679957201823335,0.11091169488035627,0.09588787713787712,0.34249999999999997,0.6575,0.2577777777777778,0.7422222222222222,0.13166666666666665,0.8683333333333334,0.32066115702479336,0.6165289256198347,0.8694214876033058
mistral7b_v03,mmlu_all,cheap_plus_hidden_summary__hgb,594.8,0.22293590883106643,0.12704803169318932,0.09588787713787712,0.34833333333333333,0.6516666666666666,0.2777777777777778,0.7222222222222222,0.17666666666666667,0.8233333333333335,0.3090909090909091,0.5867768595041323,0.824793388429752
mistral7b_v03,mmlu_all,cheap_plus_hidden_summary__logreg,594.8,0.2204913317714731,0.12460345463359594,0.09588787713787712,0.3375,0.6625,0.2577777777777778,0.7422222222222222,0.15333333333333332,0.8466666666666667,0.3305785123966942,0.6165289256198347,0.8479338842975206
mistral7b_v03,mmlu_all,cheap_plus_hidden_summary__mlp,594.8,0.21189440240389504,0.11600652526601793,0.09588787713787712,0.335,0.665,0.24666666666666667,0.7533333333333333,0.15666666666666668,0.8433333333333334,0.3355371900826446,0.6330578512396694,0.8446280991735537
mistral7b_v03,mmlu_all,cheap_plus_pca_hidden__extratrees,594.8,0.20155728375776846,0.10566940661989135,0.09588787713787712,0.3408333333333333,0.6591666666666667,0.2577777777777778,0.7422222222222222,0.13833333333333334,0.8616666666666667,0.3239669421487603,0.6165289256198347,0.8628099173553719
mistral7b_v03,mmlu_all,cheap_plus_pca_hidden__hgb,594.8,0.21752674115661494,0.12163886401873783,0.09588787713787712,0.3458333333333333,0.6541666666666666,0.2822222222222222,0.7177777777777778,0.18,0.82,0.31404958677685946,0.5801652892561984,0.8214876033057852
mistral7b_v03,mmlu_all,cheap_plus_pca_hidden__logreg,594.8,0.21883574665825875,0.12294786952038164,0.09588787713787712,0.355,0.6449999999999999,0.2733333333333333,0.7266666666666667,0.16833333333333333,0.8316666666666667,0.2958677685950413,0.5933884297520662,0.8330578512396695
mistral7b_v03,mmlu_all,cheap_plus_pca_hidden__mlp,594.8,0.2233761487638782,0.1274882716260011,0.09588787713787712,0.3433333333333334,0.6566666666666666,0.27,0.73,0.175,0.825,0.31900826446280994,0.5983471074380166,0.8264462809917357
mistral7b_v03,mmlu_all,direct_pmax,594.8,0.21446822120385275,0.11858034406597566,0.09588787713787712,0.33666666666666667,0.6633333333333333,0.2544444444444444,0.7455555555555555,0.16166666666666668,0.8383333333333333,0.3322314049586777,0.6214876033057851,0.8396694214876034
mistral7b_v03,mmlu_all,hidden_summary_only__extratrees,594.8,0.23164426937550514,0.135756392237628,0.09588787713787712,0.3458333333333333,0.6541666666666666,0.2588888888888889,0.7411111111111112,0.195,0.805,0.3140495867768595,0.6148760330578512,0.8066115702479338
mistral7b_v03,mmlu_all,hidden_summary_only__hgb,594.8,0.25989799320906853,0.16401011607119145,0.09588787713787712,0.355,0.6449999999999999,0.2911111111111111,0.7088888888888889,0.22999999999999998,0.77,0.2958677685950413,0.5669421487603306,0.771900826446281
mistral7b_v03,mmlu_all,hidden_summary_only__logreg,594.8,0.23849767563778843,0.14260979849991134,0.09588787713787712,0.3433333333333334,0.6566666666666666,0.2611111111111111,0.7388888888888889,0.18666666666666668,0.8133333333333332,0.31900826446280994,0.6115702479338843,0.8148760330578513
mistral7b_v03,mmlu_all,hidden_summary_only__mlp,594.8,0.23404188083459543,0.13815400369671832,0.09588787713787712,0.34249999999999997,0.6575,0.27111111111111114,0.7288888888888889,0.19833333333333333,0.8016666666666665,0.32066115702479336,0.596694214876033,0.803305785123967
mistral7b_v03,mmlu_all,pca_hidden_embeddings__extratrees,594.8,0.21016545695377284,0.11427757981589573,0.09588787713787712,0.33666666666666667,0.6633333333333333,0.2655555555555556,0.7344444444444445,0.16499999999999998,0.835,0.3322314049586777,0.6049586776859505,0.8363636363636363
mistral7b_v03,mmlu_all,pca_hidden_embeddings__hgb,594.8,0.2286715689947223,0.13278369185684516,0.09588787713787712,0.34500000000000003,0.655,0.29,0.7100000000000001,0.18833333333333332,0.8116666666666668,0.31570247933884293,0.568595041322314,0.8132231404958677
mistral7b_v03,mmlu_all,pca_hidden_embeddings__logreg,594.8,0.21914492772858885,0.12325705059071172,0.09588787713787712,0.3416666666666667,0.6583333333333334,0.27222222222222225,0.7277777777777777,0.17,0.8300000000000001,0.32231404958677684,0.5950413223140496,0.8314049586776859
mistral7b_v03,mmlu_all,pca_hidden_embeddings__mlp,594.8,0.2248041319370989,0.1289162547992218,0.09588787713787712,0.3491666666666667,0.6508333333333333,0.27555555555555555,0.7244444444444444,0.185,0.8150000000000001,0.3074380165289256,0.5900826446280992,0.8165289256198347
olmo2_7b_instruct,arc_challenge,cheap_confidence_option__extratrees,594.8,0.13529777633873402,0.09460305998358573,0.04069471635514828,0.18611111111111112,0.8138888888888889,0.1074074074074074,0.8925925925925926,0.1,0.9,0.4416666666666666,0.7583333333333334,0.85
olmo2_7b_instruct,arc_challenge,cheap_confidence_option__hgb,594.8,0.15818487372256032,0.11749015736741204,0.04069471635514828,0.2111111111111111,0.788888888888889,0.137037037037037,0.8629629629629629,0.12777777777777777,0.8722222222222221,0.36666666666666664,0.6916666666666667,0.8083333333333333
olmo2_7b_instruct,arc_challenge,cheap_confidence_option__logreg,594.8,0.11800646422624206,0.07731174787109378,0.04069471635514828,0.175,0.825,0.13333333333333333,0.8666666666666668,0.08888888888888888,0.9111111111111111,0.475,0.7,0.8666666666666666
olmo2_7b_instruct,arc_challenge,cheap_confidence_option__mlp,594.8,0.13493862550916286,0.09424390915401457,0.04069471635514828,0.18888888888888888,0.8111111111111111,0.15925925925925927,0.8407407407407408,0.12777777777777777,0.8722222222222221,0.4333333333333333,0.6416666666666667,0.8083333333333333
olmo2_7b_instruct,arc_challenge,cheap_plus_hidden_summary__extratrees,594.8,0.11736795371772182,0.07667323736257356,0.04069471635514828,0.17777777777777776,0.8222222222222222,0.1037037037037037,0.8962962962962964,0.06666666666666667,0.9333333333333332,0.4666666666666666,0.7666666666666667,0.9
olmo2_7b_instruct,arc_challenge,cheap_plus_hidden_summary__hgb,594.8,0.14026121206048342,0.09956649570533513,0.04069471635514828,0.19444444444444445,0.8055555555555556,0.15185185185185185,0.8481481481481481,0.11111111111111112,0.888888888888889,0.4166666666666667,0.6583333333333333,0.8333333333333334
olmo2_7b_instruct,arc_challenge,cheap_plus_hidden_summary__logreg,594.8,0.14332916698126694,0.10263445062611867,0.04069471635514828,0.18888888888888888,0.8111111111111111,0.14814814814814814,0.8518518518518519,0.13333333333333333,0.8666666666666666,0.4333333333333333,0.6666666666666667,0.8
olmo2_7b_instruct,arc_challenge,cheap_plus_hidden_summary__mlp,594.8,0.14806811995961003,0.10737340360446175,0.04069471635514828,0.19444444444444445,0.8055555555555556,0.17777777777777776,0.8222222222222222,0.1388888888888889,0.861111111111111,0.4166666666666667,0.6,0.7916666666666667
olmo2_7b_instruct,arc_challenge,cheap_plus_pca_hidden__extratrees,594.8,0.11006049696918571,0.06936578061403745,0.04069471635514828,0.16666666666666669,0.8333333333333334,0.1,0.9,0.08888888888888888,0.9111111111111111,0.5,0.775,0.8666666666666666
olmo2_7b_instruct,arc_challenge,cheap_plus_pca_hidden__hgb,594.8,0.11645856832598353,0.07576385197083527,0.04069471635514828,0.16666666666666669,0.8333333333333334,0.11111111111111112,0.888888888888889,0.1,0.9,0.5,0.75,0.85
olmo2_7b_instruct,arc_challenge,cheap_plus_pca_hidden__logreg,594.8,0.12478560549631657,0.08409088914116827,0.04069471635514828,0.18611111111111112,0.8138888888888889,0.15925925925925927,0.8407407407407408,0.11111111111111112,0.888888888888889,0.4416666666666667,0.6416666666666667,0.8333333333333334
olmo2_7b_instruct,arc_challenge,cheap_plus_pca_hidden__mlp,594.8,0.14546025576418312,0.10476553940903484,0.04069471635514828,0.20555555555555557,0.7944444444444445,0.17777777777777776,0.8222222222222223,0.11111111111111112,0.888888888888889,0.38333333333333336,0.6,0.8333333333333334
olmo2_7b_instruct,arc_challenge,direct_pmax,594.8,0.11731196720918777,0.0766172508540395,0.04069471635514828,0.17777777777777776,0.8222222222222222,0.0962962962962963,0.9037037037037037,0.07777777777777778,0.9222222222222222,0.4666666666666667,0.7833333333333334,0.8833333333333334
olmo2_7b_instruct,arc_challenge,hidden_summary_only__extratrees,594.8,0.16342626563967808,0.12273154928452981,0.04069471635514828,0.20555555555555555,0.7944444444444445,0.15555555555555553,0.8444444444444444,0.14444444444444443,0.8555555555555555,0.38333333333333336,0.65,0.7833333333333333
olmo2_7b_instruct,arc_challenge,hidden_summary_only__hgb,594.8,0.19327569976072528,0.152580983405577,0.04069471635514828,0.21388888888888888,0.7861111111111111,0.16296296296296295,0.837037037037037,0.15555555555555553,0.8444444444444444,0.3583333333333333,0.6333333333333333,0.7666666666666667
olmo2_7b_instruct,arc_challenge,hidden_summary_only__logreg,594.8,0.16688589307469354,0.12619117671954524,0.04069471635514828,0.20277777777777778,0.7972222222222223,0.17777777777777776,0.8222222222222222,0.14444444444444443,0.8555555555555555,0.39166666666666666,0.6,0.7833333333333333
olmo2_7b_instruct,arc_challenge,hidden_summary_only__mlp,594.8,0.25180445295660525,0.211109736601457,0.04069471635514828,0.23055555555555554,0.7694444444444445,0.22962962962962963,0.7703703703703704,0.24444444444444446,0.7555555555555555,0.30833333333333335,0.4833333333333333,0.6333333333333333
olmo2_7b_instruct,arc_challenge,pca_hidden_embeddings__extratrees,594.8,0.12746885350938972,0.08677413715424145,0.04069471635514828,0.18888888888888888,0.8111111111111111,0.13333333333333333,0.8666666666666666,0.07222222222222222,0.9277777777777777,0.4333333333333333,0.7,0.8916666666666666
olmo2_7b_instruct,arc_challenge,pca_hidden_embeddings__hgb,594.8,0.1434621906072051,0.10276747425205683,0.04069471635514828,0.2111111111111111,0.788888888888889,0.15925925925925927,0.8407407407407408,0.11111111111111112,0.888888888888889,0.36666666666666664,0.6416666666666667,0.8333333333333334
olmo2_7b_instruct,arc_challenge,pca_hidden_embeddings__logreg,594.8,0.13390764079376893,0.09321292443862067,0.04069471635514828,0.18888888888888888,0.8111111111111111,0.15185185185185185,0.8481481481481481,0.1222222222222222,0.8777777777777779,0.4333333333333333,0.6583333333333333,0.8166666666666667
olmo2_7b_instruct,arc_challenge,pca_hidden_embeddings__mlp,594.8,0.23859293997835634,0.1978982236232081,0.04069471635514828,0.25833333333333336,0.7416666666666666,0.24814814814814815,0.7518518518518519,0.24444444444444446,0.7555555555555555,0.225,0.4416666666666667,0.6333333333333334
olmo2_7b_instruct,commonsenseqa,cheap_confidence_option__extratrees,594.8,0.12633331392265368,0.08562275011949472,0.04071056380315897,0.1975,0.8025,0.12444444444444444,0.8755555555555556,0.08166666666666667,0.9183333333333333,0.4148148148148148,0.7234567901234568,0.8790123456790123
olmo2_7b_instruct,commonsenseqa,cheap_confidence_option__hgb,594.8,0.1417069086146049,0.10099634481144593,0.04071056380315897,0.21916666666666665,0.7808333333333334,0.1488888888888889,0.8511111111111112,0.10833333333333332,0.8916666666666666,0.35061728395061725,0.6691358024691357,0.8395061728395061
olmo2_7b_instruct,commonsenseqa,cheap_confidence_option__logreg,594.8,0.1305522044675989,0.08984164066443992,0.04071056380315897,0.19249999999999998,0.8074999999999999,0.12555555555555556,0.8744444444444444,0.08666666666666666,0.9133333333333333,0.4296296296296296,0.7209876543209877,0.8716049382716049
olmo2_7b_instruct,commonsenseqa,cheap_confidence_option__mlp,594.8,0.14072221137585328,0.10001164757269429,0.04071056380315897,0.1925,0.8074999999999999,0.13,0.8699999999999999,0.10500000000000001,0.8949999999999999,0.4296296296296296,0.711111111111111,0.8444444444444444
olmo2_7b_instruct,commonsenseqa,cheap_plus_hidden_summary__extratrees,594.8,0.1296568285820909,0.08894626477893194,0.04071056380315897,0.195,0.805,0.1288888888888889,0.8711111111111111,0.08499999999999999,0.915,0.4222222222222222,0.7135802469135802,0.874074074074074
olmo2_7b_instruct,commonsenseqa,cheap_plus_hidden_summary__hgb,594.8,0.14882129671331373,0.10811073291015479,0.04071056380315897,0.21333333333333332,0.7866666666666667,0.15444444444444444,0.8455555555555556,0.12,0.8800000000000001,0.36790123456790125,0.6567901234567901,0.8222222222222222
olmo2_7b_instruct,commonsenseqa,cheap_plus_hidden_summary__logreg,594.8,0.13343143541558722,0.09272087161242827,0.04071056380315897,0.19416666666666665,0.8058333333333334,0.13666666666666666,0.8633333333333333,0.09833333333333334,0.9016666666666667,0.42469135802469127,0.6962962962962963,0.8543209876543211
olmo2_7b_instruct,commonsenseqa,cheap_plus_hidden_summary__mlp,594.8,0.1426033560951008,0.10189279229194184,0.04071056380315897,0.19333333333333333,0.8066666666666666,0.13999999999999999,0.86,0.09833333333333334,0.9016666666666666,0.4271604938271604,0.6888888888888889,0.8543209876543209
olmo2_7b_instruct,commonsenseqa,cheap_plus_pca_hidden__extratrees,594.8,0.12270064482504402,0.08199008102188504,0.04071056380315897,0.1925,0.8074999999999999,0.12999999999999998,0.8699999999999999,0.08833333333333333,0.9116666666666667,0.4296296296296296,0.711111111111111,0.8691358024691358
olmo2_7b_instruct,commonsenseqa,cheap_plus_pca_hidden__hgb,594.8,0.13475421812858684,0.09404365432542788,0.04071056380315897,0.20916666666666667,0.7908333333333333,0.13666666666666666,0.8633333333333333,0.1,0.9,0.3802469135802469,0.6962962962962963,0.8518518518518519
olmo2_7b_instruct,commonsenseqa,cheap_plus_pca_hidden__logreg,594.8,0.1284870760007063,0.08777651219754734,0.04071056380315897,0.19666666666666668,0.8033333333333333,0.13999999999999999,0.86,0.10333333333333335,0.8966666666666667,0.41728395061728396,0.6888888888888889,0.8469135802469137
olmo2_7b_instruct,commonsenseqa,cheap_plus_pca_hidden__mlp,594.8,0.12198694108105113,0.08127637727789216,0.04071056380315897,0.19083333333333333,0.8091666666666667,0.12555555555555556,0.8744444444444444,0.08333333333333334,0.9166666666666666,0.4345679012345679,0.7209876543209877,0.8765432098765432
olmo2_7b_instruct,commonsenseqa,direct_pmax,594.8,0.13459244282273136,0.09388187901957241,0.04071056380315897,0.18666666666666668,0.8133333333333332,0.13555555555555557,0.8644444444444443,0.11499999999999999,0.885,0.4469135802469135,0.6987654320987654,0.8296296296296296
olmo2_7b_instruct,commonsenseqa,hidden_summary_only__extratrees,594.8,0.18772251201638693,0.147011948213228,0.04071056380315897,0.22583333333333333,0.7741666666666667,0.19777777777777777,0.8022222222222222,0.15166666666666667,0.8483333333333334,0.33086419753086416,0.5604938271604938,0.7753086419753086
olmo2_7b_instruct,commonsenseqa,hidden_summary_only__hgb,594.8,0.1933045095409726,0.15259394573781365,0.04071056380315897,0.2325,0.7675,0.20666666666666664,0.7933333333333333,0.18,0.82,0.31111111111111106,0.5407407407407407,0.7333333333333333
olmo2_7b_instruct,commonsenseqa,hidden_summary_only__logreg,594.8,0.17292275261931453,0.13221218881615557,0.04071056380315897,0.20166666666666666,0.7983333333333333,0.1622222222222222,0.8377777777777778,0.15166666666666667,0.8483333333333334,0.4024691358024691,0.6395061728395062,0.7753086419753086
olmo2_7b_instruct,commonsenseqa,hidden_summary_only__mlp,594.8,0.2519190019099281,0.21120843810676915,0.04071056380315897,0.25666666666666665,0.7433333333333334,0.2533333333333333,0.7466666666666667,0.25166666666666665,0.7483333333333333,0.23950617283950618,0.437037037037037,0.6271604938271604
olmo2_7b_instruct,commonsenseqa,pca_hidden_embeddings__extratrees,594.8,0.13884380107970345,0.09813323727654452,0.04071056380315897,0.21333333333333332,0.7866666666666667,0.15,0.85,0.10666666666666666,0.8933333333333333,0.36790123456790125,0.6666666666666667,0.8419753086419753
olmo2_7b_instruct,commonsenseqa,pca_hidden_embeddings__hgb,594.8,0.1565020885026182,0.11579152469945926,0.04071056380315897,0.21583333333333332,0.7841666666666667,0.16999999999999998,0.8300000000000001,0.13499999999999998,0.865,0.36049382716049383,0.6222222222222222,0.8
olmo2_7b_instruct,commonsenseqa,pca_hidden_embeddings__logreg,594.8,0.1337996841910848,0.09308912038792583,0.04071056380315897,0.19666666666666668,0.8033333333333333,0.1488888888888889,0.8511111111111112,0.09833333333333334,0.9016666666666666,0.41728395061728396,0.6691358024691357,0.8543209876543209
olmo2_7b_instruct,commonsenseqa,pca_hidden_embeddings__mlp,594.8,0.1975527055169791,0.15684214171382013,0.04071056380315897,0.23833333333333334,0.7616666666666667,0.20777777777777776,0.7922222222222223,0.195,0.805,0.2938271604938271,0.5382716049382716,0.711111111111111
olmo2_7b_instruct,hellaswag,cheap_confidence_option__extratrees,594.8,0.23132686807408948,0.1502389305539069,0.08108793752018252,0.31,0.6900000000000001,0.25999999999999995,0.74,0.2066666666666667,0.7933333333333333,0.33571428571428574,0.5821428571428571,0.7785714285714286
olmo2_7b_instruct,hellaswag,cheap_confidence_option__hgb,594.8,0.24765579493721318,0.16656785741703065,0.08108793752018252,0.31833333333333336,0.6816666666666666,0.2811111111111111,0.7188888888888889,0.2416666666666667,0.7583333333333334,0.3178571428571429,0.5482142857142858,0.7410714285714286
olmo2_7b_instruct,hellaswag,cheap_confidence_option__logreg,594.8,0.2416869397008957,0.16059900218071319,0.08108793752018252,0.30833333333333335,0.6916666666666667,0.2511111111111111,0.7488888888888889,0.19166666666666668,0.8083333333333333,0.3392857142857143,0.5964285714285714,0.7946428571428571
olmo2_7b_instruct,hellaswag,cheap_confidence_option__mlp,594.8,0.23734400621882243,0.15625606869863992,0.08108793752018252,0.3166666666666667,0.6833333333333333,0.2511111111111111,0.7488888888888889,0.20166666666666666,0.7983333333333333,0.32142857142857145,0.5964285714285714,0.7839285714285714
olmo2_7b_instruct,hellaswag,cheap_plus_hidden_summary__extratrees,594.8,0.20455483105141953,0.123466893531237,0.08108793752018252,0.30333333333333334,0.6966666666666667,0.2311111111111111,0.768888888888889,0.16499999999999998,0.835,0.35,0.6285714285714286,0.8232142857142858
olmo2_7b_instruct,hellaswag,cheap_plus_hidden_summary__hgb,594.8,0.22137501380658517,0.14028707628640266,0.08108793752018252,0.3175,0.6825,0.25999999999999995,0.74,0.18833333333333332,0.8116666666666668,0.3196428571428571,0.5821428571428571,0.7982142857142858
olmo2_7b_instruct,hellaswag,cheap_plus_hidden_summary__logreg,594.8,0.21438908975708587,0.13330115223690336,0.08108793752018252,0.30166666666666664,0.6983333333333334,0.2422222222222222,0.7577777777777778,0.17666666666666667,0.8233333333333335,0.35357142857142854,0.6107142857142858,0.8107142857142857
olmo2_7b_instruct,hellaswag,cheap_plus_hidden_summary__mlp,594.8,0.22623514016523014,0.14514720264504763,0.08108793752018252,0.31083333333333335,0.6891666666666667,0.2577777777777778,0.7422222222222222,0.18333333333333335,0.8166666666666668,0.33392857142857146,0.5857142857142856,0.8035714285714285
olmo2_7b_instruct,hellaswag,cheap_plus_pca_hidden__extratrees,594.8,0.21010793526975519,0.12901999774957268,0.08108793752018252,0.30583333333333335,0.6941666666666666,0.23333333333333334,0.7666666666666667,0.16333333333333333,0.8366666666666667,0.34464285714285714,0.625,0.825
olmo2_7b_instruct,hellaswag,cheap_plus_pca_hidden__hgb,594.8,0.21689810539791193,0.1358101678777294,0.08108793752018252,0.31,0.6900000000000001,0.2422222222222222,0.7577777777777778,0.17166666666666666,0.8283333333333334,0.33571428571428574,0.6107142857142857,0.8160714285714287
olmo2_7b_instruct,hellaswag,cheap_plus_pca_hidden__logreg,594.8,0.2181850959529345,0.137097158432752,0.08108793752018252,0.2975,0.7024999999999999,0.2311111111111111,0.7688888888888888,0.18833333333333332,0.8116666666666668,0.3625,0.6285714285714286,0.7982142857142857
olmo2_7b_instruct,hellaswag,cheap_plus_pca_hidden__mlp,594.8,0.23932610101765794,0.15823816349747544,0.08108793752018252,0.31416666666666665,0.6858333333333333,0.26999999999999996,0.73,0.19833333333333333,0.8016666666666665,0.3267857142857143,0.5660714285714286,0.7875
olmo2_7b_instruct,hellaswag,direct_pmax,594.8,0.24522342356115798,0.16413548604097547,0.08108793752018252,0.31666666666666665,0.6833333333333333,0.27111111111111114,0.7288888888888889,0.2,0.8,0.32142857142857145,0.5642857142857143,0.7857142857142857
olmo2_7b_instruct,hellaswag,hidden_summary_only__extratrees,594.8,0.24481388410630683,0.16372594658612433,0.08108793752018252,0.33666666666666667,0.6633333333333333,0.2966666666666667,0.7033333333333334,0.23833333333333334,0.7616666666666667,0.2785714285714286,0.5232142857142856,0.7446428571428572
olmo2_7b_instruct,hellaswag,hidden_summary_only__hgb,594.8,0.269216416626673,0.1881284791064905,0.08108793752018252,0.3416666666666667,0.6583333333333333,0.3111111111111111,0.6888888888888889,0.27166666666666667,0.7283333333333333,0.2678571428571429,0.5,0.7089285714285715
olmo2_7b_instruct,hellaswag,hidden_summary_only__logreg,594.8,0.25865812486551126,0.17757018734532876,0.08108793752018252,0.3208333333333333,0.6791666666666667,0.28222222222222226,0.7177777777777777,0.24500000000000002,0.755,0.3125,0.5464285714285715,0.7375
olmo2_7b_instruct,hellaswag,hidden_summary_only__mlp,594.8,0.2682369045905397,0.1871489670703572,0.08108793752018252,0.34249999999999997,0.6575,0.3011111111111111,0.6988888888888889,0.25166666666666665,0.7483333333333333,0.26607142857142857,0.5160714285714285,0.7303571428571429
olmo2_7b_instruct,hellaswag,pca_hidden_embeddings__extratrees,594.8,0.2152065379114853,0.1341186003913028,0.08108793752018252,0.3025,0.6975,0.24888888888888888,0.7511111111111111,0.18333333333333335,0.8166666666666668,0.35178571428571426,0.6,0.8035714285714285
olmo2_7b_instruct,hellaswag,pca_hidden_embeddings__hgb,594.8,0.2391505301572506,0.15806259263706807,0.08108793752018252,0.32416666666666666,0.6758333333333334,0.27222222222222225,0.7277777777777777,0.22166666666666668,0.7783333333333333,0.3053571428571429,0.5625,0.7625
olmo2_7b_instruct,hellaswag,pca_hidden_embeddings__logreg,594.8,0.22205924528017312,0.14097130775999062,0.08108793752018252,0.31083333333333335,0.6891666666666667,0.2511111111111111,0.7488888888888889,0.19166666666666665,0.8083333333333333,0.33392857142857146,0.5964285714285714,0.7946428571428571
olmo2_7b_instruct,hellaswag,pca_hidden_embeddings__mlp,594.8,0.26902908178611823,0.18794114426593575,0.08108793752018252,0.32999999999999996,0.67,0.29222222222222227,0.7077777777777777,0.265,0.735,0.29285714285714287,0.5303571428571429,0.7160714285714287
olmo2_7b_instruct,mmlu_all,cheap_confidence_option__extratrees,594.8,0.25392642808926735,0.1319879527416651,0.12193847534760223,0.4116666666666666,0.5883333333333333,0.33222222222222225,0.6677777777777778,0.21333333333333332,0.7866666666666666,0.26814814814814814,0.557037037037037,0.8103703703703704
olmo2_7b_instruct,mmlu_all,cheap_confidence_option__hgb,594.8,0.2679991980242675,0.1460607226766653,0.12193847534760223,0.4133333333333334,0.5866666666666667,0.34444444444444444,0.6555555555555556,0.2316666666666667,0.7683333333333333,0.2651851851851852,0.5407407407407407,0.794074074074074
olmo2_7b_instruct,mmlu_all,cheap_confidence_option__logreg,594.8,0.2531540747870645,0.13121559943946223,0.12193847534760223,0.3825,0.6175,0.3111111111111111,0.6888888888888889,0.2166666666666667,0.7833333333333334,0.32,0.5851851851851853,0.8074074074074075
olmo2_7b_instruct,mmlu_all,cheap_confidence_option__mlp,594.8,0.255921831492506,0.1339833561449038,0.12193847534760223,0.38666666666666666,0.6133333333333334,0.3244444444444444,0.6755555555555556,0.2,0.8,0.3125925925925926,0.5674074074074074,0.8222222222222222
olmo2_7b_instruct,mmlu_all,cheap_plus_hidden_summary__extratrees,594.8,0.2436136057122859,0.12167513036468372,0.12193847534760223,0.38583333333333336,0.6141666666666666,0.3177777777777778,0.6822222222222222,0.18833333333333332,0.8116666666666668,0.31407407407407406,0.5762962962962963,0.8325925925925926
olmo2_7b_instruct,mmlu_all,cheap_plus_hidden_summary__hgb,594.8,0.2570241440849295,0.13508566873732733,0.12193847534760223,0.40499999999999997,0.595,0.32555555555555554,0.6744444444444444,0.21000000000000002,0.79,0.27999999999999997,0.5659259259259259,0.8133333333333332
olmo2_7b_instruct,mmlu_all,cheap_plus_hidden_summary__logreg,594.8,0.2550442850070925,0.13310580965949026,0.12193847534760223,0.3975,0.6025,0.31555555555555553,0.6844444444444444,0.19833333333333333,0.8016666666666665,0.29333333333333333,0.5792592592592593,0.8237037037037037
olmo2_7b_instruct,mmlu_all,cheap_plus_hidden_summary__mlp,594.8,0.26043492757858966,0.13849645223098747,0.12193847534760223,0.3958333333333333,0.6041666666666667,0.32333333333333336,0.6766666666666666,0.19833333333333333,0.8016666666666667,0.2962962962962963,0.5688888888888889,0.8237037037037037
olmo2_7b_instruct,mmlu_all,cheap_plus_pca_hidden__extratrees,594.8,0.24548667754919046,0.12354820220158824,0.12193847534760223,0.38916666666666666,0.6108333333333333,0.32999999999999996,0.67,0.18833333333333332,0.8116666666666668,0.30814814814814817,0.5599999999999999,0.8325925925925926
olmo2_7b_instruct,mmlu_all,cheap_plus_pca_hidden__hgb,594.8,0.2527801137464851,0.13084163839888288,0.12193847534760223,0.3975,0.6025,0.32333333333333336,0.6766666666666666,0.20833333333333331,0.7916666666666666,0.29333333333333333,0.5688888888888889,0.8148148148148149
olmo2_7b_instruct,mmlu_all,cheap_plus_pca_hidden__logreg,594.8,0.2473091175892555,0.12537064224165326,0.12193847534760223,0.39666666666666667,0.6033333333333333,0.3188888888888889,0.6811111111111112,0.20166666666666666,0.7983333333333333,0.2948148148148148,0.5748148148148149,0.8207407407407408
olmo2_7b_instruct,mmlu_all,cheap_plus_pca_hidden__mlp,594.8,0.2576448846110206,0.13570640926341843,0.12193847534760223,0.39666666666666667,0.6033333333333333,0.3288888888888889,0.6711111111111111,0.2,0.8,0.2948148148148148,0.5614814814814815,0.8222222222222222
olmo2_7b_instruct,mmlu_all,direct_pmax,594.8,0.25010852503219755,0.12817004968459528,0.12193847534760223,0.395,0.6050000000000001,0.32,0.6799999999999999,0.21000000000000002,0.79,0.2977777777777778,0.5733333333333334,0.8133333333333332
olmo2_7b_instruct,mmlu_all,hidden_summary_only__extratrees,594.8,0.2756760123481998,0.1537375370005976,0.12193847534760223,0.4025,0.5974999999999999,0.3277777777777778,0.6722222222222223,0.22833333333333333,0.7716666666666667,0.2844444444444444,0.562962962962963,0.7970370370370371
olmo2_7b_instruct,mmlu_all,hidden_summary_only__hgb,594.8,0.2911391296418825,0.16920065429428024,0.12193847534760223,0.4091666666666667,0.5908333333333333,0.3511111111111111,0.6488888888888888,0.27,0.73,0.2725925925925926,0.5318518518518518,0.76
olmo2_7b_instruct,mmlu_all,hidden_summary_only__logreg,594.8,0.2817454358689852,0.159806960521383,0.12193847534760223,0.4008333333333334,0.5991666666666667,0.3277777777777778,0.6722222222222223,0.225,0.775,0.28740740740740744,0.562962962962963,0.8
olmo2_7b_instruct,mmlu_all,hidden_summary_only__mlp,594.8,0.31316187970399,0.19122340435638777,0.12193847534760223,0.40750000000000003,0.5925,0.3555555555555555,0.6444444444444445,0.27666666666666667,0.7233333333333334,0.27555555555555555,0.5259259259259259,0.7540740740740741
olmo2_7b_instruct,mmlu_all,pca_hidden_embeddings__extratrees,594.8,0.2515020777480582,0.129563602400456,0.12193847534760223,0.39166666666666666,0.6083333333333334,0.3288888888888889,0.6711111111111111,0.19833333333333333,0.8016666666666665,0.3037037037037037,0.5614814814814815,0.8237037037037037
olmo2_7b_instruct,mmlu_all,pca_hidden_embeddings__hgb,594.8,0.2672796061129571,0.14534113076535485,0.12193847534760223,0.395,0.6050000000000001,0.3388888888888889,0.6611111111111111,0.22666666666666666,0.7733333333333333,0.2977777777777778,0.548148148148148,0.7985185185185186
olmo2_7b_instruct,mmlu_all,pca_hidden_embeddings__logreg,594.8,0.24920788557103551,0.1272694102234333,0.12193847534760223,0.40499999999999997,0.595,0.32333333333333336,0.6766666666666666,0.20833333333333334,0.7916666666666666,0.27999999999999997,0.5688888888888889,0.8148148148148149
olmo2_7b_instruct,mmlu_all,pca_hidden_embeddings__mlp,594.8,0.2739661627664981,0.1520276874188959,0.12193847534760223,0.4033333333333333,0.5966666666666667,0.32555555555555554,0.6744444444444444,0.23833333333333334,0.7616666666666667,0.28296296296296297,0.5659259259259259,0.7881481481481482
qwen25_7b,arc_challenge,cheap_confidence_option__extratrees,594.8,0.03141819365730267,0.025689274058890682,0.005728919598411986,0.0611111111111111,0.9388888888888889,0.029629629629629627,0.9703703703703704,0.02777777777777778,0.9722222222222221,0.5111111111111112,0.8222222222222222,0.888888888888889
qwen25_7b,arc_challenge,cheap_confidence_option__hgb,594.8,0.04117940817947348,0.03545048858106149,0.005728919598411986,0.061111111111111116,0.9388888888888889,0.05185185185185185,0.9481481481481481,0.03333333333333333,0.9666666666666666,0.5111111111111111,0.6888888888888889,0.8666666666666666
qwen25_7b,arc_challenge,cheap_confidence_option__logreg,594.8,0.026629718518645085,0.0209007989202331,0.005728919598411986,0.05277777777777778,0.9472222222222222,0.025925925925925925,0.9740740740740741,0.01111111111111111,0.9888888888888889,0.5777777777777777,0.8444444444444444,0.9555555555555555
qwen25_7b,arc_challenge,cheap_confidence_option__mlp,594.8,0.0889255769572792,0.08319665735886722,0.005728919598411986,0.10277777777777777,0.8972222222222221,0.08518518518518518,0.9148148148148149,0.06666666666666667,0.9333333333333332,0.17777777777777776,0.4888888888888888,0.7333333333333333
qwen25_7b,arc_challenge,cheap_plus_hidden_summary__extratrees,594.8,0.03966817828502805,0.03393925868661606,0.005728919598411986,0.04722222222222222,0.9527777777777778,0.037037037037037035,0.962962962962963,0.03888888888888888,0.961111111111111,0.6222222222222222,0.7777777777777778,0.8444444444444444
qwen25_7b,arc_challenge,cheap_plus_hidden_summary__hgb,594.8,0.06315062191204698,0.057421702313635005,0.005728919598411986,0.06388888888888888,0.9361111111111111,0.04814814814814815,0.951851851851852,0.0611111111111111,0.9388888888888889,0.48888888888888893,0.711111111111111,0.7555555555555555
qwen25_7b,arc_challenge,cheap_plus_hidden_summary__logreg,594.8,0.049761994684919736,0.04403307508650775,0.005728919598411986,0.058333333333333334,0.9416666666666667,0.05185185185185185,0.9481481481481481,0.05555555555555556,0.9444444444444444,0.5333333333333333,0.6888888888888889,0.7777777777777778
qwen25_7b,arc_challenge,cheap_plus_hidden_summary__mlp,594.8,0.10057561838087488,0.09484669878246291,0.005728919598411986,0.09722222222222222,0.9027777777777779,0.1037037037037037,0.8962962962962961,0.1,0.9,0.22222222222222224,0.37777777777777777,0.6
qwen25_7b,arc_challenge,cheap_plus_pca_hidden__extratrees,594.8,0.029281239468720726,0.02355231987030874,0.005728919598411986,0.05277777777777778,0.9472222222222222,0.03333333333333333,0.9666666666666668,0.016666666666666666,0.9833333333333334,0.5777777777777777,0.8,0.9333333333333332
qwen25_7b,arc_challenge,cheap_plus_pca_hidden__hgb,594.8,0.03482867855453398,0.029099758956121997,0.005728919598411986,0.05833333333333333,0.9416666666666667,0.03333333333333333,0.9666666666666666,0.02222222222222222,0.9777777777777779,0.5333333333333334,0.8,0.9111111111111111
qwen25_7b,arc_challenge,cheap_plus_pca_hidden__logreg,594.8,0.06318730127519814,0.05745838167678615,0.005728919598411986,0.06388888888888888,0.9361111111111111,0.06296296296296296,0.937037037037037,0.06666666666666667,0.9333333333333332,0.4888888888888888,0.6222222222222222,0.7333333333333333
qwen25_7b,arc_challenge,cheap_plus_pca_hidden__mlp,594.8,0.0887523368013156,0.08302341720290361,0.005728919598411986,0.08611111111111111,0.913888888888889,0.08518518518518518,0.9148148148148149,0.08888888888888888,0.9111111111111111,0.3111111111111111,0.48888888888888893,0.6444444444444445
qwen25_7b,arc_challenge,direct_pmax,594.8,0.047957759887402265,0.04222884028899028,0.005728919598411986,0.03611111111111111,0.9638888888888889,0.029629629629629627,0.9703703703703704,0.03888888888888888,0.961111111111111,0.711111111111111,0.8666666666666666,0.9555555555555555
qwen25_7b,arc_challenge,hidden_summary_only__extratrees,594.8,0.06092043015715125,0.05519151055873926,0.005728919598411986,0.05277777777777778,0.9472222222222222,0.04444444444444444,0.9555555555555555,0.05555555555555556,0.9444444444444444,0.5777777777777777,0.7333333333333333,0.7777777777777778
qwen25_7b,arc_challenge,hidden_summary_only__hgb,594.8,0.06775476110195192,0.06202584150353994,0.005728919598411986,0.06666666666666667,0.9333333333333333,0.05185185185185185,0.9481481481481481,0.05,0.95,0.4666666666666666,0.6888888888888889,0.8
qwen25_7b,arc_challenge,hidden_summary_only__logreg,594.8,0.06207476305727948,0.05634584345886749,0.005728919598411986,0.061111111111111116,0.9388888888888889,0.05555555555555556,0.9444444444444444,0.0611111111111111,0.9388888888888889,0.5111111111111111,0.6666666666666667,0.7555555555555555
qwen25_7b,arc_challenge,hidden_summary_only__mlp,594.8,0.16223126285256564,0.15650234325415366,0.005728919598411986,0.11388888888888889,0.8861111111111111,0.137037037037037,0.8629629629629629,0.15,0.85,0.08888888888888888,0.17777777777777776,0.4
qwen25_7b,arc_challenge,pca_hidden_embeddings__extratrees,594.8,0.04566923800845161,0.03994031841003962,0.005728919598411986,0.06388888888888888,0.9361111111111111,0.05555555555555556,0.9444444444444444,0.03333333333333333,0.9666666666666666,0.48888888888888893,0.6666666666666666,0.8666666666666666
qwen25_7b,arc_challenge,pca_hidden_embeddings__hgb,594.8,0.0465965263263383,0.04086760672792632,0.005728919598411986,0.07222222222222222,0.9277777777777778,0.05555555555555556,0.9444444444444444,0.03333333333333333,0.9666666666666666,0.4222222222222222,0.6666666666666666,0.8666666666666666
qwen25_7b,arc_challenge,pca_hidden_embeddings__logreg,594.8,0.06640976963479109,0.060680850036379096,0.005728919598411986,0.07777777777777778,0.9222222222222222,0.06666666666666667,0.9333333333333333,0.06666666666666667,0.9333333333333332,0.37777777777777777,0.6,0.7333333333333333
qwen25_7b,arc_challenge,pca_hidden_embeddings__mlp,594.8,0.09619254055170587,0.09046362095329388,0.005728919598411986,0.09166666666666666,0.9083333333333334,0.08888888888888888,0.9111111111111111,0.09444444444444444,0.9055555555555556,0.26666666666666666,0.4666666666666666,0.6222222222222222
qwen25_7b,commonsenseqa,cheap_confidence_option__extratrees,594.8,0.0653264018422007,0.0484168266340397,0.016909575208161,0.1075,0.8925000000000001,0.0611111111111111,0.9388888888888889,0.03666666666666667,0.9633333333333333,0.5132075471698113,0.7924528301886793,0.9169811320754718
qwen25_7b,commonsenseqa,cheap_confidence_option__hgb,594.8,0.07135712787926349,0.05444755267110248,0.016909575208161,0.11333333333333333,0.8866666666666667,0.07444444444444445,0.9255555555555557,0.05833333333333333,0.9416666666666667,0.4867924528301887,0.7471698113207548,0.8679245283018868
qwen25_7b,commonsenseqa,cheap_confidence_option__logreg,594.8,0.05377684081802632,0.03686726560986532,0.016909575208161,0.1,0.9,0.05111111111111111,0.9488888888888889,0.028333333333333332,0.9716666666666667,0.5471698113207547,0.8264150943396226,0.9358490566037736
qwen25_7b,commonsenseqa,cheap_confidence_option__mlp,594.8,0.06035659380610105,0.04344701859794005,0.016909575208161,0.10500000000000001,0.8949999999999999,0.05444444444444444,0.9455555555555556,0.04,0.96,0.5245283018867924,0.8150943396226416,0.909433962264151
qwen25_7b,commonsenseqa,cheap_plus_hidden_summary__extratrees,594.8,0.06048422554402054,0.04357465033585954,0.016909575208161,0.10333333333333335,0.8966666666666667,0.05444444444444444,0.9455555555555556,0.035,0.9650000000000001,0.5320754716981132,0.8150943396226416,0.9207547169811321
qwen25_7b,commonsenseqa,cheap_plus_hidden_summary__hgb,594.8,0.07073774076103415,0.053828165552873154,0.016909575208161,0.11416666666666667,0.8858333333333333,0.07222222222222222,0.9277777777777778,0.04666666666666667,0.9533333333333334,0.4830188679245283,0.7547169811320755,0.8943396226415095
qwen25_7b,commonsenseqa,cheap_plus_hidden_summary__logreg,594.8,0.06369543300890282,0.04678585780074182,0.016909575208161,0.10333333333333332,0.8966666666666667,0.06222222222222222,0.9377777777777778,0.04,0.96,0.5320754716981132,0.7886792452830189,0.909433962264151
qwen25_7b,commonsenseqa,cheap_plus_hidden_summary__mlp,594.8,0.07588675962429034,0.058977184416129355,0.016909575208161,0.11000000000000001,0.89,0.07333333333333333,0.9266666666666667,0.056666666666666664,0.9433333333333334,0.5018867924528302,0.7509433962264151,0.8716981132075471
qwen25_7b,commonsenseqa,cheap_plus_pca_hidden__extratrees,594.8,0.054371450955848624,0.03746187574768762,0.016909575208161,0.10583333333333333,0.8941666666666667,0.04777777777777777,0.9522222222222222,0.023333333333333334,0.9766666666666666,0.5207547169811321,0.8377358490566038,0.9471698113207548
qwen25_7b,commonsenseqa,cheap_plus_pca_hidden__hgb,594.8,0.06333898381538991,0.0464294086072289,0.016909575208161,0.1075,0.8924999999999998,0.061111111111111116,0.9388888888888889,0.034999999999999996,0.9650000000000001,0.5132075471698113,0.7924528301886793,0.9207547169811321
qwen25_7b,commonsenseqa,cheap_plus_pca_hidden__logreg,594.8,0.06682533624795019,0.04991576103978919,0.016909575208161,0.11416666666666667,0.8858333333333333,0.06777777777777778,0.9322222222222223,0.043333333333333335,0.9566666666666667,0.4830188679245283,0.769811320754717,0.9018867924528301
qwen25_7b,commonsenseqa,cheap_plus_pca_hidden__mlp,594.8,0.11446758856128234,0.09755801335312134,0.016909575208161,0.13166666666666665,0.8683333333333334,0.10444444444444445,0.8955555555555555,0.09666666666666666,0.9033333333333333,0.40377358490566034,0.6452830188679245,0.781132075471698
qwen25_7b,commonsenseqa,direct_pmax,594.8,0.06355319286015873,0.04664361765199772,0.016909575208161,0.11083333333333334,0.8891666666666665,0.05111111111111111,0.9488888888888889,0.028333333333333332,0.9716666666666667,0.4981132075471698,0.8226415094339623,0.9207547169811321
qwen25_7b,commonsenseqa,hidden_summary_only__extratrees,594.8,0.11108824502785572,0.09417866981969474,0.016909575208161,0.13083333333333333,0.8691666666666666,0.10444444444444445,0.8955555555555555,0.09666666666666666,0.9033333333333333,0.4075471698113208,0.6452830188679245,0.7811320754716982
qwen25_7b,commonsenseqa,hidden_summary_only__hgb,594.8,0.11942751301558048,0.10251793780741947,0.016909575208161,0.14416666666666667,0.8558333333333333,0.12666666666666665,0.8733333333333334,0.11499999999999999,0.885,0.34716981132075475,0.569811320754717,0.739622641509434
qwen25_7b,commonsenseqa,hidden_summary_only__logreg,594.8,0.09923032961462193,0.08232075440646094,0.016909575208161,0.1325,0.8675,0.09888888888888889,0.9011111111111111,0.08666666666666667,0.9133333333333333,0.4,0.6641509433962264,0.8037735849056604
qwen25_7b,commonsenseqa,hidden_summary_only__mlp,594.8,0.14266764623626804,0.12575807102810704,0.016909575208161,0.15,0.85,0.1511111111111111,0.8488888888888889,0.13333333333333336,0.8666666666666666,0.32075471698113206,0.4867924528301886,0.6981132075471698
qwen25_7b,commonsenseqa,pca_hidden_embeddings__extratrees,594.8,0.06724545819102848,0.05033588298286747,0.016909575208161,0.10916666666666668,0.8908333333333334,0.07333333333333333,0.9266666666666665,0.04,0.96,0.5056603773584906,0.750943396226415,0.909433962264151
qwen25_7b,commonsenseqa,pca_hidden_embeddings__hgb,594.8,0.08371172686568487,0.06680215165752387,0.016909575208161,0.12333333333333334,0.8766666666666666,0.08777777777777777,0.9122222222222222,0.06,0.9400000000000001,0.44150943396226416,0.7018867924528303,0.8641509433962264
qwen25_7b,commonsenseqa,pca_hidden_embeddings__logreg,594.8,0.0765805735193793,0.059670998311218304,0.016909575208161,0.11916666666666667,0.8808333333333334,0.08444444444444445,0.9155555555555555,0.056666666666666664,0.9433333333333334,0.46037735849056605,0.7132075471698113,0.8716981132075471
qwen25_7b,commonsenseqa,pca_hidden_embeddings__mlp,594.8,0.14538895404245436,0.12847937883429336,0.016909575208161,0.15666666666666668,0.8433333333333334,0.14555555555555558,0.8544444444444445,0.13,0.8699999999999999,0.2905660377358491,0.5056603773584906,0.7056603773584905
qwen25_7b,hellaswag,cheap_confidence_option__extratrees,594.8,0.03956150030728374,0.025158654799276974,0.014402845508006768,0.08249999999999999,0.9175000000000001,0.028888888888888888,0.971111111111111,0.009999999999999998,0.99,0.5959183673469388,0.8938775510204081,0.9755102040816326
qwen25_7b,hellaswag,cheap_confidence_option__hgb,594.8,0.0396625194033412,0.025259673895334435,0.014402845508006768,0.08416666666666667,0.9158333333333333,0.028888888888888888,0.9711111111111113,0.006666666666666666,0.9933333333333334,0.5877551020408164,0.8938775510204081,0.9836734693877551
qwen25_7b,hellaswag,cheap_confidence_option__logreg,594.8,0.039507636401115424,0.025104790893108665,0.014402845508006768,0.07916666666666666,0.9208333333333334,0.026666666666666665,0.9733333333333333,0.011666666666666667,0.9883333333333333,0.6122448979591837,0.9020408163265307,0.9714285714285713
qwen25_7b,hellaswag,cheap_confidence_option__mlp,594.8,0.042280643732345,0.02787779822433823,0.014402845508006768,0.08333333333333333,0.9166666666666666,0.03,0.97,0.02,0.9800000000000001,0.5918367346938775,0.889795918367347,0.9510204081632653
qwen25_7b,hellaswag,cheap_plus_hidden_summary__extratrees,594.8,0.037114260740987566,0.022711415232980797,0.014402845508006768,0.07833333333333334,0.9216666666666666,0.03222222222222222,0.9677777777777777,0.003333333333333333,0.9966666666666667,0.616326530612245,0.8816326530612244,0.9918367346938777
qwen25_7b,hellaswag,cheap_plus_hidden_summary__hgb,594.8,0.03932367553477125,0.024920830026764488,0.014402845508006768,0.07999999999999999,0.9200000000000002,0.034444444444444444,0.9655555555555555,0.003333333333333333,0.9966666666666667,0.6081632653061224,0.8734693877551021,0.9918367346938777
qwen25_7b,hellaswag,cheap_plus_hidden_summary__logreg,594.8,0.038915274698516925,0.024512429190510155,0.014402845508006768,0.07666666666666666,0.9233333333333335,0.03,0.97,0.01,0.99,0.6244897959183674,0.889795918367347,0.9755102040816326
qwen25_7b,hellaswag,cheap_plus_hidden_summary__mlp,594.8,0.05209125479988298,0.03768840929187621,0.014402845508006768,0.08333333333333333,0.9166666666666667,0.048888888888888885,0.9511111111111111,0.03166666666666666,0.9683333333333334,0.5918367346938775,0.8204081632653061,0.9224489795918368
qwen25_7b,hellaswag,cheap_plus_pca_hidden__extratrees,594.8,0.03684343519790038,0.022440589689893608,0.014402845508006768,0.07833333333333334,0.9216666666666666,0.023333333333333334,0.9766666666666668,0.008333333333333333,0.9916666666666666,0.616326530612245,0.9142857142857143,0.9795918367346939
qwen25_7b,hellaswag,cheap_plus_pca_hidden__hgb,594.8,0.03641515083475943,0.022012305326752662,0.014402845508006768,0.07916666666666666,0.9208333333333334,0.025555555555555554,0.9744444444444443,0.003333333333333333,0.9966666666666667,0.6122448979591837,0.9061224489795918,0.9918367346938777
qwen25_7b,hellaswag,cheap_plus_pca_hidden__logreg,594.8,0.04249638134513985,0.028093535837133088,0.014402845508006768,0.07583333333333334,0.9241666666666667,0.035555555555555556,0.9644444444444444,0.018333333333333333,0.9816666666666667,0.6285714285714286,0.8693877551020408,0.9551020408163264
qwen25_7b,hellaswag,cheap_plus_pca_hidden__mlp,594.8,0.054107394172892696,0.03970454866488593,0.014402845508006768,0.0875,0.9125,0.04444444444444444,0.9555555555555555,0.03166666666666666,0.9683333333333334,0.5714285714285714,0.8367346938775511,0.9224489795918368
qwen25_7b,hellaswag,direct_pmax,594.8,0.04267876128527416,0.02827591577726739,0.014402845508006768,0.08333333333333333,0.9166666666666666,0.030000000000000006,0.97,0.019999999999999997,0.9800000000000001,0.5918367346938775,0.8857142857142858,0.9469387755102041
qwen25_7b,hellaswag,hidden_summary_only__extratrees,594.8,0.04675970369711942,0.032356858189112644,0.014402845508006768,0.08666666666666667,0.9133333333333333,0.05,0.95,0.018333333333333333,0.9816666666666667,0.5755102040816327,0.8163265306122449,0.9551020408163264
qwen25_7b,hellaswag,hidden_summary_only__hgb,594.8,0.05059296221405204,0.03619011670604527,0.014402845508006768,0.095,0.905,0.05333333333333333,0.9466666666666667,0.015,0.985,0.5346938775510204,0.8040816326530612,0.963265306122449
qwen25_7b,hellaswag,hidden_summary_only__logreg,594.8,0.0507548788264721,0.036352033318465336,0.014402845508006768,0.08333333333333333,0.9166666666666666,0.05111111111111111,0.9488888888888889,0.03,0.97,0.5918367346938775,0.8122448979591838,0.926530612244898
qwen25_7b,hellaswag,hidden_summary_only__mlp,594.8,0.05874128923918871,0.04433844373118194,0.014402845508006768,0.09083333333333334,0.9091666666666667,0.06777777777777778,0.9322222222222223,0.04666666666666667,0.9533333333333334,0.5551020408163265,0.7510204081632652,0.8857142857142858
qwen25_7b,hellaswag,pca_hidden_embeddings__extratrees,594.8,0.040977726364204485,0.02657488085619772,0.014402845508006768,0.08249999999999999,0.9175000000000001,0.04,0.96,0.008333333333333333,0.9916666666666666,0.5959183673469388,0.8530612244897959,0.9795918367346939
qwen25_7b,hellaswag,pca_hidden_embeddings__hgb,594.8,0.04744632041153149,0.03304347490352473,0.014402845508006768,0.08583333333333333,0.9141666666666666,0.048888888888888885,0.9511111111111111,0.02,0.9800000000000001,0.5795918367346939,0.8204081632653061,0.9510204081632653
qwen25_7b,hellaswag,pca_hidden_embeddings__logreg,594.8,0.04362517092497433,0.029222325416967565,0.014402845508006768,0.08416666666666667,0.9158333333333333,0.03888888888888889,0.961111111111111,0.013333333333333332,0.9866666666666667,0.5877551020408164,0.8571428571428571,0.9673469387755101
qwen25_7b,hellaswag,pca_hidden_embeddings__mlp,594.8,0.10385538960324303,0.08945254409523626,0.014402845508006768,0.13333333333333333,0.8666666666666668,0.10999999999999999,0.89,0.09666666666666666,0.9033333333333333,0.3469387755102041,0.5959183673469388,0.763265306122449
qwen25_7b,mmlu_all,cheap_confidence_option__extratrees,594.8,0.1136737858103587,0.05667460226471889,0.0569991835456398,0.22000000000000003,0.78,0.12666666666666665,0.8733333333333334,0.04833333333333333,0.9516666666666665,0.4442105263157895,0.76,0.9389473684210528
qwen25_7b,mmlu_all,cheap_confidence_option__hgb,594.8,0.12344755371420683,0.06644837016856704,0.0569991835456398,0.23333333333333334,0.7666666666666667,0.14444444444444443,0.8555555555555555,0.06833333333333333,0.9316666666666666,0.41052631578947374,0.7263157894736842,0.9136842105263158
qwen25_7b,mmlu_all,cheap_confidence_option__logreg,594.8,0.10915947494395876,0.05216029139831897,0.0569991835456398,0.21333333333333332,0.7866666666666667,0.12333333333333334,0.8766666666666666,0.043333333333333335,0.9566666666666667,0.4610526315789474,0.7663157894736842,0.9452631578947368
qwen25_7b,mmlu_all,cheap_confidence_option__mlp,594.8,0.11290437199291141,0.0559051884472716,0.0569991835456398,0.21583333333333332,0.7841666666666667,0.1311111111111111,0.868888888888889,0.05833333333333333,0.9416666666666668,0.45473684210526316,0.7515789473684211,0.9263157894736842
qwen25_7b,mmlu_all,cheap_plus_hidden_summary__extratrees,594.8,0.11055459716438812,0.053555413618748306,0.0569991835456398,0.21749999999999997,0.7825,0.12,0.8800000000000001,0.04,0.96,0.45052631578947366,0.7726315789473684,0.9494736842105264
qwen25_7b,mmlu_all,cheap_plus_hidden_summary__hgb,594.8,0.11832012473751105,0.061320941191871245,0.0569991835456398,0.22916666666666666,0.7708333333333333,0.13666666666666666,0.8633333333333333,0.056666666666666664,0.9433333333333334,0.42105263157894735,0.7410526315789474,0.9284210526315789
qwen25_7b,mmlu_all,cheap_plus_hidden_summary__logreg,594.8,0.11247493713733132,0.05547575359169151,0.0569991835456398,0.21666666666666665,0.7833333333333334,0.12777777777777777,0.8722222222222221,0.05,0.95,0.4526315789473684,0.7578947368421053,0.9368421052631579
qwen25_7b,mmlu_all,cheap_plus_hidden_summary__mlp,594.8,0.11293019770082921,0.05593101415518943,0.0569991835456398,0.21666666666666665,0.7833333333333334,0.13111111111111112,0.8688888888888888,0.05500000000000001,0.945,0.4526315789473684,0.7515789473684211,0.9305263157894738
qwen25_7b,mmlu_all,cheap_plus_pca_hidden__extratrees,594.8,0.10876178949121804,0.05176260594557823,0.0569991835456398,0.21583333333333332,0.7841666666666667,0.1222222222222222,0.8777777777777779,0.04666666666666667,0.9533333333333334,0.45473684210526316,0.7684210526315789,0.9410526315789474
qwen25_7b,mmlu_all,cheap_plus_pca_hidden__hgb,594.8,0.1160156258597778,0.059016442314138017,0.0569991835456398,0.22000000000000003,0.78,0.13555555555555557,0.8644444444444443,0.06166666666666667,0.9383333333333332,0.44421052631578944,0.7431578947368421,0.9221052631578948
qwen25_7b,mmlu_all,cheap_plus_pca_hidden__logreg,594.8,0.11549703001769815,0.05849784647205834,0.0569991835456398,0.215,0.7849999999999999,0.1422222222222222,0.8577777777777778,0.058333333333333334,0.9416666666666667,0.4568421052631579,0.7305263157894737,0.9263157894736842
qwen25_7b,mmlu_all,cheap_plus_pca_hidden__mlp,594.8,0.11826425055451606,0.06126506700887626,0.0569991835456398,0.22416666666666668,0.7758333333333333,0.12333333333333334,0.8766666666666667,0.05833333333333333,0.9416666666666667,0.4336842105263158,0.7663157894736842,0.9263157894736842
qwen25_7b,mmlu_all,direct_pmax,594.8,0.11978628088668848,0.06278709734104868,0.0569991835456398,0.22666666666666666,0.7733333333333333,0.12333333333333334,0.8766666666666667,0.04,0.96,0.42736842105263156,0.7663157894736842,0.9452631578947368
qwen25_7b,mmlu_all,hidden_summary_only__extratrees,594.8,0.13488939747999124,0.07789021393435143,0.0569991835456398,0.22000000000000003,0.78,0.13666666666666666,0.8633333333333333,0.09666666666666666,0.9033333333333333,0.44421052631578944,0.7410526315789474,0.8778947368421053
qwen25_7b,mmlu_all,hidden_summary_only__hgb,594.8,0.1456065570995608,0.08860737355392101,0.0569991835456398,0.23166666666666663,0.7683333333333333,0.1622222222222222,0.8377777777777778,0.10500000000000001,0.8949999999999999,0.4147368421052631,0.6926315789473685,0.8673684210526316
qwen25_7b,mmlu_all,hidden_summary_only__logreg,594.8,0.13057902767273435,0.07357984412709455,0.0569991835456398,0.22000000000000003,0.78,0.14555555555555555,0.8544444444444445,0.09166666666666667,0.9083333333333334,0.44421052631578944,0.7242105263157894,0.8842105263157893
qwen25_7b,mmlu_all,hidden_summary_only__mlp,594.8,0.15431123889184967,0.09731205534620987,0.0569991835456398,0.22583333333333333,0.7741666666666667,0.15666666666666668,0.8433333333333334,0.11666666666666667,0.8833333333333332,0.42947368421052634,0.7031578947368422,0.8526315789473685
qwen25_7b,mmlu_all,pca_hidden_embeddings__extratrees,594.8,0.11903683055626638,0.06203764701062657,0.0569991835456398,0.21749999999999997,0.7825,0.14111111111111113,0.8588888888888888,0.06499999999999999,0.9349999999999999,0.45052631578947366,0.7326315789473684,0.9178947368421053
qwen25_7b,mmlu_all,pca_hidden_embeddings__hgb,594.8,0.12509633941291287,0.06809715586727308,0.0569991835456398,0.22999999999999998,0.77,0.1411111111111111,0.8588888888888888,0.07166666666666667,0.9283333333333333,0.4189473684210526,0.7326315789473684,0.9094736842105263
qwen25_7b,mmlu_all,pca_hidden_embeddings__logreg,594.8,0.12435110913824547,0.0673519255926057,0.0569991835456398,0.22333333333333333,0.7766666666666666,0.14555555555555555,0.8544444444444445,0.07166666666666667,0.9283333333333333,0.43578947368421056,0.7242105263157895,0.9094736842105263
qwen25_7b,mmlu_all,pca_hidden_embeddings__mlp,594.8,0.13434753160386276,0.07734834805822297,0.0569991835456398,0.22749999999999998,0.7725,0.1522222222222222,0.8477777777777777,0.08499999999999999,0.915,0.42526315789473684,0.7115789473684211,0.8926315789473683
