model_key,model_family,dataset,seed,signal,AURC,E_AURC,AURC_opt,risk_at_80cov,retained_acc_at_80cov,risk_at_60cov,retained_acc_at_60cov,risk_at_40cov,retained_acc_at_40cov,failure_capture_at_20abstain,failure_capture_at_40abstain,failure_capture_at_60abstain
deepseek_r1_qwen7b,DeepSeek/Qwen-distill,arc_challenge,42,direct_pmax,0.6480984059001116,0.33150493203991466,0.31659347386019693,0.6388888888888888,0.36111111111111116,0.6111111111111112,0.38888888888888884,0.6944444444444444,0.3055555555555556,0.2459016393442623,0.45901639344262296,0.5901639344262295
deepseek_r1_qwen7b,DeepSeek/Qwen-distill,arc_challenge,42,cheap_confidence_option__logreg,0.5468925382681994,0.23029906440800246,0.31659347386019693,0.625,0.375,0.6111111111111112,0.38888888888888884,0.6388888888888888,0.36111111111111116,0.26229508196721313,0.45901639344262296,0.6229508196721312
deepseek_r1_qwen7b,DeepSeek/Qwen-distill,arc_challenge,42,cheap_confidence_option__mlp,0.6772173694681163,0.36062389560791935,0.31659347386019693,0.7083333333333334,0.29166666666666663,0.6851851851851852,0.31481481481481477,0.6111111111111112,0.38888888888888884,0.16393442622950818,0.39344262295081966,0.639344262295082
deepseek_r1_qwen7b,DeepSeek/Qwen-distill,arc_challenge,42,cheap_confidence_option__extratrees,0.605964580544094,0.28937110668389704,0.31659347386019693,0.6527777777777778,0.3472222222222222,0.6296296296296297,0.37037037037037035,0.6388888888888888,0.36111111111111116,0.22950819672131148,0.4426229508196721,0.6229508196721312
deepseek_r1_qwen7b,DeepSeek/Qwen-distill,arc_challenge,42,cheap_confidence_option__hgb,0.6238534095752057,0.3072599357150088,0.31659347386019693,0.6666666666666666,0.33333333333333337,0.6111111111111112,0.38888888888888884,0.6111111111111112,0.38888888888888884,0.21311475409836064,0.45901639344262296,0.639344262295082
deepseek_r1_qwen7b,DeepSeek/Qwen-distill,arc_challenge,42,hidden_summary_only__logreg,0.7835029318349414,0.4669094579747444,0.31659347386019693,0.6666666666666666,0.33333333333333337,0.7407407407407407,0.2592592592592593,0.75,0.25,0.21311475409836064,0.3442622950819672,0.5573770491803278
deepseek_r1_qwen7b,DeepSeek/Qwen-distill,arc_challenge,42,hidden_summary_only__mlp,0.7098710700804582,0.3932775962202613,0.31659347386019693,0.6944444444444444,0.3055555555555556,0.7037037037037037,0.2962962962962963,0.7777777777777778,0.2222222222222222,0.18032786885245902,0.3770491803278688,0.5409836065573771
deepseek_r1_qwen7b,DeepSeek/Qwen-distill,arc_challenge,42,hidden_summary_only__extratrees,0.7400458467864779,0.42345237292628096,0.31659347386019693,0.7222222222222222,0.2777777777777778,0.7037037037037037,0.2962962962962963,0.7222222222222222,0.2777777777777778,0.14754098360655737,0.3770491803278688,0.5737704918032787
deepseek_r1_qwen7b,DeepSeek/Qwen-distill,arc_challenge,42,hidden_summary_only__hgb,0.6831183226647369,0.36652484880454,0.31659347386019693,0.6527777777777778,0.3472222222222222,0.6296296296296297,0.37037037037037035,0.6111111111111112,0.38888888888888884,0.22950819672131148,0.4426229508196721,0.639344262295082
deepseek_r1_qwen7b,DeepSeek/Qwen-distill,arc_challenge,42,cheap_plus_hidden_summary__logreg,0.6336369437844078,0.3170434699242109,0.31659347386019693,0.6388888888888888,0.36111111111111116,0.6111111111111112,0.38888888888888884,0.5833333333333334,0.41666666666666663,0.2459016393442623,0.45901639344262296,0.6557377049180327
deepseek_r1_qwen7b,DeepSeek/Qwen-distill,arc_challenge,42,cheap_plus_hidden_summary__mlp,0.7100145478125648,0.39342107395236786,0.31659347386019693,0.6944444444444444,0.3055555555555556,0.6851851851851852,0.31481481481481477,0.6666666666666666,0.33333333333333337,0.18032786885245902,0.39344262295081966,0.6065573770491803
deepseek_r1_qwen7b,DeepSeek/Qwen-distill,arc_challenge,42,cheap_plus_hidden_summary__extratrees,0.618349217813743,0.30175574395354604,0.31659347386019693,0.6805555555555556,0.3194444444444444,0.7037037037037037,0.2962962962962963,0.6388888888888888,0.36111111111111116,0.19672131147540983,0.3770491803278688,0.6229508196721312
deepseek_r1_qwen7b,DeepSeek/Qwen-distill,arc_challenge,42,cheap_plus_hidden_summary__hgb,0.6073873691861338,0.29079389532593686,0.31659347386019693,0.6527777777777778,0.3472222222222222,0.6666666666666666,0.33333333333333337,0.5555555555555556,0.4444444444444444,0.22950819672131148,0.4098360655737705,0.6721311475409836
deepseek_r1_qwen7b,DeepSeek/Qwen-distill,arc_challenge,42,pca_hidden_embeddings__logreg,0.703346906309751,0.3867534324495541,0.31659347386019693,0.7361111111111112,0.26388888888888884,0.7222222222222222,0.2777777777777778,0.7777777777777778,0.2222222222222222,0.13114754098360656,0.36065573770491804,0.5409836065573771
deepseek_r1_qwen7b,DeepSeek/Qwen-distill,arc_challenge,42,pca_hidden_embeddings__mlp,0.6352757609172327,0.3186822870570358,0.31659347386019693,0.6666666666666666,0.33333333333333337,0.6851851851851852,0.31481481481481477,0.6111111111111112,0.38888888888888884,0.21311475409836064,0.39344262295081966,0.639344262295082
deepseek_r1_qwen7b,DeepSeek/Qwen-distill,arc_challenge,42,pca_hidden_embeddings__extratrees,0.6905351022380709,0.373941628377874,0.31659347386019693,0.7083333333333334,0.29166666666666663,0.7222222222222222,0.2777777777777778,0.7222222222222222,0.2777777777777778,0.16393442622950818,0.36065573770491804,0.5737704918032787
deepseek_r1_qwen7b,DeepSeek/Qwen-distill,arc_challenge,42,pca_hidden_embeddings__hgb,0.6943826598356931,0.3777891859754962,0.31659347386019693,0.6944444444444444,0.3055555555555556,0.6481481481481481,0.35185185185185186,0.6388888888888888,0.36111111111111116,0.18032786885245902,0.4262295081967213,0.6229508196721312
deepseek_r1_qwen7b,DeepSeek/Qwen-distill,arc_challenge,42,cheap_plus_pca_hidden__logreg,0.6281537318791821,0.3115602580189852,0.31659347386019693,0.7222222222222222,0.2777777777777778,0.6851851851851852,0.31481481481481477,0.6666666666666666,0.33333333333333337,0.14754098360655737,0.39344262295081966,0.6065573770491803
deepseek_r1_qwen7b,DeepSeek/Qwen-distill,arc_challenge,42,cheap_plus_pca_hidden__mlp,0.704673676861105,0.3880802030009081,0.31659347386019693,0.6527777777777778,0.3472222222222222,0.6666666666666666,0.33333333333333337,0.75,0.25,0.22950819672131148,0.4098360655737705,0.5573770491803278
deepseek_r1_qwen7b,DeepSeek/Qwen-distill,arc_challenge,42,cheap_plus_pca_hidden__extratrees,0.6144493726647878,0.2978558988045909,0.31659347386019693,0.6666666666666666,0.33333333333333337,0.6666666666666666,0.33333333333333337,0.5833333333333334,0.41666666666666663,0.21311475409836064,0.4098360655737705,0.6557377049180327
deepseek_r1_qwen7b,DeepSeek/Qwen-distill,arc_challenge,42,cheap_plus_pca_hidden__hgb,0.6179409436361528,0.3013474697759559,0.31659347386019693,0.6666666666666666,0.33333333333333337,0.6111111111111112,0.38888888888888884,0.5833333333333334,0.41666666666666663,0.21311475409836064,0.45901639344262296,0.6557377049180327
deepseek_r1_qwen7b,DeepSeek/Qwen-distill,arc_challenge,7,direct_pmax,0.5678870624801368,0.25129358861993983,0.31659347386019693,0.6527777777777778,0.3472222222222222,0.5925925925925926,0.40740740740740744,0.5277777777777778,0.4722222222222222,0.22950819672131148,0.47540983606557374,0.6885245901639344
deepseek_r1_qwen7b,DeepSeek/Qwen-distill,arc_challenge,7,cheap_confidence_option__logreg,0.5362198605042822,0.21962638664408524,0.31659347386019693,0.625,0.375,0.5925925925925926,0.40740740740740744,0.5,0.5,0.26229508196721313,0.47540983606557374,0.7049180327868853
deepseek_r1_qwen7b,DeepSeek/Qwen-distill,arc_challenge,7,cheap_confidence_option__mlp,0.7044303430360703,0.3878368691758734,0.31659347386019693,0.6527777777777778,0.3472222222222222,0.6666666666666666,0.33333333333333337,0.6944444444444444,0.3055555555555556,0.22950819672131148,0.4098360655737705,0.5901639344262295
deepseek_r1_qwen7b,DeepSeek/Qwen-distill,arc_challenge,7,cheap_confidence_option__extratrees,0.5431152014669335,0.22652172760673656,0.31659347386019693,0.6388888888888888,0.36111111111111116,0.5740740740740741,0.42592592592592593,0.4722222222222222,0.5277777777777778,0.2459016393442623,0.4918032786885246,0.7213114754098361
deepseek_r1_qwen7b,DeepSeek/Qwen-distill,arc_challenge,7,cheap_confidence_option__hgb,0.5918604980643694,0.27526702420417243,0.31659347386019693,0.6388888888888888,0.36111111111111116,0.6851851851851852,0.31481481481481477,0.6666666666666666,0.33333333333333337,0.2459016393442623,0.39344262295081966,0.6065573770491803
deepseek_r1_qwen7b,DeepSeek/Qwen-distill,arc_challenge,7,hidden_summary_only__logreg,0.7198229921873663,0.4032295183271694,0.31659347386019693,0.6805555555555556,0.3194444444444444,0.7037037037037037,0.2962962962962963,0.7222222222222222,0.2777777777777778,0.19672131147540983,0.3770491803278688,0.5737704918032787
deepseek_r1_qwen7b,DeepSeek/Qwen-distill,arc_challenge,7,hidden_summary_only__mlp,0.6456440232060717,0.3290505493458748,0.31659347386019693,0.7083333333333334,0.29166666666666663,0.6851851851851852,0.31481481481481477,0.6666666666666666,0.33333333333333337,0.16393442622950818,0.39344262295081966,0.6065573770491803
deepseek_r1_qwen7b,DeepSeek/Qwen-distill,arc_challenge,7,hidden_summary_only__extratrees,0.7094618201872674,0.3928683463270705,0.31659347386019693,0.6666666666666666,0.33333333333333337,0.6666666666666666,0.33333333333333337,0.6944444444444444,0.3055555555555556,0.21311475409836064,0.4098360655737705,0.5901639344262295
deepseek_r1_qwen7b,DeepSeek/Qwen-distill,arc_challenge,7,hidden_summary_only__hgb,0.7196594665220329,0.403065992661836,0.31659347386019693,0.6944444444444444,0.3055555555555556,0.7222222222222222,0.2777777777777778,0.7222222222222222,0.2777777777777778,0.18032786885245902,0.36065573770491804,0.5737704918032787
deepseek_r1_qwen7b,DeepSeek/Qwen-distill,arc_challenge,7,cheap_plus_hidden_summary__logreg,0.5648051818879994,0.2482117080278025,0.31659347386019693,0.6527777777777778,0.3472222222222222,0.6111111111111112,0.38888888888888884,0.5555555555555556,0.4444444444444444,0.22950819672131148,0.45901639344262296,0.6721311475409836
deepseek_r1_qwen7b,DeepSeek/Qwen-distill,arc_challenge,7,cheap_plus_hidden_summary__mlp,0.5590346370380106,0.24244116317781367,0.31659347386019693,0.6666666666666666,0.33333333333333337,0.6111111111111112,0.38888888888888884,0.5555555555555556,0.4444444444444444,0.21311475409836064,0.45901639344262296,0.6721311475409836
deepseek_r1_qwen7b,DeepSeek/Qwen-distill,arc_challenge,7,cheap_plus_hidden_summary__extratrees,0.5562726112266839,0.239679137366487,0.31659347386019693,0.625,0.375,0.5925925925925926,0.40740740740740744,0.5833333333333334,0.41666666666666663,0.26229508196721313,0.47540983606557374,0.6557377049180327
deepseek_r1_qwen7b,DeepSeek/Qwen-distill,arc_challenge,7,cheap_plus_hidden_summary__hgb,0.6292701387609434,0.31267666490074647,0.31659347386019693,0.6666666666666666,0.33333333333333337,0.6296296296296297,0.37037037037037035,0.6388888888888888,0.36111111111111116,0.21311475409836064,0.4426229508196721,0.6229508196721312
deepseek_r1_qwen7b,DeepSeek/Qwen-distill,arc_challenge,7,pca_hidden_embeddings__logreg,0.721466980764883,0.4048735069046861,0.31659347386019693,0.7222222222222222,0.2777777777777778,0.7222222222222222,0.2777777777777778,0.7222222222222222,0.2777777777777778,0.14754098360655737,0.36065573770491804,0.5737704918032787
deepseek_r1_qwen7b,DeepSeek/Qwen-distill,arc_challenge,7,pca_hidden_embeddings__mlp,0.7255181035400674,0.4089246296798705,0.31659347386019693,0.7083333333333334,0.29166666666666663,0.6851851851851852,0.31481481481481477,0.6944444444444444,0.3055555555555556,0.16393442622950818,0.39344262295081966,0.5901639344262295
deepseek_r1_qwen7b,DeepSeek/Qwen-distill,arc_challenge,7,pca_hidden_embeddings__extratrees,0.7087520483439341,0.3921585744837372,0.31659347386019693,0.6805555555555556,0.3194444444444444,0.7407407407407407,0.2592592592592593,0.75,0.25,0.19672131147540983,0.3442622950819672,0.5573770491803278
deepseek_r1_qwen7b,DeepSeek/Qwen-distill,arc_challenge,7,pca_hidden_embeddings__hgb,0.7589446366238916,0.4423511627636946,0.31659347386019693,0.6805555555555556,0.3194444444444444,0.7037037037037037,0.2962962962962963,0.7777777777777778,0.2222222222222222,0.19672131147540983,0.3770491803278688,0.5409836065573771
deepseek_r1_qwen7b,DeepSeek/Qwen-distill,arc_challenge,7,cheap_plus_pca_hidden__logreg,0.611485616500424,0.29489214264022706,0.31659347386019693,0.6527777777777778,0.3472222222222222,0.6481481481481481,0.35185185185185186,0.6666666666666666,0.33333333333333337,0.22950819672131148,0.4262295081967213,0.6065573770491803
deepseek_r1_qwen7b,DeepSeek/Qwen-distill,arc_challenge,7,cheap_plus_pca_hidden__mlp,0.619460085950411,0.3028666120902141,0.31659347386019693,0.6805555555555556,0.3194444444444444,0.6296296296296297,0.37037037037037035,0.6111111111111112,0.38888888888888884,0.19672131147540983,0.4426229508196721,0.639344262295082
deepseek_r1_qwen7b,DeepSeek/Qwen-distill,arc_challenge,7,cheap_plus_pca_hidden__extratrees,0.5726930868515033,0.2560996129913064,0.31659347386019693,0.625,0.375,0.5925925925925926,0.40740740740740744,0.5833333333333334,0.41666666666666663,0.26229508196721313,0.47540983606557374,0.6557377049180327
deepseek_r1_qwen7b,DeepSeek/Qwen-distill,arc_challenge,7,cheap_plus_pca_hidden__hgb,0.6899925242383659,0.37339905037816895,0.31659347386019693,0.6527777777777778,0.3472222222222222,0.6851851851851852,0.31481481481481477,0.6944444444444444,0.3055555555555556,0.22950819672131148,0.39344262295081966,0.5901639344262295
deepseek_r1_qwen7b,DeepSeek/Qwen-distill,arc_challenge,123,direct_pmax,0.5834543923110546,0.26686091845085763,0.31659347386019693,0.6527777777777778,0.3472222222222222,0.5925925925925926,0.40740740740740744,0.5277777777777778,0.4722222222222222,0.22950819672131148,0.47540983606557374,0.6885245901639344
deepseek_r1_qwen7b,DeepSeek/Qwen-distill,arc_challenge,123,cheap_confidence_option__logreg,0.5428367777275531,0.2262433038673562,0.31659347386019693,0.625,0.375,0.5925925925925926,0.40740740740740744,0.5555555555555556,0.4444444444444444,0.26229508196721313,0.47540983606557374,0.6721311475409836
deepseek_r1_qwen7b,DeepSeek/Qwen-distill,arc_challenge,123,cheap_confidence_option__mlp,0.550320279254244,0.23372680539404705,0.31659347386019693,0.6666666666666666,0.33333333333333337,0.6111111111111112,0.38888888888888884,0.5277777777777778,0.4722222222222222,0.21311475409836064,0.45901639344262296,0.6885245901639344
deepseek_r1_qwen7b,DeepSeek/Qwen-distill,arc_challenge,123,cheap_confidence_option__extratrees,0.5439687338451767,0.22737525998497982,0.31659347386019693,0.6111111111111112,0.38888888888888884,0.5555555555555556,0.4444444444444444,0.5,0.5,0.2786885245901639,0.5081967213114754,0.7049180327868853
deepseek_r1_qwen7b,DeepSeek/Qwen-distill,arc_challenge,123,cheap_confidence_option__hgb,0.5914789212761133,0.2748854474159164,0.31659347386019693,0.6111111111111112,0.38888888888888884,0.5925925925925926,0.40740740740740744,0.5555555555555556,0.4444444444444444,0.2786885245901639,0.47540983606557374,0.6721311475409836
deepseek_r1_qwen7b,DeepSeek/Qwen-distill,arc_challenge,123,hidden_summary_only__logreg,0.6967037995665093,0.38011032570631237,0.31659347386019693,0.6944444444444444,0.3055555555555556,0.6851851851851852,0.31481481481481477,0.6666666666666666,0.33333333333333337,0.18032786885245902,0.39344262295081966,0.6065573770491803
deepseek_r1_qwen7b,DeepSeek/Qwen-distill,arc_challenge,123,hidden_summary_only__mlp,0.7384025785341642,0.4218091046739673,0.31659347386019693,0.7083333333333334,0.29166666666666663,0.6666666666666666,0.33333333333333337,0.75,0.25,0.16393442622950818,0.4098360655737705,0.5573770491803278
deepseek_r1_qwen7b,DeepSeek/Qwen-distill,arc_challenge,123,hidden_summary_only__extratrees,0.6485682313997734,0.33197475753957645,0.31659347386019693,0.6944444444444444,0.3055555555555556,0.7037037037037037,0.2962962962962963,0.6388888888888888,0.36111111111111116,0.18032786885245902,0.3770491803278688,0.6229508196721312
deepseek_r1_qwen7b,DeepSeek/Qwen-distill,arc_challenge,123,hidden_summary_only__hgb,0.651672208088407,0.33507873422821005,0.31659347386019693,0.6944444444444444,0.3055555555555556,0.6666666666666666,0.33333333333333337,0.7222222222222222,0.2777777777777778,0.18032786885245902,0.4098360655737705,0.5737704918032787
deepseek_r1_qwen7b,DeepSeek/Qwen-distill,arc_challenge,123,cheap_plus_hidden_summary__logreg,0.5752601210223485,0.25866664716215154,0.31659347386019693,0.625,0.375,0.6111111111111112,0.38888888888888884,0.5277777777777778,0.4722222222222222,0.26229508196721313,0.45901639344262296,0.6885245901639344
deepseek_r1_qwen7b,DeepSeek/Qwen-distill,arc_challenge,123,cheap_plus_hidden_summary__mlp,0.7392310401357307,0.4226375662755338,0.31659347386019693,0.7083333333333334,0.29166666666666663,0.7037037037037037,0.2962962962962963,0.7222222222222222,0.2777777777777778,0.16393442622950818,0.3770491803278688,0.5737704918032787
deepseek_r1_qwen7b,DeepSeek/Qwen-distill,arc_challenge,123,cheap_plus_hidden_summary__extratrees,0.5383307803136197,0.22173730645342277,0.31659347386019693,0.6111111111111112,0.38888888888888884,0.5925925925925926,0.40740740740740744,0.4722222222222222,0.5277777777777778,0.2786885245901639,0.47540983606557374,0.7213114754098361
deepseek_r1_qwen7b,DeepSeek/Qwen-distill,arc_challenge,123,cheap_plus_hidden_summary__hgb,0.5634539775971609,0.24686050373696394,0.31659347386019693,0.625,0.375,0.5185185185185185,0.4814814814814815,0.5,0.5,0.26229508196721313,0.5409836065573771,0.7049180327868853
deepseek_r1_qwen7b,DeepSeek/Qwen-distill,arc_challenge,123,pca_hidden_embeddings__logreg,0.7137972392753207,0.39720376541512376,0.31659347386019693,0.6944444444444444,0.3055555555555556,0.6851851851851852,0.31481481481481477,0.75,0.25,0.18032786885245902,0.39344262295081966,0.5573770491803278
deepseek_r1_qwen7b,DeepSeek/Qwen-distill,arc_challenge,123,pca_hidden_embeddings__mlp,0.6274909795801192,0.3108975057199223,0.31659347386019693,0.6666666666666666,0.33333333333333337,0.6111111111111112,0.38888888888888884,0.6111111111111112,0.38888888888888884,0.21311475409836064,0.45901639344262296,0.639344262295082
deepseek_r1_qwen7b,DeepSeek/Qwen-distill,arc_challenge,123,pca_hidden_embeddings__extratrees,0.7118464163784584,0.39525294251826143,0.31659347386019693,0.6944444444444444,0.3055555555555556,0.7222222222222222,0.2777777777777778,0.75,0.25,0.18032786885245902,0.36065573770491804,0.5573770491803278
deepseek_r1_qwen7b,DeepSeek/Qwen-distill,arc_challenge,123,pca_hidden_embeddings__hgb,0.7303030131797772,0.41370953931958027,0.31659347386019693,0.6944444444444444,0.3055555555555556,0.7222222222222222,0.2777777777777778,0.75,0.25,0.18032786885245902,0.36065573770491804,0.5573770491803278
deepseek_r1_qwen7b,DeepSeek/Qwen-distill,arc_challenge,123,cheap_plus_pca_hidden__logreg,0.6439687874332456,0.32737531357304867,0.31659347386019693,0.6527777777777778,0.3472222222222222,0.6481481481481481,0.35185185185185186,0.6388888888888888,0.36111111111111116,0.22950819672131148,0.4262295081967213,0.6229508196721312
deepseek_r1_qwen7b,DeepSeek/Qwen-distill,arc_challenge,123,cheap_plus_pca_hidden__mlp,0.6846300908338835,0.36803661697368656,0.31659347386019693,0.7222222222222222,0.2777777777777778,0.6666666666666666,0.33333333333333337,0.6944444444444444,0.3055555555555556,0.14754098360655737,0.4098360655737705,0.5901639344262295
deepseek_r1_qwen7b,DeepSeek/Qwen-distill,arc_challenge,123,cheap_plus_pca_hidden__extratrees,0.5737647607604625,0.2571712869002655,0.31659347386019693,0.6111111111111112,0.38888888888888884,0.5925925925925926,0.40740740740740744,0.5,0.5,0.2786885245901639,0.47540983606557374,0.7049180327868853
deepseek_r1_qwen7b,DeepSeek/Qwen-distill,arc_challenge,123,cheap_plus_pca_hidden__hgb,0.6113624503215017,0.2947689764613048,0.31659347386019693,0.6666666666666666,0.33333333333333337,0.6851851851851852,0.31481481481481477,0.6666666666666666,0.33333333333333337,0.21311475409836064,0.39344262295081966,0.6065573770491803
deepseek_r1_qwen7b,DeepSeek/Qwen-distill,arc_challenge,777,direct_pmax,0.6915783028017962,0.3749848289415993,0.31659347386019693,0.6666666666666666,0.33333333333333337,0.6666666666666666,0.33333333333333337,0.6388888888888888,0.36111111111111116,0.21311475409836064,0.4098360655737705,0.6229508196721312
deepseek_r1_qwen7b,DeepSeek/Qwen-distill,arc_challenge,777,cheap_confidence_option__logreg,0.623900829460432,0.3073073556002351,0.31659347386019693,0.625,0.375,0.6481481481481481,0.35185185185185186,0.6388888888888888,0.36111111111111116,0.26229508196721313,0.4262295081967213,0.6229508196721312
deepseek_r1_qwen7b,DeepSeek/Qwen-distill,arc_challenge,777,cheap_confidence_option__mlp,0.6476855241014718,0.3310920502412749,0.31659347386019693,0.6666666666666666,0.33333333333333337,0.6296296296296297,0.37037037037037035,0.6111111111111112,0.38888888888888884,0.21311475409836064,0.4426229508196721,0.639344262295082
deepseek_r1_qwen7b,DeepSeek/Qwen-distill,arc_challenge,777,cheap_confidence_option__extratrees,0.609055434245377,0.2924619603851801,0.31659347386019693,0.6527777777777778,0.3472222222222222,0.5740740740740741,0.42592592592592593,0.6111111111111112,0.38888888888888884,0.22950819672131148,0.4918032786885246,0.639344262295082
deepseek_r1_qwen7b,DeepSeek/Qwen-distill,arc_challenge,777,cheap_confidence_option__hgb,0.6268165993191885,0.3102231254589916,0.31659347386019693,0.6805555555555556,0.3194444444444444,0.6851851851851852,0.31481481481481477,0.6388888888888888,0.36111111111111116,0.19672131147540983,0.39344262295081966,0.6229508196721312
deepseek_r1_qwen7b,DeepSeek/Qwen-distill,arc_challenge,777,hidden_summary_only__logreg,0.6832304063504958,0.3666369324902989,0.31659347386019693,0.6527777777777778,0.3472222222222222,0.6296296296296297,0.37037037037037035,0.5833333333333334,0.41666666666666663,0.22950819672131148,0.4426229508196721,0.6557377049180327
deepseek_r1_qwen7b,DeepSeek/Qwen-distill,arc_challenge,777,hidden_summary_only__mlp,0.6828866832244446,0.36629320936424764,0.31659347386019693,0.6805555555555556,0.3194444444444444,0.7037037037037037,0.2962962962962963,0.6666666666666666,0.33333333333333337,0.19672131147540983,0.3770491803278688,0.6065573770491803
deepseek_r1_qwen7b,DeepSeek/Qwen-distill,arc_challenge,777,hidden_summary_only__extratrees,0.6849408737631936,0.36834739990299664,0.31659347386019693,0.7222222222222222,0.2777777777777778,0.6851851851851852,0.31481481481481477,0.6666666666666666,0.33333333333333337,0.14754098360655737,0.39344262295081966,0.6065573770491803
deepseek_r1_qwen7b,DeepSeek/Qwen-distill,arc_challenge,777,hidden_summary_only__hgb,0.7133046635515885,0.3967111896913916,0.31659347386019693,0.6944444444444444,0.3055555555555556,0.7037037037037037,0.2962962962962963,0.7222222222222222,0.2777777777777778,0.18032786885245902,0.3770491803278688,0.5737704918032787
deepseek_r1_qwen7b,DeepSeek/Qwen-distill,arc_challenge,777,cheap_plus_hidden_summary__logreg,0.5866893593161724,0.27009588545597546,0.31659347386019693,0.625,0.375,0.5555555555555556,0.4444444444444444,0.6111111111111112,0.38888888888888884,0.26229508196721313,0.5081967213114754,0.639344262295082
deepseek_r1_qwen7b,DeepSeek/Qwen-distill,arc_challenge,777,cheap_plus_hidden_summary__mlp,0.6440503585577677,0.3274568846975708,0.31659347386019693,0.6527777777777778,0.3472222222222222,0.6481481481481481,0.35185185185185186,0.6666666666666666,0.33333333333333337,0.22950819672131148,0.4262295081967213,0.6065573770491803
deepseek_r1_qwen7b,DeepSeek/Qwen-distill,arc_challenge,777,cheap_plus_hidden_summary__extratrees,0.6073460901061329,0.290752616245936,0.31659347386019693,0.6527777777777778,0.3472222222222222,0.6111111111111112,0.38888888888888884,0.5833333333333334,0.41666666666666663,0.22950819672131148,0.45901639344262296,0.6557377049180327
deepseek_r1_qwen7b,DeepSeek/Qwen-distill,arc_challenge,777,cheap_plus_hidden_summary__hgb,0.5727641225431269,0.25617064868293,0.31659347386019693,0.625,0.375,0.6111111111111112,0.38888888888888884,0.6388888888888888,0.36111111111111116,0.26229508196721313,0.45901639344262296,0.6229508196721312
deepseek_r1_qwen7b,DeepSeek/Qwen-distill,arc_challenge,777,pca_hidden_embeddings__logreg,0.668989215047914,0.35239574118771705,0.31659347386019693,0.6805555555555556,0.3194444444444444,0.6666666666666666,0.33333333333333337,0.6388888888888888,0.36111111111111116,0.19672131147540983,0.4098360655737705,0.6229508196721312
deepseek_r1_qwen7b,DeepSeek/Qwen-distill,arc_challenge,777,pca_hidden_embeddings__mlp,0.6474344295661656,0.33084095570596866,0.31659347386019693,0.6666666666666666,0.33333333333333337,0.7037037037037037,0.2962962962962963,0.6666666666666666,0.33333333333333337,0.21311475409836064,0.3770491803278688,0.6065573770491803
deepseek_r1_qwen7b,DeepSeek/Qwen-distill,arc_challenge,777,pca_hidden_embeddings__extratrees,0.6906789070398961,0.37408543317969917,0.31659347386019693,0.7083333333333334,0.29166666666666663,0.6851851851851852,0.31481481481481477,0.6666666666666666,0.33333333333333337,0.16393442622950818,0.39344262295081966,0.6065573770491803
deepseek_r1_qwen7b,DeepSeek/Qwen-distill,arc_challenge,777,pca_hidden_embeddings__hgb,0.7079448744366142,0.3913514005764173,0.31659347386019693,0.6388888888888888,0.36111111111111116,0.6851851851851852,0.31481481481481477,0.75,0.25,0.2459016393442623,0.39344262295081966,0.5573770491803278
deepseek_r1_qwen7b,DeepSeek/Qwen-distill,arc_challenge,777,cheap_plus_pca_hidden__logreg,0.6130970887558956,0.2965036148956987,0.31659347386019693,0.6666666666666666,0.33333333333333337,0.6111111111111112,0.38888888888888884,0.5833333333333334,0.41666666666666663,0.21311475409836064,0.45901639344262296,0.6557377049180327
deepseek_r1_qwen7b,DeepSeek/Qwen-distill,arc_challenge,777,cheap_plus_pca_hidden__mlp,0.6745130236945069,0.35791954983431,0.31659347386019693,0.6944444444444444,0.3055555555555556,0.6481481481481481,0.35185185185185186,0.6388888888888888,0.36111111111111116,0.18032786885245902,0.4262295081967213,0.6229508196721312
deepseek_r1_qwen7b,DeepSeek/Qwen-distill,arc_challenge,777,cheap_plus_pca_hidden__extratrees,0.6358866891881151,0.31929321532791816,0.31659347386019693,0.6666666666666666,0.33333333333333337,0.6111111111111112,0.38888888888888884,0.6111111111111112,0.38888888888888884,0.21311475409836064,0.45901639344262296,0.639344262295082
deepseek_r1_qwen7b,DeepSeek/Qwen-distill,arc_challenge,777,cheap_plus_pca_hidden__hgb,0.6038331211466379,0.28723964728644097,0.31659347386019693,0.6527777777777778,0.3472222222222222,0.6481481481481481,0.35185185185185186,0.6666666666666666,0.33333333333333337,0.22950819672131148,0.4262295081967213,0.6065573770491803
deepseek_r1_qwen7b,DeepSeek/Qwen-distill,arc_challenge,2025,direct_pmax,0.5630073822311508,0.24641390837095384,0.31659347386019693,0.6666666666666666,0.33333333333333337,0.6111111111111112,0.38888888888888884,0.5555555555555556,0.4444444444444444,0.21311475409836064,0.45901639344262296,0.6721311475409836
deepseek_r1_qwen7b,DeepSeek/Qwen-distill,arc_challenge,2025,cheap_confidence_option__logreg,0.6057117822021598,0.2891183083419629,0.31659347386019693,0.6527777777777778,0.3472222222222222,0.6296296296296297,0.37037037037037035,0.6111111111111112,0.38888888888888884,0.22950819672131148,0.4426229508196721,0.639344262295082
deepseek_r1_qwen7b,DeepSeek/Qwen-distill,arc_challenge,2025,cheap_confidence_option__mlp,0.573584392685166,0.2569909188249691,0.31659347386019693,0.6388888888888888,0.36111111111111116,0.6111111111111112,0.38888888888888884,0.5833333333333334,0.41666666666666663,0.2459016393442623,0.45901639344262296,0.6557377049180327
deepseek_r1_qwen7b,DeepSeek/Qwen-distill,arc_challenge,2025,cheap_confidence_option__extratrees,0.6403099380269585,0.32371646416676153,0.31659347386019693,0.625,0.375,0.5925925925925926,0.40740740740740744,0.6388888888888888,0.36111111111111116,0.26229508196721313,0.47540983606557374,0.6229508196721312
deepseek_r1_qwen7b,DeepSeek/Qwen-distill,arc_challenge,2025,cheap_confidence_option__hgb,0.6766426840905329,0.3600492102303359,0.31659347386019693,0.6944444444444444,0.3055555555555556,0.6481481481481481,0.35185185185185186,0.6666666666666666,0.33333333333333337,0.18032786885245902,0.4262295081967213,0.6065573770491803
deepseek_r1_qwen7b,DeepSeek/Qwen-distill,arc_challenge,2025,hidden_summary_only__logreg,0.7240543380613086,0.40746086420111166,0.31659347386019693,0.6388888888888888,0.36111111111111116,0.6296296296296297,0.37037037037037035,0.7222222222222222,0.2777777777777778,0.2459016393442623,0.4426229508196721,0.5737704918032787
deepseek_r1_qwen7b,DeepSeek/Qwen-distill,arc_challenge,2025,hidden_summary_only__mlp,0.673565468291665,0.35697199443146804,0.31659347386019693,0.6388888888888888,0.36111111111111116,0.6296296296296297,0.37037037037037035,0.6111111111111112,0.38888888888888884,0.2459016393442623,0.4426229508196721,0.639344262295082
deepseek_r1_qwen7b,DeepSeek/Qwen-distill,arc_challenge,2025,hidden_summary_only__extratrees,0.6935543710944114,0.3769608972342145,0.31659347386019693,0.6805555555555556,0.3194444444444444,0.7037037037037037,0.2962962962962963,0.7222222222222222,0.2777777777777778,0.19672131147540983,0.3770491803278688,0.5737704918032787
deepseek_r1_qwen7b,DeepSeek/Qwen-distill,arc_challenge,2025,hidden_summary_only__hgb,0.7127529081276529,0.396159434267456,0.31659347386019693,0.6805555555555556,0.3194444444444444,0.7222222222222222,0.2777777777777778,0.7222222222222222,0.2777777777777778,0.19672131147540983,0.36065573770491804,0.5737704918032787
deepseek_r1_qwen7b,DeepSeek/Qwen-distill,arc_challenge,2025,cheap_plus_hidden_summary__logreg,0.6185201299431442,0.3019266560829473,0.31659347386019693,0.625,0.375,0.6296296296296297,0.37037037037037035,0.6111111111111112,0.38888888888888884,0.26229508196721313,0.4426229508196721,0.639344262295082
deepseek_r1_qwen7b,DeepSeek/Qwen-distill,arc_challenge,2025,cheap_plus_hidden_summary__mlp,0.5879549626645376,0.2713614888043407,0.31659347386019693,0.6388888888888888,0.36111111111111116,0.6481481481481481,0.35185185185185186,0.6111111111111112,0.38888888888888884,0.2459016393442623,0.4262295081967213,0.639344262295082
deepseek_r1_qwen7b,DeepSeek/Qwen-distill,arc_challenge,2025,cheap_plus_hidden_summary__extratrees,0.6406419240328299,0.324048450172633,0.31659347386019693,0.6527777777777778,0.3472222222222222,0.5740740740740741,0.42592592592592593,0.5833333333333334,0.41666666666666663,0.22950819672131148,0.4918032786885246,0.6557377049180327
deepseek_r1_qwen7b,DeepSeek/Qwen-distill,arc_challenge,2025,cheap_plus_hidden_summary__hgb,0.6873833862626262,0.37078991240242926,0.31659347386019693,0.6527777777777778,0.3472222222222222,0.6296296296296297,0.37037037037037035,0.6944444444444444,0.3055555555555556,0.22950819672131148,0.4426229508196721,0.5901639344262295
deepseek_r1_qwen7b,DeepSeek/Qwen-distill,arc_challenge,2025,pca_hidden_embeddings__logreg,0.7261138784271879,0.40952040456699096,0.31659347386019693,0.6666666666666666,0.33333333333333337,0.6666666666666666,0.33333333333333337,0.7222222222222222,0.2777777777777778,0.21311475409836064,0.4098360655737705,0.5737704918032787
deepseek_r1_qwen7b,DeepSeek/Qwen-distill,arc_challenge,2025,pca_hidden_embeddings__mlp,0.7169297342165565,0.40033626035635955,0.31659347386019693,0.6944444444444444,0.3055555555555556,0.7222222222222222,0.2777777777777778,0.6666666666666666,0.33333333333333337,0.18032786885245902,0.36065573770491804,0.6065573770491803
deepseek_r1_qwen7b,DeepSeek/Qwen-distill,arc_challenge,2025,pca_hidden_embeddings__extratrees,0.6438381647230739,0.32724469086287694,0.31659347386019693,0.6527777777777778,0.3472222222222222,0.7037037037037037,0.2962962962962963,0.6944444444444444,0.3055555555555556,0.22950819672131148,0.3770491803278688,0.5901639344262295
deepseek_r1_qwen7b,DeepSeek/Qwen-distill,arc_challenge,2025,pca_hidden_embeddings__hgb,0.6455283945816056,0.3289349207214087,0.31659347386019693,0.625,0.375,0.6481481481481481,0.35185185185185186,0.6388888888888888,0.36111111111111116,0.26229508196721313,0.4262295081967213,0.6229508196721312
deepseek_r1_qwen7b,DeepSeek/Qwen-distill,arc_challenge,2025,cheap_plus_pca_hidden__logreg,0.6414643775058627,0.3248709036456658,0.31659347386019693,0.625,0.375,0.5555555555555556,0.4444444444444444,0.6944444444444444,0.3055555555555556,0.26229508196721313,0.5081967213114754,0.5901639344262295
deepseek_r1_qwen7b,DeepSeek/Qwen-distill,arc_challenge,2025,cheap_plus_pca_hidden__mlp,0.6626688436345696,0.34607536977437264,0.31659347386019693,0.6527777777777778,0.3472222222222222,0.6666666666666666,0.33333333333333337,0.6944444444444444,0.3055555555555556,0.22950819672131148,0.4098360655737705,0.5901639344262295
deepseek_r1_qwen7b,DeepSeek/Qwen-distill,arc_challenge,2025,cheap_plus_pca_hidden__extratrees,0.6017081027174319,0.285114628857235,0.31659347386019693,0.6527777777777778,0.3472222222222222,0.5925925925925926,0.40740740740740744,0.6388888888888888,0.36111111111111116,0.22950819672131148,0.47540983606557374,0.6229508196721312
deepseek_r1_qwen7b,DeepSeek/Qwen-distill,arc_challenge,2025,cheap_plus_pca_hidden__hgb,0.6726813103607098,0.35608783650051284,0.31659347386019693,0.6388888888888888,0.36111111111111116,0.6296296296296297,0.37037037037037035,0.6111111111111112,0.38888888888888884,0.2459016393442623,0.4426229508196721,0.639344262295082
deepseek_r1_qwen7b,DeepSeek/Qwen-distill,commonsenseqa,42,direct_pmax,0.6902501706167454,0.24708973290294362,0.4431604377138018,0.7458333333333333,0.25416666666666665,0.7444444444444445,0.25555555555555554,0.7,0.30000000000000004,0.2317596566523605,0.4248927038626609,0.6394849785407726
deepseek_r1_qwen7b,DeepSeek/Qwen-distill,commonsenseqa,42,cheap_confidence_option__logreg,0.6850545144408766,0.2418940767270748,0.4431604377138018,0.7458333333333333,0.25416666666666665,0.75,0.25,0.7083333333333334,0.29166666666666663,0.2317596566523605,0.4206008583690987,0.6351931330472103
deepseek_r1_qwen7b,DeepSeek/Qwen-distill,commonsenseqa,42,cheap_confidence_option__mlp,0.8082329374730324,0.36507249975923056,0.4431604377138018,0.7833333333333333,0.21666666666666667,0.8166666666666667,0.18333333333333335,0.8333333333333334,0.16666666666666663,0.19313304721030042,0.36909871244635195,0.5708154506437768
deepseek_r1_qwen7b,DeepSeek/Qwen-distill,commonsenseqa,42,cheap_confidence_option__extratrees,0.7222044808263145,0.2790440431125127,0.4431604377138018,0.7541666666666667,0.24583333333333335,0.75,0.25,0.75,0.25,0.22317596566523606,0.4206008583690987,0.6137339055793991
deepseek_r1_qwen7b,DeepSeek/Qwen-distill,commonsenseqa,42,cheap_confidence_option__hgb,0.744714047586605,0.30155360987280316,0.4431604377138018,0.7666666666666667,0.23333333333333328,0.7444444444444445,0.25555555555555554,0.7166666666666667,0.2833333333333333,0.21030042918454936,0.4248927038626609,0.630901287553648
deepseek_r1_qwen7b,DeepSeek/Qwen-distill,commonsenseqa,42,hidden_summary_only__logreg,0.791657075489182,0.34849663777538015,0.4431604377138018,0.7916666666666666,0.20833333333333337,0.7888888888888889,0.21111111111111114,0.7916666666666666,0.20833333333333337,0.18454935622317598,0.3905579399141631,0.592274678111588
deepseek_r1_qwen7b,DeepSeek/Qwen-distill,commonsenseqa,42,hidden_summary_only__mlp,0.777833824946223,0.3346733872324212,0.4431604377138018,0.7916666666666666,0.20833333333333337,0.8,0.19999999999999996,0.7833333333333333,0.21666666666666667,0.18454935622317598,0.38197424892703863,0.5965665236051502
deepseek_r1_qwen7b,DeepSeek/Qwen-distill,commonsenseqa,42,hidden_summary_only__extratrees,0.7921022500237083,0.34894181230990645,0.4431604377138018,0.8,0.19999999999999996,0.8055555555555556,0.19444444444444442,0.7916666666666666,0.20833333333333337,0.1759656652360515,0.3776824034334764,0.592274678111588
deepseek_r1_qwen7b,DeepSeek/Qwen-distill,commonsenseqa,42,hidden_summary_only__hgb,0.7921462357575382,0.34898579804373636,0.4431604377138018,0.8041666666666667,0.1958333333333333,0.8222222222222222,0.1777777777777778,0.7833333333333333,0.21666666666666667,0.17167381974248927,0.3648068669527897,0.5965665236051502
deepseek_r1_qwen7b,DeepSeek/Qwen-distill,commonsenseqa,42,cheap_plus_hidden_summary__logreg,0.7147788448519666,0.2716184071381648,0.4431604377138018,0.7666666666666667,0.23333333333333328,0.7444444444444445,0.25555555555555554,0.7083333333333334,0.29166666666666663,0.21030042918454936,0.4248927038626609,0.6351931330472103
deepseek_r1_qwen7b,DeepSeek/Qwen-distill,commonsenseqa,42,cheap_plus_hidden_summary__mlp,0.7815984088546344,0.33843797114083257,0.4431604377138018,0.7958333333333333,0.20416666666666672,0.7777777777777778,0.2222222222222222,0.7666666666666667,0.23333333333333328,0.18025751072961374,0.39914163090128757,0.6051502145922747
deepseek_r1_qwen7b,DeepSeek/Qwen-distill,commonsenseqa,42,cheap_plus_hidden_summary__extratrees,0.7151606094898275,0.2720001717760257,0.4431604377138018,0.775,0.22499999999999998,0.7666666666666667,0.23333333333333328,0.725,0.275,0.2017167381974249,0.40772532188841204,0.6266094420600858
deepseek_r1_qwen7b,DeepSeek/Qwen-distill,commonsenseqa,42,cheap_plus_hidden_summary__hgb,0.753242744287234,0.3100823065734322,0.4431604377138018,0.7791666666666667,0.22083333333333333,0.7777777777777778,0.2222222222222222,0.7333333333333333,0.2666666666666667,0.19742489270386265,0.39914163090128757,0.6223175965665236
deepseek_r1_qwen7b,DeepSeek/Qwen-distill,commonsenseqa,42,pca_hidden_embeddings__logreg,0.7552645654778244,0.3121041277640226,0.4431604377138018,0.7791666666666667,0.22083333333333333,0.7888888888888889,0.21111111111111114,0.7583333333333333,0.2416666666666667,0.19742489270386265,0.3905579399141631,0.6094420600858369
deepseek_r1_qwen7b,DeepSeek/Qwen-distill,commonsenseqa,42,pca_hidden_embeddings__mlp,0.7836554334649842,0.3404949957511824,0.4431604377138018,0.7875,0.21250000000000002,0.7777777777777778,0.2222222222222222,0.775,0.22499999999999998,0.1888412017167382,0.39914163090128757,0.6008583690987125
deepseek_r1_qwen7b,DeepSeek/Qwen-distill,commonsenseqa,42,pca_hidden_embeddings__extratrees,0.7560429074070681,0.31288246969326633,0.4431604377138018,0.775,0.22499999999999998,0.7722222222222223,0.22777777777777775,0.7666666666666667,0.23333333333333328,0.2017167381974249,0.4034334763948498,0.6051502145922747
deepseek_r1_qwen7b,DeepSeek/Qwen-distill,commonsenseqa,42,pca_hidden_embeddings__hgb,0.7621069759098777,0.31894653819607593,0.4431604377138018,0.7708333333333334,0.22916666666666663,0.7666666666666667,0.23333333333333328,0.7583333333333333,0.2416666666666667,0.20600858369098712,0.40772532188841204,0.6094420600858369
deepseek_r1_qwen7b,DeepSeek/Qwen-distill,commonsenseqa,42,cheap_plus_pca_hidden__logreg,0.7046538281278895,0.26149339041408765,0.4431604377138018,0.7708333333333334,0.22916666666666663,0.7444444444444445,0.25555555555555554,0.7416666666666667,0.2583333333333333,0.20600858369098712,0.4248927038626609,0.6180257510729614
deepseek_r1_qwen7b,DeepSeek/Qwen-distill,commonsenseqa,42,cheap_plus_pca_hidden__mlp,0.7387546149219534,0.29559417720815157,0.4431604377138018,0.7916666666666666,0.20833333333333337,0.7555555555555555,0.24444444444444446,0.75,0.25,0.18454935622317598,0.41630901287553645,0.6137339055793991
deepseek_r1_qwen7b,DeepSeek/Qwen-distill,commonsenseqa,42,cheap_plus_pca_hidden__extratrees,0.7068538914037957,0.2636934536899939,0.4431604377138018,0.775,0.22499999999999998,0.7666666666666667,0.23333333333333328,0.7083333333333334,0.29166666666666663,0.2017167381974249,0.40772532188841204,0.6351931330472103
deepseek_r1_qwen7b,DeepSeek/Qwen-distill,commonsenseqa,42,cheap_plus_pca_hidden__hgb,0.7266268707495591,0.2834664330357573,0.4431604377138018,0.7625,0.23750000000000004,0.7388888888888889,0.26111111111111107,0.725,0.275,0.2145922746781116,0.4291845493562232,0.6266094420600858
deepseek_r1_qwen7b,DeepSeek/Qwen-distill,commonsenseqa,7,direct_pmax,0.6934098454283528,0.250249407714551,0.4431604377138018,0.7708333333333334,0.22916666666666663,0.7555555555555555,0.24444444444444446,0.6916666666666667,0.30833333333333335,0.20600858369098712,0.41630901287553645,0.6437768240343348
deepseek_r1_qwen7b,DeepSeek/Qwen-distill,commonsenseqa,7,cheap_confidence_option__logreg,0.6620190838800665,0.21885864616626466,0.4431604377138018,0.7458333333333333,0.25416666666666665,0.7055555555555556,0.2944444444444444,0.6666666666666666,0.33333333333333337,0.2317596566523605,0.45493562231759654,0.6566523605150214
deepseek_r1_qwen7b,DeepSeek/Qwen-distill,commonsenseqa,7,cheap_confidence_option__mlp,0.7743551313432313,0.3311946936294295,0.4431604377138018,0.8,0.19999999999999996,0.7888888888888889,0.21111111111111114,0.8,0.19999999999999996,0.1759656652360515,0.3905579399141631,0.5879828326180258
deepseek_r1_qwen7b,DeepSeek/Qwen-distill,commonsenseqa,7,cheap_confidence_option__extratrees,0.6904517486500757,0.24729131093627393,0.4431604377138018,0.7541666666666667,0.24583333333333335,0.7277777777777777,0.27222222222222225,0.7166666666666667,0.2833333333333333,0.22317596566523606,0.43776824034334766,0.630901287553648
deepseek_r1_qwen7b,DeepSeek/Qwen-distill,commonsenseqa,7,cheap_confidence_option__hgb,0.7297477664983775,0.28658732878457566,0.4431604377138018,0.7708333333333334,0.22916666666666663,0.7555555555555555,0.24444444444444446,0.75,0.25,0.20600858369098712,0.41630901287553645,0.6137339055793991
deepseek_r1_qwen7b,DeepSeek/Qwen-distill,commonsenseqa,7,hidden_summary_only__logreg,0.7738664982238678,0.33070606051006596,0.4431604377138018,0.7666666666666667,0.23333333333333328,0.7611111111111111,0.23888888888888893,0.7916666666666666,0.20833333333333337,0.21030042918454936,0.41201716738197425,0.592274678111588
deepseek_r1_qwen7b,DeepSeek/Qwen-distill,commonsenseqa,7,hidden_summary_only__mlp,0.7856186241555713,0.34245818644176945,0.4431604377138018,0.7666666666666667,0.23333333333333328,0.7833333333333333,0.21666666666666667,0.775,0.22499999999999998,0.21030042918454936,0.3948497854077253,0.6008583690987125
deepseek_r1_qwen7b,DeepSeek/Qwen-distill,commonsenseqa,7,hidden_summary_only__extratrees,0.7963310225056514,0.35317058479184954,0.4431604377138018,0.775,0.22499999999999998,0.7777777777777778,0.2222222222222222,0.775,0.22499999999999998,0.2017167381974249,0.39914163090128757,0.6008583690987125
deepseek_r1_qwen7b,DeepSeek/Qwen-distill,commonsenseqa,7,hidden_summary_only__hgb,0.774584978515214,0.3314245408014122,0.4431604377138018,0.7791666666666667,0.22083333333333333,0.7833333333333333,0.21666666666666667,0.7666666666666667,0.23333333333333328,0.19742489270386265,0.3948497854077253,0.6051502145922747
deepseek_r1_qwen7b,DeepSeek/Qwen-distill,commonsenseqa,7,cheap_plus_hidden_summary__logreg,0.6895349488092688,0.24637451109546699,0.4431604377138018,0.7541666666666667,0.24583333333333335,0.7111111111111111,0.28888888888888886,0.6833333333333333,0.31666666666666665,0.22317596566523606,0.45064377682403434,0.648068669527897
deepseek_r1_qwen7b,DeepSeek/Qwen-distill,commonsenseqa,7,cheap_plus_hidden_summary__mlp,0.7956950874128017,0.3525346496989999,0.4431604377138018,0.7875,0.21250000000000002,0.7777777777777778,0.2222222222222222,0.7583333333333333,0.2416666666666667,0.1888412017167382,0.39914163090128757,0.6094420600858369
deepseek_r1_qwen7b,DeepSeek/Qwen-distill,commonsenseqa,7,cheap_plus_hidden_summary__extratrees,0.711539707343721,0.26837926962991915,0.4431604377138018,0.7708333333333334,0.22916666666666663,0.7611111111111111,0.23888888888888893,0.7333333333333333,0.2666666666666667,0.20600858369098712,0.41201716738197425,0.6223175965665236
deepseek_r1_qwen7b,DeepSeek/Qwen-distill,commonsenseqa,7,cheap_plus_hidden_summary__hgb,0.7483943472405198,0.305233909526718,0.4431604377138018,0.7541666666666667,0.24583333333333335,0.75,0.25,0.7333333333333333,0.2666666666666667,0.22317596566523606,0.4206008583690987,0.6223175965665236
deepseek_r1_qwen7b,DeepSeek/Qwen-distill,commonsenseqa,7,pca_hidden_embeddings__logreg,0.773715890078632,0.33055545236483014,0.4431604377138018,0.7666666666666667,0.23333333333333328,0.7555555555555555,0.24444444444444446,0.7583333333333333,0.2416666666666667,0.21030042918454936,0.41630901287553645,0.6094420600858369
deepseek_r1_qwen7b,DeepSeek/Qwen-distill,commonsenseqa,7,pca_hidden_embeddings__mlp,0.7798726531978195,0.3367122154840177,0.4431604377138018,0.775,0.22499999999999998,0.7777777777777778,0.2222222222222222,0.7916666666666666,0.20833333333333337,0.2017167381974249,0.39914163090128757,0.592274678111588
deepseek_r1_qwen7b,DeepSeek/Qwen-distill,commonsenseqa,7,pca_hidden_embeddings__extratrees,0.7610391450343563,0.3178787073205545,0.4431604377138018,0.75,0.25,0.7722222222222223,0.22777777777777775,0.75,0.25,0.22746781115879827,0.4034334763948498,0.6137339055793991
deepseek_r1_qwen7b,DeepSeek/Qwen-distill,commonsenseqa,7,pca_hidden_embeddings__hgb,0.7499597726669386,0.30679933495313677,0.4431604377138018,0.7625,0.23750000000000004,0.7555555555555555,0.24444444444444446,0.75,0.25,0.2145922746781116,0.41630901287553645,0.6137339055793991
deepseek_r1_qwen7b,DeepSeek/Qwen-distill,commonsenseqa,7,cheap_plus_pca_hidden__logreg,0.6980309300298315,0.2548704923160297,0.4431604377138018,0.7666666666666667,0.23333333333333328,0.7388888888888889,0.26111111111111107,0.6833333333333333,0.31666666666666665,0.21030042918454936,0.4291845493562232,0.648068669527897
deepseek_r1_qwen7b,DeepSeek/Qwen-distill,commonsenseqa,7,cheap_plus_pca_hidden__mlp,0.7328269023120954,0.28966646459829354,0.4431604377138018,0.7666666666666667,0.23333333333333328,0.7611111111111111,0.23888888888888893,0.75,0.25,0.21030042918454936,0.41201716738197425,0.6137339055793991
deepseek_r1_qwen7b,DeepSeek/Qwen-distill,commonsenseqa,7,cheap_plus_pca_hidden__extratrees,0.6652275784341856,0.22206714072038375,0.4431604377138018,0.7458333333333333,0.25416666666666665,0.7333333333333333,0.2666666666666667,0.6666666666666666,0.33333333333333337,0.2317596566523605,0.4334763948497854,0.6566523605150214
deepseek_r1_qwen7b,DeepSeek/Qwen-distill,commonsenseqa,7,cheap_plus_pca_hidden__hgb,0.6872032224994604,0.2440427847856586,0.4431604377138018,0.7666666666666667,0.23333333333333328,0.7333333333333333,0.2666666666666667,0.6916666666666667,0.30833333333333335,0.21030042918454936,0.4334763948497854,0.6437768240343348
deepseek_r1_qwen7b,DeepSeek/Qwen-distill,commonsenseqa,123,direct_pmax,0.685679255613059,0.24251881789925717,0.4431604377138018,0.775,0.22499999999999998,0.75,0.25,0.7,0.30000000000000004,0.2017167381974249,0.4206008583690987,0.6394849785407726
deepseek_r1_qwen7b,DeepSeek/Qwen-distill,commonsenseqa,123,cheap_confidence_option__logreg,0.6589618208693395,0.2158013831555377,0.4431604377138018,0.7416666666666667,0.2583333333333333,0.7222222222222222,0.2777777777777778,0.6666666666666666,0.33333333333333337,0.23605150214592274,0.44206008583690987,0.6566523605150214
deepseek_r1_qwen7b,DeepSeek/Qwen-distill,commonsenseqa,123,cheap_confidence_option__mlp,0.8209018726269225,0.3777414349131207,0.4431604377138018,0.7916666666666666,0.20833333333333337,0.8166666666666667,0.18333333333333335,0.8333333333333334,0.16666666666666663,0.18454935622317598,0.36909871244635195,0.5708154506437768
deepseek_r1_qwen7b,DeepSeek/Qwen-distill,commonsenseqa,123,cheap_confidence_option__extratrees,0.6799518495709141,0.23679141185711233,0.4431604377138018,0.75,0.25,0.7277777777777777,0.27222222222222225,0.6833333333333333,0.31666666666666665,0.22746781115879827,0.43776824034334766,0.648068669527897
deepseek_r1_qwen7b,DeepSeek/Qwen-distill,commonsenseqa,123,cheap_confidence_option__hgb,0.6945161541028042,0.2513557163890024,0.4431604377138018,0.7583333333333333,0.2416666666666667,0.7388888888888889,0.26111111111111107,0.6833333333333333,0.31666666666666665,0.21888412017167383,0.4291845493562232,0.648068669527897
deepseek_r1_qwen7b,DeepSeek/Qwen-distill,commonsenseqa,123,hidden_summary_only__logreg,0.7702411909796518,0.32708075326585,0.4431604377138018,0.775,0.22499999999999998,0.7666666666666667,0.23333333333333328,0.75,0.25,0.2017167381974249,0.40772532188841204,0.6137339055793991
deepseek_r1_qwen7b,DeepSeek/Qwen-distill,commonsenseqa,123,hidden_summary_only__mlp,0.7915638489352653,0.3484034112214635,0.4431604377138018,0.7625,0.23750000000000004,0.7777777777777778,0.2222222222222222,0.7833333333333333,0.21666666666666667,0.2145922746781116,0.39914163090128757,0.5965665236051502
deepseek_r1_qwen7b,DeepSeek/Qwen-distill,commonsenseqa,123,hidden_summary_only__extratrees,0.7742232744614707,0.33106283674766884,0.4431604377138018,0.7666666666666667,0.23333333333333328,0.8,0.19999999999999996,0.8,0.19999999999999996,0.21030042918454936,0.38197424892703863,0.5879828326180258
deepseek_r1_qwen7b,DeepSeek/Qwen-distill,commonsenseqa,123,hidden_summary_only__hgb,0.7962769496140292,0.35311651190022736,0.4431604377138018,0.7708333333333334,0.22916666666666663,0.8055555555555556,0.19444444444444442,0.8,0.19999999999999996,0.20600858369098712,0.3776824034334764,0.5879828326180258
deepseek_r1_qwen7b,DeepSeek/Qwen-distill,commonsenseqa,123,cheap_plus_hidden_summary__logreg,0.6865722120042854,0.2434117742904836,0.4431604377138018,0.7541666666666667,0.24583333333333335,0.7444444444444445,0.25555555555555554,0.7083333333333334,0.29166666666666663,0.22317596566523606,0.4248927038626609,0.6351931330472103
deepseek_r1_qwen7b,DeepSeek/Qwen-distill,commonsenseqa,123,cheap_plus_hidden_summary__mlp,0.7982779771813688,0.355117539467567,0.4431604377138018,0.7958333333333333,0.20416666666666672,0.8055555555555556,0.19444444444444442,0.7833333333333333,0.21666666666666667,0.18025751072961374,0.3776824034334764,0.5965665236051502
deepseek_r1_qwen7b,DeepSeek/Qwen-distill,commonsenseqa,123,cheap_plus_hidden_summary__extratrees,0.6747910044927133,0.23163056677891153,0.4431604377138018,0.7583333333333333,0.2416666666666667,0.7444444444444445,0.25555555555555554,0.7083333333333334,0.29166666666666663,0.21888412017167383,0.4248927038626609,0.6351931330472103
deepseek_r1_qwen7b,DeepSeek/Qwen-distill,commonsenseqa,123,cheap_plus_hidden_summary__hgb,0.6997488969170624,0.2565884592032606,0.4431604377138018,0.7708333333333334,0.22916666666666663,0.7444444444444445,0.25555555555555554,0.6916666666666667,0.30833333333333335,0.20600858369098712,0.4248927038626609,0.6437768240343348
deepseek_r1_qwen7b,DeepSeek/Qwen-distill,commonsenseqa,123,pca_hidden_embeddings__logreg,0.7491906726303441,0.3060302349165423,0.4431604377138018,0.7666666666666667,0.23333333333333328,0.7777777777777778,0.2222222222222222,0.7833333333333333,0.21666666666666667,0.21030042918454936,0.39914163090128757,0.5965665236051502
deepseek_r1_qwen7b,DeepSeek/Qwen-distill,commonsenseqa,123,pca_hidden_embeddings__mlp,0.7853861068226665,0.3422256691088647,0.4431604377138018,0.7791666666666667,0.22083333333333333,0.7666666666666667,0.23333333333333328,0.75,0.25,0.19742489270386265,0.40772532188841204,0.6137339055793991
deepseek_r1_qwen7b,DeepSeek/Qwen-distill,commonsenseqa,123,pca_hidden_embeddings__extratrees,0.7684707571617874,0.32531031944798555,0.4431604377138018,0.7666666666666667,0.23333333333333328,0.7611111111111111,0.23888888888888893,0.775,0.22499999999999998,0.21030042918454936,0.41201716738197425,0.6008583690987125
deepseek_r1_qwen7b,DeepSeek/Qwen-distill,commonsenseqa,123,pca_hidden_embeddings__hgb,0.7796861386646875,0.3365257009508857,0.4431604377138018,0.7708333333333334,0.22916666666666663,0.7666666666666667,0.23333333333333328,0.8,0.19999999999999996,0.20600858369098712,0.40772532188841204,0.5879828326180258
deepseek_r1_qwen7b,DeepSeek/Qwen-distill,commonsenseqa,123,cheap_plus_pca_hidden__logreg,0.6974579616194225,0.2542975239056207,0.4431604377138018,0.7625,0.23750000000000004,0.7444444444444445,0.25555555555555554,0.7166666666666667,0.2833333333333333,0.2145922746781116,0.4248927038626609,0.630901287553648
deepseek_r1_qwen7b,DeepSeek/Qwen-distill,commonsenseqa,123,cheap_plus_pca_hidden__mlp,0.7976413647468653,0.3544809270330635,0.4431604377138018,0.7833333333333333,0.21666666666666667,0.7666666666666667,0.23333333333333328,0.7916666666666666,0.20833333333333337,0.19313304721030042,0.40772532188841204,0.592274678111588
deepseek_r1_qwen7b,DeepSeek/Qwen-distill,commonsenseqa,123,cheap_plus_pca_hidden__extratrees,0.6661140525205358,0.22295361480673398,0.4431604377138018,0.7458333333333333,0.25416666666666665,0.7277777777777777,0.27222222222222225,0.6833333333333333,0.31666666666666665,0.2317596566523605,0.43776824034334766,0.648068669527897
deepseek_r1_qwen7b,DeepSeek/Qwen-distill,commonsenseqa,123,cheap_plus_pca_hidden__hgb,0.7277035027051476,0.2845430649913458,0.4431604377138018,0.7666666666666667,0.23333333333333328,0.7388888888888889,0.26111111111111107,0.7083333333333334,0.29166666666666663,0.21030042918454936,0.4291845493562232,0.6351931330472103
deepseek_r1_qwen7b,DeepSeek/Qwen-distill,commonsenseqa,777,direct_pmax,0.6940856051061178,0.250925167392316,0.4431604377138018,0.7541666666666667,0.24583333333333335,0.7611111111111111,0.23888888888888893,0.75,0.25,0.22317596566523606,0.41201716738197425,0.6137339055793991
deepseek_r1_qwen7b,DeepSeek/Qwen-distill,commonsenseqa,777,cheap_confidence_option__logreg,0.6946870985590768,0.25152666084527503,0.4431604377138018,0.7583333333333333,0.2416666666666667,0.7388888888888889,0.26111111111111107,0.7,0.30000000000000004,0.21888412017167383,0.4291845493562232,0.6394849785407726
deepseek_r1_qwen7b,DeepSeek/Qwen-distill,commonsenseqa,777,cheap_confidence_option__mlp,0.7749089018534986,0.3317484641396968,0.4431604377138018,0.8083333333333333,0.19166666666666665,0.8111111111111111,0.18888888888888888,0.7833333333333333,0.21666666666666667,0.16738197424892703,0.37339055793991416,0.5965665236051502
deepseek_r1_qwen7b,DeepSeek/Qwen-distill,commonsenseqa,777,cheap_confidence_option__extratrees,0.6797338717148439,0.23657343400104208,0.4431604377138018,0.7458333333333333,0.25416666666666665,0.7555555555555555,0.24444444444444446,0.7083333333333334,0.29166666666666663,0.2317596566523605,0.41630901287553645,0.6351931330472103
deepseek_r1_qwen7b,DeepSeek/Qwen-distill,commonsenseqa,777,cheap_confidence_option__hgb,0.7250113800875699,0.2818509423737681,0.4431604377138018,0.7666666666666667,0.23333333333333328,0.7555555555555555,0.24444444444444446,0.75,0.25,0.21030042918454936,0.41630901287553645,0.6137339055793991
deepseek_r1_qwen7b,DeepSeek/Qwen-distill,commonsenseqa,777,hidden_summary_only__logreg,0.8003869158083755,0.3572264780945737,0.4431604377138018,0.775,0.22499999999999998,0.7777777777777778,0.2222222222222222,0.7916666666666666,0.20833333333333337,0.2017167381974249,0.39914163090128757,0.592274678111588
deepseek_r1_qwen7b,DeepSeek/Qwen-distill,commonsenseqa,777,hidden_summary_only__mlp,0.7352485802099843,0.2920881424961825,0.4431604377138018,0.7708333333333334,0.22916666666666663,0.75,0.25,0.7583333333333333,0.2416666666666667,0.20600858369098712,0.4206008583690987,0.6094420600858369
deepseek_r1_qwen7b,DeepSeek/Qwen-distill,commonsenseqa,777,hidden_summary_only__extratrees,0.8270126933885602,0.3838522556747584,0.4431604377138018,0.8041666666666667,0.1958333333333333,0.8166666666666667,0.18333333333333335,0.8333333333333334,0.16666666666666663,0.17167381974248927,0.36909871244635195,0.5708154506437768
deepseek_r1_qwen7b,DeepSeek/Qwen-distill,commonsenseqa,777,hidden_summary_only__hgb,0.8161708848760704,0.37301044716226855,0.4431604377138018,0.8,0.19999999999999996,0.8,0.19999999999999996,0.8333333333333334,0.16666666666666663,0.1759656652360515,0.38197424892703863,0.5708154506437768
deepseek_r1_qwen7b,DeepSeek/Qwen-distill,commonsenseqa,777,cheap_plus_hidden_summary__logreg,0.7142471057861735,0.27108666807237164,0.4431604377138018,0.7625,0.23750000000000004,0.7611111111111111,0.23888888888888893,0.725,0.275,0.2145922746781116,0.41201716738197425,0.6266094420600858
deepseek_r1_qwen7b,DeepSeek/Qwen-distill,commonsenseqa,777,cheap_plus_hidden_summary__mlp,0.7962167213461163,0.3530562836323145,0.4431604377138018,0.7875,0.21250000000000002,0.7833333333333333,0.21666666666666667,0.8166666666666667,0.18333333333333335,0.1888412017167382,0.3948497854077253,0.5793991416309013
deepseek_r1_qwen7b,DeepSeek/Qwen-distill,commonsenseqa,777,cheap_plus_hidden_summary__extratrees,0.7013876044092817,0.2582271666954799,0.4431604377138018,0.775,0.22499999999999998,0.7722222222222223,0.22777777777777775,0.75,0.25,0.2017167381974249,0.4034334763948498,0.6137339055793991
deepseek_r1_qwen7b,DeepSeek/Qwen-distill,commonsenseqa,777,cheap_plus_hidden_summary__hgb,0.7274969860959677,0.2843365483821659,0.4431604377138018,0.7708333333333334,0.22916666666666663,0.7611111111111111,0.23888888888888893,0.75,0.25,0.20600858369098712,0.41201716738197425,0.6137339055793991
deepseek_r1_qwen7b,DeepSeek/Qwen-distill,commonsenseqa,777,pca_hidden_embeddings__logreg,0.755627366250974,0.31246692853717223,0.4431604377138018,0.7625,0.23750000000000004,0.7555555555555555,0.24444444444444446,0.725,0.275,0.2145922746781116,0.41630901287553645,0.6266094420600858
deepseek_r1_qwen7b,DeepSeek/Qwen-distill,commonsenseqa,777,pca_hidden_embeddings__mlp,0.7245631369870944,0.2814026992732926,0.4431604377138018,0.7875,0.21250000000000002,0.7611111111111111,0.23888888888888893,0.7583333333333333,0.2416666666666667,0.1888412017167382,0.41201716738197425,0.6094420600858369
deepseek_r1_qwen7b,DeepSeek/Qwen-distill,commonsenseqa,777,pca_hidden_embeddings__extratrees,0.7482648343465366,0.30510439663273475,0.4431604377138018,0.7625,0.23750000000000004,0.7611111111111111,0.23888888888888893,0.7833333333333333,0.21666666666666667,0.2145922746781116,0.41201716738197425,0.5965665236051502
deepseek_r1_qwen7b,DeepSeek/Qwen-distill,commonsenseqa,777,pca_hidden_embeddings__hgb,0.7838533043553394,0.3406928666415376,0.4431604377138018,0.7791666666666667,0.22083333333333333,0.7722222222222223,0.22777777777777775,0.7833333333333333,0.21666666666666667,0.19742489270386265,0.4034334763948498,0.5965665236051502
deepseek_r1_qwen7b,DeepSeek/Qwen-distill,commonsenseqa,777,cheap_plus_pca_hidden__logreg,0.6973886530468727,0.2542282153330709,0.4431604377138018,0.7541666666666667,0.24583333333333335,0.7388888888888889,0.26111111111111107,0.7,0.30000000000000004,0.22317596566523606,0.4291845493562232,0.6394849785407726
deepseek_r1_qwen7b,DeepSeek/Qwen-distill,commonsenseqa,777,cheap_plus_pca_hidden__mlp,0.793529139795321,0.3503687020815192,0.4431604377138018,0.7958333333333333,0.20416666666666672,0.7944444444444444,0.2055555555555556,0.8333333333333334,0.16666666666666663,0.18025751072961374,0.38626609442060084,0.5708154506437768
deepseek_r1_qwen7b,DeepSeek/Qwen-distill,commonsenseqa,777,cheap_plus_pca_hidden__extratrees,0.6799450228811685,0.23678458516736672,0.4431604377138018,0.7583333333333333,0.2416666666666667,0.7611111111111111,0.23888888888888893,0.7333333333333333,0.2666666666666667,0.21888412017167383,0.41201716738197425,0.6223175965665236
deepseek_r1_qwen7b,DeepSeek/Qwen-distill,commonsenseqa,777,cheap_plus_pca_hidden__hgb,0.6946921710773755,0.25153173336357365,0.4431604377138018,0.7833333333333333,0.21666666666666667,0.75,0.25,0.6916666666666667,0.30833333333333335,0.19313304721030042,0.4206008583690987,0.6437768240343348
deepseek_r1_qwen7b,DeepSeek/Qwen-distill,commonsenseqa,2025,direct_pmax,0.69466342571903,0.25150298800522813,0.4431604377138018,0.7791666666666667,0.22083333333333333,0.7555555555555555,0.24444444444444446,0.7416666666666667,0.2583333333333333,0.19742489270386265,0.41630901287553645,0.6180257510729614
deepseek_r1_qwen7b,DeepSeek/Qwen-distill,commonsenseqa,2025,cheap_confidence_option__logreg,0.6720387092399495,0.22887827152614765,0.4431604377138018,0.7583333333333333,0.2416666666666667,0.7166666666666667,0.2833333333333333,0.6833333333333333,0.31666666666666665,0.21888412017167383,0.44635193133047213,0.648068669527897
deepseek_r1_qwen7b,DeepSeek/Qwen-distill,commonsenseqa,2025,cheap_confidence_option__mlp,0.8241099549085411,0.3809495171947393,0.4431604377138018,0.8041666666666667,0.1958333333333333,0.8222222222222222,0.1777777777777778,0.8166666666666667,0.18333333333333335,0.17167381974248927,0.3648068669527897,0.5793991416309013
deepseek_r1_qwen7b,DeepSeek/Qwen-distill,commonsenseqa,2025,cheap_confidence_option__extratrees,0.692243257032772,0.2490828193189702,0.4431604377138018,0.7708333333333334,0.22916666666666663,0.7611111111111111,0.23888888888888893,0.7166666666666667,0.2833333333333333,0.20600858369098712,0.41201716738197425,0.630901287553648
deepseek_r1_qwen7b,DeepSeek/Qwen-distill,commonsenseqa,2025,cheap_confidence_option__hgb,0.7442886480578764,0.3011282103440746,0.4431604377138018,0.7583333333333333,0.2416666666666667,0.7444444444444445,0.25555555555555554,0.75,0.25,0.21888412017167383,0.4248927038626609,0.6137339055793991
deepseek_r1_qwen7b,DeepSeek/Qwen-distill,commonsenseqa,2025,hidden_summary_only__logreg,0.7921183734855856,0.34895793577178374,0.4431604377138018,0.7833333333333333,0.21666666666666667,0.8055555555555556,0.19444444444444442,0.8166666666666667,0.18333333333333335,0.19313304721030042,0.3776824034334764,0.5793991416309013
deepseek_r1_qwen7b,DeepSeek/Qwen-distill,commonsenseqa,2025,hidden_summary_only__mlp,0.7939200569338541,0.35075961922005233,0.4431604377138018,0.7958333333333333,0.20416666666666672,0.7722222222222223,0.22777777777777775,0.7916666666666666,0.20833333333333337,0.18025751072961374,0.4034334763948498,0.592274678111588
deepseek_r1_qwen7b,DeepSeek/Qwen-distill,commonsenseqa,2025,hidden_summary_only__extratrees,0.8004679053375287,0.35730746762372684,0.4431604377138018,0.7916666666666666,0.20833333333333337,0.8111111111111111,0.18888888888888888,0.8083333333333333,0.19166666666666665,0.18454935622317598,0.37339055793991416,0.5836909871244635
deepseek_r1_qwen7b,DeepSeek/Qwen-distill,commonsenseqa,2025,hidden_summary_only__hgb,0.8035528723505814,0.36039243463677956,0.4431604377138018,0.7958333333333333,0.20416666666666672,0.8111111111111111,0.18888888888888888,0.8083333333333333,0.19166666666666665,0.18025751072961374,0.37339055793991416,0.5836909871244635
deepseek_r1_qwen7b,DeepSeek/Qwen-distill,commonsenseqa,2025,cheap_plus_hidden_summary__logreg,0.7192171954928006,0.2760567577789988,0.4431604377138018,0.7666666666666667,0.23333333333333328,0.7277777777777777,0.27222222222222225,0.7083333333333334,0.29166666666666663,0.21030042918454936,0.43776824034334766,0.6351931330472103
deepseek_r1_qwen7b,DeepSeek/Qwen-distill,commonsenseqa,2025,cheap_plus_hidden_summary__mlp,0.7889569684878317,0.3457965307740299,0.4431604377138018,0.8,0.19999999999999996,0.7888888888888889,0.21111111111111114,0.775,0.22499999999999998,0.1759656652360515,0.3905579399141631,0.6008583690987125
deepseek_r1_qwen7b,DeepSeek/Qwen-distill,commonsenseqa,2025,cheap_plus_hidden_summary__extratrees,0.7011226029475582,0.2579621652337564,0.4431604377138018,0.7583333333333333,0.2416666666666667,0.7444444444444445,0.25555555555555554,0.7,0.30000000000000004,0.21888412017167383,0.4248927038626609,0.6394849785407726
deepseek_r1_qwen7b,DeepSeek/Qwen-distill,commonsenseqa,2025,cheap_plus_hidden_summary__hgb,0.7211473724178133,0.27798693470401153,0.4431604377138018,0.7541666666666667,0.24583333333333335,0.7444444444444445,0.25555555555555554,0.7333333333333333,0.2666666666666667,0.22317596566523606,0.4248927038626609,0.6223175965665236
deepseek_r1_qwen7b,DeepSeek/Qwen-distill,commonsenseqa,2025,pca_hidden_embeddings__logreg,0.7474608120245791,0.30430037431077733,0.4431604377138018,0.7875,0.21250000000000002,0.7833333333333333,0.21666666666666667,0.7583333333333333,0.2416666666666667,0.1888412017167382,0.3948497854077253,0.6094420600858369
deepseek_r1_qwen7b,DeepSeek/Qwen-distill,commonsenseqa,2025,pca_hidden_embeddings__mlp,0.7698540685076071,0.32669363079380526,0.4431604377138018,0.7916666666666666,0.20833333333333337,0.7888888888888889,0.21111111111111114,0.7833333333333333,0.21666666666666667,0.18454935622317598,0.3905579399141631,0.5965665236051502
deepseek_r1_qwen7b,DeepSeek/Qwen-distill,commonsenseqa,2025,pca_hidden_embeddings__extratrees,0.7867337058388315,0.3435732681250297,0.4431604377138018,0.7833333333333333,0.21666666666666667,0.7722222222222223,0.22777777777777775,0.7833333333333333,0.21666666666666667,0.19313304721030042,0.4034334763948498,0.5965665236051502
deepseek_r1_qwen7b,DeepSeek/Qwen-distill,commonsenseqa,2025,pca_hidden_embeddings__hgb,0.7772132622704468,0.33405282455664503,0.4431604377138018,0.7666666666666667,0.23333333333333328,0.7611111111111111,0.23888888888888893,0.7916666666666666,0.20833333333333337,0.21030042918454936,0.41201716738197425,0.592274678111588
deepseek_r1_qwen7b,DeepSeek/Qwen-distill,commonsenseqa,2025,cheap_plus_pca_hidden__logreg,0.6982423290364085,0.25508189132260667,0.4431604377138018,0.7583333333333333,0.2416666666666667,0.7444444444444445,0.25555555555555554,0.7083333333333334,0.29166666666666663,0.21888412017167383,0.4248927038626609,0.6351931330472103
deepseek_r1_qwen7b,DeepSeek/Qwen-distill,commonsenseqa,2025,cheap_plus_pca_hidden__mlp,0.8108615218183202,0.36770108410451835,0.4431604377138018,0.7958333333333333,0.20416666666666672,0.8055555555555556,0.19444444444444442,0.8,0.19999999999999996,0.18025751072961374,0.3776824034334764,0.5879828326180258
deepseek_r1_qwen7b,DeepSeek/Qwen-distill,commonsenseqa,2025,cheap_plus_pca_hidden__extratrees,0.6834250243436012,0.24026458662979938,0.4431604377138018,0.775,0.22499999999999998,0.7444444444444445,0.25555555555555554,0.7083333333333334,0.29166666666666663,0.2017167381974249,0.4248927038626609,0.6351931330472103
deepseek_r1_qwen7b,DeepSeek/Qwen-distill,commonsenseqa,2025,cheap_plus_pca_hidden__hgb,0.7380685725375031,0.2949081348237013,0.4431604377138018,0.7708333333333334,0.22916666666666663,0.7555555555555555,0.24444444444444446,0.75,0.25,0.20600858369098712,0.41630901287553645,0.6137339055793991
deepseek_r1_qwen7b,DeepSeek/Qwen-distill,hellaswag,42,direct_pmax,0.7332030285892152,0.33769495304168273,0.3955080755475324,0.7375,0.26249999999999996,0.7666666666666667,0.23333333333333328,0.7666666666666667,0.23333333333333328,0.2062780269058296,0.3811659192825112,0.5874439461883408
deepseek_r1_qwen7b,DeepSeek/Qwen-distill,hellaswag,42,cheap_confidence_option__logreg,0.7406685414031349,0.34516046585560245,0.3955080755475324,0.7291666666666666,0.27083333333333337,0.75,0.25,0.7333333333333333,0.2666666666666667,0.21524663677130046,0.39461883408071746,0.6053811659192825
deepseek_r1_qwen7b,DeepSeek/Qwen-distill,hellaswag,42,cheap_confidence_option__mlp,0.7631886619698024,0.36768058642227,0.3955080755475324,0.7416666666666667,0.2583333333333333,0.7444444444444445,0.25555555555555554,0.7583333333333333,0.2416666666666667,0.20179372197309417,0.3991031390134529,0.5919282511210763
deepseek_r1_qwen7b,DeepSeek/Qwen-distill,hellaswag,42,cheap_confidence_option__extratrees,0.7578909913482791,0.36238291580074666,0.3955080755475324,0.7375,0.26249999999999996,0.7555555555555555,0.24444444444444446,0.8,0.19999999999999996,0.2062780269058296,0.3901345291479821,0.5695067264573991
deepseek_r1_qwen7b,DeepSeek/Qwen-distill,hellaswag,42,cheap_confidence_option__hgb,0.7429443995814785,0.3474363240339461,0.3955080755475324,0.7375,0.26249999999999996,0.7222222222222222,0.2777777777777778,0.7583333333333333,0.2416666666666667,0.2062780269058296,0.4170403587443946,0.5919282511210763
deepseek_r1_qwen7b,DeepSeek/Qwen-distill,hellaswag,42,hidden_summary_only__logreg,0.727778383438408,0.3322703078908755,0.3955080755475324,0.7291666666666666,0.27083333333333337,0.7277777777777777,0.27222222222222225,0.7,0.30000000000000004,0.21524663677130046,0.4125560538116592,0.6233183856502242
deepseek_r1_qwen7b,DeepSeek/Qwen-distill,hellaswag,42,hidden_summary_only__mlp,0.7391745909390935,0.3436665153915611,0.3955080755475324,0.7375,0.26249999999999996,0.7333333333333333,0.2666666666666667,0.775,0.22499999999999998,0.2062780269058296,0.4080717488789238,0.5829596412556054
deepseek_r1_qwen7b,DeepSeek/Qwen-distill,hellaswag,42,hidden_summary_only__extratrees,0.7437400088635775,0.3482319333160451,0.3955080755475324,0.7375,0.26249999999999996,0.7611111111111111,0.23888888888888893,0.7583333333333333,0.2416666666666667,0.2062780269058296,0.38565022421524664,0.5919282511210763
deepseek_r1_qwen7b,DeepSeek/Qwen-distill,hellaswag,42,hidden_summary_only__hgb,0.7696283444256443,0.3741202688781119,0.3955080755475324,0.7666666666666667,0.23333333333333328,0.7777777777777778,0.2222222222222222,0.7666666666666667,0.23333333333333328,0.17488789237668162,0.3721973094170404,0.5874439461883408
deepseek_r1_qwen7b,DeepSeek/Qwen-distill,hellaswag,42,cheap_plus_hidden_summary__logreg,0.7099316481651388,0.31442357261760634,0.3955080755475324,0.725,0.275,0.7222222222222222,0.2777777777777778,0.7,0.30000000000000004,0.21973094170403587,0.4170403587443946,0.6233183856502242
deepseek_r1_qwen7b,DeepSeek/Qwen-distill,hellaswag,42,cheap_plus_hidden_summary__mlp,0.755744660063288,0.3602365845157556,0.3955080755475324,0.7583333333333333,0.2416666666666667,0.7277777777777777,0.27222222222222225,0.7833333333333333,0.21666666666666667,0.18385650224215247,0.4125560538116592,0.57847533632287
deepseek_r1_qwen7b,DeepSeek/Qwen-distill,hellaswag,42,cheap_plus_hidden_summary__extratrees,0.7374043287710373,0.3418962532235049,0.3955080755475324,0.7458333333333333,0.25416666666666665,0.7611111111111111,0.23888888888888893,0.7583333333333333,0.2416666666666667,0.19730941704035873,0.38565022421524664,0.5919282511210763
deepseek_r1_qwen7b,DeepSeek/Qwen-distill,hellaswag,42,cheap_plus_hidden_summary__hgb,0.7546270189713367,0.35911894342380424,0.3955080755475324,0.7541666666666667,0.24583333333333335,0.7722222222222223,0.22777777777777775,0.7666666666666667,0.23333333333333328,0.18834080717488788,0.37668161434977576,0.5874439461883408
deepseek_r1_qwen7b,DeepSeek/Qwen-distill,hellaswag,42,pca_hidden_embeddings__logreg,0.716368408995478,0.3208603334479456,0.3955080755475324,0.7416666666666667,0.2583333333333333,0.7277777777777777,0.27222222222222225,0.7083333333333334,0.29166666666666663,0.20179372197309417,0.4125560538116592,0.6188340807174888
deepseek_r1_qwen7b,DeepSeek/Qwen-distill,hellaswag,42,pca_hidden_embeddings__mlp,0.7198833954891201,0.32437531994158764,0.3955080755475324,0.7333333333333333,0.2666666666666667,0.7055555555555556,0.2944444444444444,0.6833333333333333,0.31666666666666665,0.21076233183856502,0.4304932735426009,0.6322869955156951
deepseek_r1_qwen7b,DeepSeek/Qwen-distill,hellaswag,42,pca_hidden_embeddings__extratrees,0.7412462127688974,0.3457381372213649,0.3955080755475324,0.7458333333333333,0.25416666666666665,0.75,0.25,0.7333333333333333,0.2666666666666667,0.19730941704035873,0.39461883408071746,0.6053811659192825
deepseek_r1_qwen7b,DeepSeek/Qwen-distill,hellaswag,42,pca_hidden_embeddings__hgb,0.7254159932220448,0.32990791767451233,0.3955080755475324,0.7416666666666667,0.2583333333333333,0.7222222222222222,0.2777777777777778,0.7,0.30000000000000004,0.20179372197309417,0.4170403587443946,0.6233183856502242
deepseek_r1_qwen7b,DeepSeek/Qwen-distill,hellaswag,42,cheap_plus_pca_hidden__logreg,0.700546782185744,0.30503870663821153,0.3955080755475324,0.7333333333333333,0.2666666666666667,0.7,0.30000000000000004,0.6583333333333333,0.3416666666666667,0.21076233183856502,0.4349775784753363,0.6457399103139013
deepseek_r1_qwen7b,DeepSeek/Qwen-distill,hellaswag,42,cheap_plus_pca_hidden__mlp,0.7246052888865874,0.32909721333905495,0.3955080755475324,0.7375,0.26249999999999996,0.7055555555555556,0.2944444444444444,0.7,0.30000000000000004,0.2062780269058296,0.4304932735426009,0.6233183856502242
deepseek_r1_qwen7b,DeepSeek/Qwen-distill,hellaswag,42,cheap_plus_pca_hidden__extratrees,0.7246273269165747,0.3291192513690423,0.3955080755475324,0.7416666666666667,0.2583333333333333,0.7333333333333333,0.2666666666666667,0.6916666666666667,0.30833333333333335,0.20179372197309417,0.4080717488789238,0.6278026905829597
deepseek_r1_qwen7b,DeepSeek/Qwen-distill,hellaswag,42,cheap_plus_pca_hidden__hgb,0.7212353887194668,0.3257273131719344,0.3955080755475324,0.7375,0.26249999999999996,0.7222222222222222,0.2777777777777778,0.6916666666666667,0.30833333333333335,0.2062780269058296,0.4170403587443946,0.6278026905829597
deepseek_r1_qwen7b,DeepSeek/Qwen-distill,hellaswag,7,direct_pmax,0.7152285255881496,0.3197204500406172,0.3955080755475324,0.7416666666666667,0.2583333333333333,0.7277777777777777,0.27222222222222225,0.7166666666666667,0.2833333333333333,0.20179372197309417,0.4125560538116592,0.6143497757847534
deepseek_r1_qwen7b,DeepSeek/Qwen-distill,hellaswag,7,cheap_confidence_option__logreg,0.7128701394439357,0.3173620638964033,0.3955080755475324,0.7208333333333333,0.2791666666666667,0.7111111111111111,0.28888888888888886,0.7083333333333334,0.29166666666666663,0.2242152466367713,0.4260089686098655,0.6188340807174888
deepseek_r1_qwen7b,DeepSeek/Qwen-distill,hellaswag,7,cheap_confidence_option__mlp,0.6882929192901241,0.2927848437425917,0.3955080755475324,0.7291666666666666,0.27083333333333337,0.7277777777777777,0.27222222222222225,0.7166666666666667,0.2833333333333333,0.21524663677130046,0.4125560538116592,0.6143497757847534
deepseek_r1_qwen7b,DeepSeek/Qwen-distill,hellaswag,7,cheap_confidence_option__extratrees,0.7268666561072026,0.33135858055967016,0.3955080755475324,0.7458333333333333,0.25416666666666665,0.7388888888888889,0.26111111111111107,0.7416666666666667,0.2583333333333333,0.19730941704035873,0.40358744394618834,0.600896860986547
deepseek_r1_qwen7b,DeepSeek/Qwen-distill,hellaswag,7,cheap_confidence_option__hgb,0.7254997984266112,0.32999172287907874,0.3955080755475324,0.75,0.25,0.7611111111111111,0.23888888888888893,0.7083333333333334,0.29166666666666663,0.19282511210762332,0.38565022421524664,0.6188340807174888
deepseek_r1_qwen7b,DeepSeek/Qwen-distill,hellaswag,7,hidden_summary_only__logreg,0.661013922329925,0.26550584678239253,0.3955080755475324,0.7208333333333333,0.2791666666666667,0.7111111111111111,0.28888888888888886,0.675,0.32499999999999996,0.2242152466367713,0.4260089686098655,0.6367713004484304
deepseek_r1_qwen7b,DeepSeek/Qwen-distill,hellaswag,7,hidden_summary_only__mlp,0.7358521585186204,0.340344082971088,0.3955080755475324,0.7208333333333333,0.2791666666666667,0.7055555555555556,0.2944444444444444,0.7,0.30000000000000004,0.2242152466367713,0.4304932735426009,0.6233183856502242
deepseek_r1_qwen7b,DeepSeek/Qwen-distill,hellaswag,7,hidden_summary_only__extratrees,0.7116341396662725,0.3161260641187401,0.3955080755475324,0.7458333333333333,0.25416666666666665,0.7111111111111111,0.28888888888888886,0.6833333333333333,0.31666666666666665,0.19730941704035873,0.4260089686098655,0.6322869955156951
deepseek_r1_qwen7b,DeepSeek/Qwen-distill,hellaswag,7,hidden_summary_only__hgb,0.7536281357434882,0.35812006019595577,0.3955080755475324,0.725,0.275,0.7277777777777777,0.27222222222222225,0.75,0.25,0.21973094170403587,0.4125560538116592,0.5964125560538116
deepseek_r1_qwen7b,DeepSeek/Qwen-distill,hellaswag,7,cheap_plus_hidden_summary__logreg,0.6389207745070671,0.24341269895953466,0.3955080755475324,0.7208333333333333,0.2791666666666667,0.7,0.30000000000000004,0.6166666666666667,0.3833333333333333,0.2242152466367713,0.4349775784753363,0.6681614349775785
deepseek_r1_qwen7b,DeepSeek/Qwen-distill,hellaswag,7,cheap_plus_hidden_summary__mlp,0.7357300289513311,0.3402219534037987,0.3955080755475324,0.7125,0.2875,0.7111111111111111,0.28888888888888886,0.7166666666666667,0.2833333333333333,0.23318385650224216,0.4260089686098655,0.6143497757847534
deepseek_r1_qwen7b,DeepSeek/Qwen-distill,hellaswag,7,cheap_plus_hidden_summary__extratrees,0.7113474458053436,0.31583937025781117,0.3955080755475324,0.7291666666666666,0.27083333333333337,0.7166666666666667,0.2833333333333333,0.6666666666666666,0.33333333333333337,0.21524663677130046,0.42152466367713004,0.6412556053811659
deepseek_r1_qwen7b,DeepSeek/Qwen-distill,hellaswag,7,cheap_plus_hidden_summary__hgb,0.7199201547133726,0.32441207916584014,0.3955080755475324,0.7291666666666666,0.27083333333333337,0.7333333333333333,0.2666666666666667,0.7,0.30000000000000004,0.21524663677130046,0.4080717488789238,0.6233183856502242
deepseek_r1_qwen7b,DeepSeek/Qwen-distill,hellaswag,7,pca_hidden_embeddings__logreg,0.6978892148417392,0.30238113929420674,0.3955080755475324,0.7375,0.26249999999999996,0.7111111111111111,0.28888888888888886,0.6833333333333333,0.31666666666666665,0.2062780269058296,0.4260089686098655,0.6322869955156951
deepseek_r1_qwen7b,DeepSeek/Qwen-distill,hellaswag,7,pca_hidden_embeddings__mlp,0.7189207914218025,0.3234127158742701,0.3955080755475324,0.7291666666666666,0.27083333333333337,0.7111111111111111,0.28888888888888886,0.7666666666666667,0.23333333333333328,0.21524663677130046,0.4260089686098655,0.5874439461883408
deepseek_r1_qwen7b,DeepSeek/Qwen-distill,hellaswag,7,pca_hidden_embeddings__extratrees,0.7369079720507169,0.3413998965031845,0.3955080755475324,0.7333333333333333,0.2666666666666667,0.7222222222222222,0.2777777777777778,0.7083333333333334,0.29166666666666663,0.21076233183856502,0.4170403587443946,0.6188340807174888
deepseek_r1_qwen7b,DeepSeek/Qwen-distill,hellaswag,7,pca_hidden_embeddings__hgb,0.699427863570683,0.30391978802315056,0.3955080755475324,0.7458333333333333,0.25416666666666665,0.7222222222222222,0.2777777777777778,0.6916666666666667,0.30833333333333335,0.19730941704035873,0.4170403587443946,0.6278026905829597
deepseek_r1_qwen7b,DeepSeek/Qwen-distill,hellaswag,7,cheap_plus_pca_hidden__logreg,0.6757880494336869,0.28027997388615444,0.3955080755475324,0.7291666666666666,0.27083333333333337,0.6944444444444444,0.3055555555555556,0.675,0.32499999999999996,0.21524663677130046,0.43946188340807174,0.6367713004484304
deepseek_r1_qwen7b,DeepSeek/Qwen-distill,hellaswag,7,cheap_plus_pca_hidden__mlp,0.7213996505086943,0.32589157496116183,0.3955080755475324,0.7541666666666667,0.24583333333333335,0.7388888888888889,0.26111111111111107,0.75,0.25,0.18834080717488788,0.40358744394618834,0.5964125560538116
deepseek_r1_qwen7b,DeepSeek/Qwen-distill,hellaswag,7,cheap_plus_pca_hidden__extratrees,0.7278966810402658,0.3323886054927334,0.3955080755475324,0.7333333333333333,0.2666666666666667,0.7222222222222222,0.2777777777777778,0.7166666666666667,0.2833333333333333,0.21076233183856502,0.4170403587443946,0.6143497757847534
deepseek_r1_qwen7b,DeepSeek/Qwen-distill,hellaswag,7,cheap_plus_pca_hidden__hgb,0.7128792800958063,0.31737120454827383,0.3955080755475324,0.7375,0.26249999999999996,0.7388888888888889,0.26111111111111107,0.7416666666666667,0.2583333333333333,0.2062780269058296,0.40358744394618834,0.600896860986547
deepseek_r1_qwen7b,DeepSeek/Qwen-distill,hellaswag,123,direct_pmax,0.758145993608482,0.3626379180609496,0.3955080755475324,0.7583333333333333,0.2416666666666667,0.7666666666666667,0.23333333333333328,0.775,0.22499999999999998,0.18385650224215247,0.3811659192825112,0.5829596412556054
deepseek_r1_qwen7b,DeepSeek/Qwen-distill,hellaswag,123,cheap_confidence_option__logreg,0.7395616470015404,0.34405357145400794,0.3955080755475324,0.725,0.275,0.7222222222222222,0.2777777777777778,0.7583333333333333,0.2416666666666667,0.21973094170403587,0.4170403587443946,0.5919282511210763
deepseek_r1_qwen7b,DeepSeek/Qwen-distill,hellaswag,123,cheap_confidence_option__mlp,0.7776095520655176,0.3821014765179852,0.3955080755475324,0.7583333333333333,0.2416666666666667,0.7666666666666667,0.23333333333333328,0.7916666666666666,0.20833333333333337,0.18385650224215247,0.3811659192825112,0.5739910313901345
deepseek_r1_qwen7b,DeepSeek/Qwen-distill,hellaswag,123,cheap_confidence_option__extratrees,0.7444679731774217,0.3489598976298893,0.3955080755475324,0.7458333333333333,0.25416666666666665,0.7611111111111111,0.23888888888888893,0.7333333333333333,0.2666666666666667,0.19730941704035873,0.38565022421524664,0.6053811659192825
deepseek_r1_qwen7b,DeepSeek/Qwen-distill,hellaswag,123,cheap_confidence_option__hgb,0.7428243637486162,0.34731628820108373,0.3955080755475324,0.7416666666666667,0.2583333333333333,0.7277777777777777,0.27222222222222225,0.7333333333333333,0.2666666666666667,0.20179372197309417,0.4125560538116592,0.6053811659192825
deepseek_r1_qwen7b,DeepSeek/Qwen-distill,hellaswag,123,hidden_summary_only__logreg,0.7007467851546789,0.3052387096071465,0.3955080755475324,0.7291666666666666,0.27083333333333337,0.75,0.25,0.7166666666666667,0.2833333333333333,0.21524663677130046,0.39461883408071746,0.6143497757847534
deepseek_r1_qwen7b,DeepSeek/Qwen-distill,hellaswag,123,hidden_summary_only__mlp,0.7564330728174222,0.3609249972698898,0.3955080755475324,0.7416666666666667,0.2583333333333333,0.7722222222222223,0.22777777777777775,0.7833333333333333,0.21666666666666667,0.20179372197309417,0.37668161434977576,0.57847533632287
deepseek_r1_qwen7b,DeepSeek/Qwen-distill,hellaswag,123,hidden_summary_only__extratrees,0.766291252890863,0.37078317734333055,0.3955080755475324,0.775,0.22499999999999998,0.7777777777777778,0.2222222222222222,0.75,0.25,0.16591928251121077,0.3721973094170404,0.5964125560538116
deepseek_r1_qwen7b,DeepSeek/Qwen-distill,hellaswag,123,hidden_summary_only__hgb,0.7933716837674774,0.39786360821994493,0.3955080755475324,0.775,0.22499999999999998,0.7944444444444444,0.2055555555555556,0.8,0.19999999999999996,0.16591928251121077,0.35874439461883406,0.5695067264573991
deepseek_r1_qwen7b,DeepSeek/Qwen-distill,hellaswag,123,cheap_plus_hidden_summary__logreg,0.6759948364566167,0.2804867609090843,0.3955080755475324,0.7291666666666666,0.27083333333333337,0.7111111111111111,0.28888888888888886,0.6666666666666666,0.33333333333333337,0.21524663677130046,0.4260089686098655,0.6412556053811659
deepseek_r1_qwen7b,DeepSeek/Qwen-distill,hellaswag,123,cheap_plus_hidden_summary__mlp,0.7438586639473556,0.34835058839982314,0.3955080755475324,0.75,0.25,0.7222222222222222,0.2777777777777778,0.7083333333333334,0.29166666666666663,0.19282511210762332,0.4170403587443946,0.6188340807174888
deepseek_r1_qwen7b,DeepSeek/Qwen-distill,hellaswag,123,cheap_plus_hidden_summary__extratrees,0.7650681796388685,0.3695601040913361,0.3955080755475324,0.7416666666666667,0.2583333333333333,0.7333333333333333,0.2666666666666667,0.7666666666666667,0.23333333333333328,0.20179372197309417,0.4080717488789238,0.5874439461883408
deepseek_r1_qwen7b,DeepSeek/Qwen-distill,hellaswag,123,cheap_plus_hidden_summary__hgb,0.768898322558381,0.37339024701084855,0.3955080755475324,0.75,0.25,0.7611111111111111,0.23888888888888893,0.7666666666666667,0.23333333333333328,0.19282511210762332,0.38565022421524664,0.5874439461883408
deepseek_r1_qwen7b,DeepSeek/Qwen-distill,hellaswag,123,pca_hidden_embeddings__logreg,0.7195384631053348,0.32403038755780234,0.3955080755475324,0.75,0.25,0.7222222222222222,0.2777777777777778,0.725,0.275,0.19282511210762332,0.4170403587443946,0.6098654708520179
deepseek_r1_qwen7b,DeepSeek/Qwen-distill,hellaswag,123,pca_hidden_embeddings__mlp,0.7531536573841462,0.35764558183661377,0.3955080755475324,0.7375,0.26249999999999996,0.75,0.25,0.7583333333333333,0.2416666666666667,0.2062780269058296,0.39461883408071746,0.5919282511210763
deepseek_r1_qwen7b,DeepSeek/Qwen-distill,hellaswag,123,pca_hidden_embeddings__extratrees,0.775713654761879,0.3802055792143466,0.3955080755475324,0.7416666666666667,0.2583333333333333,0.7388888888888889,0.26111111111111107,0.7666666666666667,0.23333333333333328,0.20179372197309417,0.40358744394618834,0.5874439461883408
deepseek_r1_qwen7b,DeepSeek/Qwen-distill,hellaswag,123,pca_hidden_embeddings__hgb,0.7768420090653315,0.3813339335177991,0.3955080755475324,0.7375,0.26249999999999996,0.75,0.25,0.7833333333333333,0.21666666666666667,0.2062780269058296,0.39461883408071746,0.57847533632287
deepseek_r1_qwen7b,DeepSeek/Qwen-distill,hellaswag,123,cheap_plus_pca_hidden__logreg,0.7048793575529703,0.30937128200543784,0.3955080755475324,0.7208333333333333,0.2791666666666667,0.7222222222222222,0.2777777777777778,0.7,0.30000000000000004,0.2242152466367713,0.4170403587443946,0.6233183856502242
deepseek_r1_qwen7b,DeepSeek/Qwen-distill,hellaswag,123,cheap_plus_pca_hidden__mlp,0.7441921831748618,0.3486841076273294,0.3955080755475324,0.7541666666666667,0.24583333333333335,0.7666666666666667,0.23333333333333328,0.7416666666666667,0.2583333333333333,0.18834080717488788,0.3811659192825112,0.600896860986547
deepseek_r1_qwen7b,DeepSeek/Qwen-distill,hellaswag,123,cheap_plus_pca_hidden__extratrees,0.7372630540138444,0.341754978466312,0.3955080755475324,0.75,0.25,0.7388888888888889,0.26111111111111107,0.75,0.25,0.19282511210762332,0.40358744394618834,0.5964125560538116
deepseek_r1_qwen7b,DeepSeek/Qwen-distill,hellaswag,123,cheap_plus_pca_hidden__hgb,0.7502470313928107,0.35473895584527826,0.3955080755475324,0.7291666666666666,0.27083333333333337,0.7611111111111111,0.23888888888888893,0.7666666666666667,0.23333333333333328,0.21524663677130046,0.38565022421524664,0.5874439461883408
deepseek_r1_qwen7b,DeepSeek/Qwen-distill,hellaswag,777,direct_pmax,0.7554011486237031,0.3598930730761707,0.3955080755475324,0.7541666666666667,0.24583333333333335,0.75,0.25,0.775,0.22499999999999998,0.18834080717488788,0.39461883408071746,0.5829596412556054
deepseek_r1_qwen7b,DeepSeek/Qwen-distill,hellaswag,777,cheap_confidence_option__logreg,0.7488159506031986,0.3533078750556662,0.3955080755475324,0.7458333333333333,0.25416666666666665,0.7388888888888889,0.26111111111111107,0.7666666666666667,0.23333333333333328,0.19730941704035873,0.40358744394618834,0.5874439461883408
deepseek_r1_qwen7b,DeepSeek/Qwen-distill,hellaswag,777,cheap_confidence_option__mlp,0.743630771968152,0.34812269642061955,0.3955080755475324,0.7333333333333333,0.2666666666666667,0.7555555555555555,0.24444444444444446,0.75,0.25,0.21076233183856502,0.3901345291479821,0.5964125560538116
deepseek_r1_qwen7b,DeepSeek/Qwen-distill,hellaswag,777,cheap_confidence_option__extratrees,0.7215845373181924,0.32607646177065996,0.3955080755475324,0.7375,0.26249999999999996,0.7388888888888889,0.26111111111111107,0.725,0.275,0.2062780269058296,0.40358744394618834,0.6098654708520179
deepseek_r1_qwen7b,DeepSeek/Qwen-distill,hellaswag,777,cheap_confidence_option__hgb,0.7095097558707971,0.3140016803232647,0.3955080755475324,0.7291666666666666,0.27083333333333337,0.7055555555555556,0.2944444444444444,0.675,0.32499999999999996,0.21524663677130046,0.4304932735426009,0.6367713004484304
deepseek_r1_qwen7b,DeepSeek/Qwen-distill,hellaswag,777,hidden_summary_only__logreg,0.7394069591916265,0.34389888364409404,0.3955080755475324,0.7333333333333333,0.2666666666666667,0.7333333333333333,0.2666666666666667,0.7666666666666667,0.23333333333333328,0.21076233183856502,0.4080717488789238,0.5874439461883408
deepseek_r1_qwen7b,DeepSeek/Qwen-distill,hellaswag,777,hidden_summary_only__mlp,0.7239544029526042,0.32844632740507174,0.3955080755475324,0.7333333333333333,0.2666666666666667,0.7,0.30000000000000004,0.6916666666666667,0.30833333333333335,0.21076233183856502,0.4349775784753363,0.6278026905829597
deepseek_r1_qwen7b,DeepSeek/Qwen-distill,hellaswag,777,hidden_summary_only__extratrees,0.7595659842774741,0.3640579087299417,0.3955080755475324,0.7583333333333333,0.2416666666666667,0.7611111111111111,0.23888888888888893,0.7583333333333333,0.2416666666666667,0.18385650224215247,0.38565022421524664,0.5919282511210763
deepseek_r1_qwen7b,DeepSeek/Qwen-distill,hellaswag,777,hidden_summary_only__hgb,0.759856914777939,0.3643488392304066,0.3955080755475324,0.75,0.25,0.7666666666666667,0.23333333333333328,0.7666666666666667,0.23333333333333328,0.19282511210762332,0.3811659192825112,0.5874439461883408
deepseek_r1_qwen7b,DeepSeek/Qwen-distill,hellaswag,777,cheap_plus_hidden_summary__logreg,0.7170817530366306,0.32157367748909815,0.3955080755475324,0.7291666666666666,0.27083333333333337,0.7222222222222222,0.2777777777777778,0.7333333333333333,0.2666666666666667,0.21524663677130046,0.4170403587443946,0.6053811659192825
deepseek_r1_qwen7b,DeepSeek/Qwen-distill,hellaswag,777,cheap_plus_hidden_summary__mlp,0.72803926128544,0.33253118573790763,0.3955080755475324,0.7375,0.26249999999999996,0.7333333333333333,0.2666666666666667,0.7083333333333334,0.29166666666666663,0.2062780269058296,0.4080717488789238,0.6188340807174888
deepseek_r1_qwen7b,DeepSeek/Qwen-distill,hellaswag,777,cheap_plus_hidden_summary__extratrees,0.7459367852377802,0.35042870969024775,0.3955080755475324,0.7416666666666667,0.2583333333333333,0.7388888888888889,0.26111111111111107,0.7416666666666667,0.2583333333333333,0.20179372197309417,0.40358744394618834,0.600896860986547
deepseek_r1_qwen7b,DeepSeek/Qwen-distill,hellaswag,777,cheap_plus_hidden_summary__hgb,0.747301161173282,0.3517930856257496,0.3955080755475324,0.7416666666666667,0.2583333333333333,0.7666666666666667,0.23333333333333328,0.7666666666666667,0.23333333333333328,0.20179372197309417,0.3811659192825112,0.5874439461883408
deepseek_r1_qwen7b,DeepSeek/Qwen-distill,hellaswag,777,pca_hidden_embeddings__logreg,0.7150725006563766,0.3195644251088442,0.3955080755475324,0.7583333333333333,0.2416666666666667,0.7388888888888889,0.26111111111111107,0.7083333333333334,0.29166666666666663,0.18385650224215247,0.40358744394618834,0.6188340807174888
deepseek_r1_qwen7b,DeepSeek/Qwen-distill,hellaswag,777,pca_hidden_embeddings__mlp,0.7401833191725721,0.34467524362503965,0.3955080755475324,0.7333333333333333,0.2666666666666667,0.7222222222222222,0.2777777777777778,0.7416666666666667,0.2583333333333333,0.21076233183856502,0.4170403587443946,0.600896860986547
deepseek_r1_qwen7b,DeepSeek/Qwen-distill,hellaswag,777,pca_hidden_embeddings__extratrees,0.7149845774342259,0.3194765018866935,0.3955080755475324,0.75,0.25,0.7555555555555555,0.24444444444444446,0.7416666666666667,0.2583333333333333,0.19282511210762332,0.3901345291479821,0.600896860986547
deepseek_r1_qwen7b,DeepSeek/Qwen-distill,hellaswag,777,pca_hidden_embeddings__hgb,0.7192053522380388,0.3236972766905064,0.3955080755475324,0.7375,0.26249999999999996,0.7277777777777777,0.27222222222222225,0.7333333333333333,0.2666666666666667,0.2062780269058296,0.4125560538116592,0.6053811659192825
deepseek_r1_qwen7b,DeepSeek/Qwen-distill,hellaswag,777,cheap_plus_pca_hidden__logreg,0.6908669298738861,0.29535885432635367,0.3955080755475324,0.7458333333333333,0.25416666666666665,0.7388888888888889,0.26111111111111107,0.7166666666666667,0.2833333333333333,0.19730941704035873,0.40358744394618834,0.6143497757847534
deepseek_r1_qwen7b,DeepSeek/Qwen-distill,hellaswag,777,cheap_plus_pca_hidden__mlp,0.7665587978998828,0.37105072235235037,0.3955080755475324,0.7541666666666667,0.24583333333333335,0.7277777777777777,0.27222222222222225,0.75,0.25,0.18834080717488788,0.4125560538116592,0.5964125560538116
deepseek_r1_qwen7b,DeepSeek/Qwen-distill,hellaswag,777,cheap_plus_pca_hidden__extratrees,0.7160581780577344,0.320550102510202,0.3955080755475324,0.7458333333333333,0.25416666666666665,0.75,0.25,0.7166666666666667,0.2833333333333333,0.19730941704035873,0.39461883408071746,0.6143497757847534
deepseek_r1_qwen7b,DeepSeek/Qwen-distill,hellaswag,777,cheap_plus_pca_hidden__hgb,0.6812984117120608,0.2857903361645284,0.3955080755475324,0.75,0.25,0.7333333333333333,0.2666666666666667,0.6833333333333333,0.31666666666666665,0.19282511210762332,0.4080717488789238,0.6322869955156951
deepseek_r1_qwen7b,DeepSeek/Qwen-distill,hellaswag,2025,direct_pmax,0.7287745538700571,0.33326647832252465,0.3955080755475324,0.7583333333333333,0.2416666666666667,0.7388888888888889,0.26111111111111107,0.7166666666666667,0.2833333333333333,0.18385650224215247,0.40358744394618834,0.6143497757847534
deepseek_r1_qwen7b,DeepSeek/Qwen-distill,hellaswag,2025,cheap_confidence_option__logreg,0.7223890108220911,0.32688093527455864,0.3955080755475324,0.7333333333333333,0.2666666666666667,0.7,0.30000000000000004,0.7,0.30000000000000004,0.21076233183856502,0.4349775784753363,0.6233183856502242
deepseek_r1_qwen7b,DeepSeek/Qwen-distill,hellaswag,2025,cheap_confidence_option__mlp,0.704640883864502,0.30913280831696954,0.3955080755475324,0.7208333333333333,0.2791666666666667,0.7111111111111111,0.28888888888888886,0.725,0.275,0.2242152466367713,0.4260089686098655,0.6098654708520179
deepseek_r1_qwen7b,DeepSeek/Qwen-distill,hellaswag,2025,cheap_confidence_option__extratrees,0.7441429953710073,0.34863491982347483,0.3955080755475324,0.7583333333333333,0.2416666666666667,0.75,0.25,0.75,0.25,0.18385650224215247,0.39461883408071746,0.5964125560538116
deepseek_r1_qwen7b,DeepSeek/Qwen-distill,hellaswag,2025,cheap_confidence_option__hgb,0.7424453804419634,0.346937304894431,0.3955080755475324,0.7375,0.26249999999999996,0.7333333333333333,0.2666666666666667,0.7333333333333333,0.2666666666666667,0.2062780269058296,0.4080717488789238,0.6053811659192825
deepseek_r1_qwen7b,DeepSeek/Qwen-distill,hellaswag,2025,hidden_summary_only__logreg,0.7206584923621856,0.3251504168146532,0.3955080755475324,0.7416666666666667,0.2583333333333333,0.7555555555555555,0.24444444444444446,0.725,0.275,0.20179372197309417,0.3901345291479821,0.6098654708520179
deepseek_r1_qwen7b,DeepSeek/Qwen-distill,hellaswag,2025,hidden_summary_only__mlp,0.7918687878457605,0.3963607122982281,0.3955080755475324,0.775,0.22499999999999998,0.8,0.19999999999999996,0.8083333333333333,0.19166666666666665,0.16591928251121077,0.3542600896860987,0.5650224215246636
deepseek_r1_qwen7b,DeepSeek/Qwen-distill,hellaswag,2025,hidden_summary_only__extratrees,0.7410772619832892,0.34556918643575674,0.3955080755475324,0.7666666666666667,0.23333333333333328,0.7722222222222223,0.22777777777777775,0.7416666666666667,0.2583333333333333,0.17488789237668162,0.37668161434977576,0.600896860986547
deepseek_r1_qwen7b,DeepSeek/Qwen-distill,hellaswag,2025,hidden_summary_only__hgb,0.7623542875633413,0.3668462120158089,0.3955080755475324,0.775,0.22499999999999998,0.7777777777777778,0.2222222222222222,0.7416666666666667,0.2583333333333333,0.16591928251121077,0.3721973094170404,0.600896860986547
deepseek_r1_qwen7b,DeepSeek/Qwen-distill,hellaswag,2025,cheap_plus_hidden_summary__logreg,0.7013645460190466,0.3058564704715142,0.3955080755475324,0.7291666666666666,0.27083333333333337,0.7055555555555556,0.2944444444444444,0.7083333333333334,0.29166666666666663,0.21524663677130046,0.4304932735426009,0.6188340807174888
deepseek_r1_qwen7b,DeepSeek/Qwen-distill,hellaswag,2025,cheap_plus_hidden_summary__mlp,0.7536279246807692,0.3581198491332368,0.3955080755475324,0.7583333333333333,0.2416666666666667,0.7611111111111111,0.23888888888888893,0.7666666666666667,0.23333333333333328,0.18385650224215247,0.38565022421524664,0.5874439461883408
deepseek_r1_qwen7b,DeepSeek/Qwen-distill,hellaswag,2025,cheap_plus_hidden_summary__extratrees,0.7195174768144849,0.32400940126695243,0.3955080755475324,0.7708333333333334,0.22916666666666663,0.7555555555555555,0.24444444444444446,0.7083333333333334,0.29166666666666663,0.17040358744394618,0.3901345291479821,0.6188340807174888
deepseek_r1_qwen7b,DeepSeek/Qwen-distill,hellaswag,2025,cheap_plus_hidden_summary__hgb,0.7159620867850551,0.3204540112375227,0.3955080755475324,0.7583333333333333,0.2416666666666667,0.7555555555555555,0.24444444444444446,0.7583333333333333,0.2416666666666667,0.18385650224215247,0.3901345291479821,0.5919282511210763
deepseek_r1_qwen7b,DeepSeek/Qwen-distill,hellaswag,2025,pca_hidden_embeddings__logreg,0.7529828086709784,0.357474733123446,0.3955080755475324,0.75,0.25,0.7611111111111111,0.23888888888888893,0.75,0.25,0.19282511210762332,0.38565022421524664,0.5964125560538116
deepseek_r1_qwen7b,DeepSeek/Qwen-distill,hellaswag,2025,pca_hidden_embeddings__mlp,0.7346909010237048,0.3391828254761724,0.3955080755475324,0.7458333333333333,0.25416666666666665,0.7333333333333333,0.2666666666666667,0.7333333333333333,0.2666666666666667,0.19730941704035873,0.4080717488789238,0.6053811659192825
deepseek_r1_qwen7b,DeepSeek/Qwen-distill,hellaswag,2025,pca_hidden_embeddings__extratrees,0.7595689349135286,0.3640608593659962,0.3955080755475324,0.7625,0.23750000000000004,0.75,0.25,0.7666666666666667,0.23333333333333328,0.17937219730941703,0.39461883408071746,0.5874439461883408
deepseek_r1_qwen7b,DeepSeek/Qwen-distill,hellaswag,2025,pca_hidden_embeddings__hgb,0.7460597528409485,0.3505516772934161,0.3955080755475324,0.75,0.25,0.7666666666666667,0.23333333333333328,0.7416666666666667,0.2583333333333333,0.19282511210762332,0.3811659192825112,0.600896860986547
deepseek_r1_qwen7b,DeepSeek/Qwen-distill,hellaswag,2025,cheap_plus_pca_hidden__logreg,0.7297308312574334,0.334222755709901,0.3955080755475324,0.75,0.25,0.75,0.25,0.7416666666666667,0.2583333333333333,0.19282511210762332,0.39461883408071746,0.600896860986547
deepseek_r1_qwen7b,DeepSeek/Qwen-distill,hellaswag,2025,cheap_plus_pca_hidden__mlp,0.7486350358018904,0.35312696025435797,0.3955080755475324,0.7458333333333333,0.25416666666666665,0.7333333333333333,0.2666666666666667,0.7583333333333333,0.2416666666666667,0.19730941704035873,0.4080717488789238,0.5919282511210763
deepseek_r1_qwen7b,DeepSeek/Qwen-distill,hellaswag,2025,cheap_plus_pca_hidden__extratrees,0.7701963273370587,0.37468825178952625,0.3955080755475324,0.7583333333333333,0.2416666666666667,0.75,0.25,0.7666666666666667,0.23333333333333328,0.18385650224215247,0.39461883408071746,0.5874439461883408
deepseek_r1_qwen7b,DeepSeek/Qwen-distill,hellaswag,2025,cheap_plus_pca_hidden__hgb,0.7369941478921617,0.34148607234462924,0.3955080755475324,0.7416666666666667,0.2583333333333333,0.7222222222222222,0.2777777777777778,0.75,0.25,0.20179372197309417,0.4170403587443946,0.5964125560538116
deepseek_r1_qwen7b,DeepSeek/Qwen-distill,mmlu_all,42,direct_pmax,0.6369001282542531,0.2847032824490085,0.35219684580524463,0.6708333333333333,0.3291666666666667,0.6444444444444445,0.3555555555555555,0.6583333333333333,0.3416666666666667,0.24413145539906103,0.45539906103286387,0.6291079812206573
deepseek_r1_qwen7b,DeepSeek/Qwen-distill,mmlu_all,42,cheap_confidence_option__logreg,0.694851838041313,0.3426549922360684,0.35219684580524463,0.6875,0.3125,0.6722222222222223,0.3277777777777777,0.7,0.30000000000000004,0.22535211267605634,0.431924882629108,0.6056338028169014
deepseek_r1_qwen7b,DeepSeek/Qwen-distill,mmlu_all,42,cheap_confidence_option__mlp,0.6654528994403702,0.3132560536351256,0.35219684580524463,0.6916666666666667,0.30833333333333335,0.6611111111111111,0.3388888888888889,0.675,0.32499999999999996,0.22065727699530516,0.4413145539906103,0.6197183098591549
deepseek_r1_qwen7b,DeepSeek/Qwen-distill,mmlu_all,42,cheap_confidence_option__extratrees,0.6553318877725411,0.3031350419672965,0.35219684580524463,0.6833333333333333,0.31666666666666665,0.6611111111111111,0.3388888888888889,0.6083333333333333,0.3916666666666667,0.2300469483568075,0.4413145539906103,0.6572769953051644
deepseek_r1_qwen7b,DeepSeek/Qwen-distill,mmlu_all,42,cheap_confidence_option__hgb,0.6806180521712221,0.32842120636597744,0.35219684580524463,0.6916666666666667,0.30833333333333335,0.6833333333333333,0.31666666666666665,0.6583333333333333,0.3416666666666667,0.22065727699530516,0.4225352112676056,0.6291079812206573
deepseek_r1_qwen7b,DeepSeek/Qwen-distill,mmlu_all,42,hidden_summary_only__logreg,0.686358703686601,0.3341618578813564,0.35219684580524463,0.7291666666666666,0.27083333333333337,0.7,0.30000000000000004,0.7,0.30000000000000004,0.1784037558685446,0.4084507042253521,0.6056338028169014
deepseek_r1_qwen7b,DeepSeek/Qwen-distill,mmlu_all,42,hidden_summary_only__mlp,0.7502967832150992,0.39809993740985455,0.35219684580524463,0.7291666666666666,0.27083333333333337,0.7333333333333333,0.2666666666666667,0.75,0.25,0.1784037558685446,0.38028169014084506,0.5774647887323944
deepseek_r1_qwen7b,DeepSeek/Qwen-distill,mmlu_all,42,hidden_summary_only__extratrees,0.7084635156066202,0.3562666698013756,0.35219684580524463,0.725,0.275,0.7,0.30000000000000004,0.6916666666666667,0.30833333333333335,0.18309859154929578,0.4084507042253521,0.6103286384976526
deepseek_r1_qwen7b,DeepSeek/Qwen-distill,mmlu_all,42,hidden_summary_only__hgb,0.7033096151949974,0.3511127693897527,0.35219684580524463,0.7,0.30000000000000004,0.7055555555555556,0.2944444444444444,0.7,0.30000000000000004,0.2112676056338028,0.40375586854460094,0.6056338028169014
deepseek_r1_qwen7b,DeepSeek/Qwen-distill,mmlu_all,42,cheap_plus_hidden_summary__logreg,0.6796080430424397,0.3274111972371951,0.35219684580524463,0.7083333333333334,0.29166666666666663,0.6833333333333333,0.31666666666666665,0.6916666666666667,0.30833333333333335,0.20187793427230047,0.4225352112676056,0.6103286384976526
deepseek_r1_qwen7b,DeepSeek/Qwen-distill,mmlu_all,42,cheap_plus_hidden_summary__mlp,0.6698067739845619,0.31760992817931727,0.35219684580524463,0.6833333333333333,0.31666666666666665,0.6611111111111111,0.3388888888888889,0.6666666666666666,0.33333333333333337,0.2300469483568075,0.4413145539906103,0.6244131455399061
deepseek_r1_qwen7b,DeepSeek/Qwen-distill,mmlu_all,42,cheap_plus_hidden_summary__extratrees,0.6738906438285246,0.32169379802327996,0.35219684580524463,0.6916666666666667,0.30833333333333335,0.6555555555555556,0.34444444444444444,0.6333333333333333,0.3666666666666667,0.22065727699530516,0.4460093896713615,0.6431924882629108
deepseek_r1_qwen7b,DeepSeek/Qwen-distill,mmlu_all,42,cheap_plus_hidden_summary__hgb,0.6901646175105829,0.33796777170533826,0.35219684580524463,0.6958333333333333,0.3041666666666667,0.7111111111111111,0.28888888888888886,0.7,0.30000000000000004,0.215962441314554,0.39906103286384975,0.6056338028169014
deepseek_r1_qwen7b,DeepSeek/Qwen-distill,mmlu_all,42,pca_hidden_embeddings__logreg,0.740214908643802,0.3880180628385574,0.35219684580524463,0.7208333333333333,0.2791666666666667,0.7388888888888889,0.26111111111111107,0.7166666666666667,0.2833333333333333,0.18779342723004694,0.3755868544600939,0.596244131455399
deepseek_r1_qwen7b,DeepSeek/Qwen-distill,mmlu_all,42,pca_hidden_embeddings__mlp,0.6893889477661465,0.3371921019609018,0.35219684580524463,0.7,0.30000000000000004,0.7055555555555556,0.2944444444444444,0.6916666666666667,0.30833333333333335,0.2112676056338028,0.40375586854460094,0.6103286384976526
deepseek_r1_qwen7b,DeepSeek/Qwen-distill,mmlu_all,42,pca_hidden_embeddings__extratrees,0.7153408782911832,0.3631440324859386,0.35219684580524463,0.7208333333333333,0.2791666666666667,0.7166666666666667,0.2833333333333333,0.6916666666666667,0.30833333333333335,0.18779342723004694,0.39436619718309857,0.6103286384976526
deepseek_r1_qwen7b,DeepSeek/Qwen-distill,mmlu_all,42,pca_hidden_embeddings__hgb,0.6858847858552014,0.3336879400499568,0.35219684580524463,0.6875,0.3125,0.7055555555555556,0.2944444444444444,0.65,0.35,0.22535211267605634,0.40375586854460094,0.6338028169014085
deepseek_r1_qwen7b,DeepSeek/Qwen-distill,mmlu_all,42,cheap_plus_pca_hidden__logreg,0.7085586700893335,0.35636182428408886,0.35219684580524463,0.7125,0.2875,0.7111111111111111,0.28888888888888886,0.7083333333333334,0.29166666666666663,0.19718309859154928,0.39906103286384975,0.6009389671361502
deepseek_r1_qwen7b,DeepSeek/Qwen-distill,mmlu_all,42,cheap_plus_pca_hidden__mlp,0.6675660518812336,0.315369206075989,0.35219684580524463,0.7041666666666667,0.2958333333333333,0.6888888888888889,0.3111111111111111,0.675,0.32499999999999996,0.20657276995305165,0.41784037558685444,0.6197183098591549
deepseek_r1_qwen7b,DeepSeek/Qwen-distill,mmlu_all,42,cheap_plus_pca_hidden__extratrees,0.6640332772732539,0.31183643146800927,0.35219684580524463,0.6958333333333333,0.3041666666666667,0.6833333333333333,0.31666666666666665,0.6333333333333333,0.3666666666666667,0.215962441314554,0.4225352112676056,0.6431924882629108
deepseek_r1_qwen7b,DeepSeek/Qwen-distill,mmlu_all,42,cheap_plus_pca_hidden__hgb,0.6496573442064608,0.2974604984012162,0.35219684580524463,0.6875,0.3125,0.6666666666666666,0.33333333333333337,0.6333333333333333,0.3666666666666667,0.22535211267605634,0.43661971830985913,0.6431924882629108
deepseek_r1_qwen7b,DeepSeek/Qwen-distill,mmlu_all,7,direct_pmax,0.6179766720885346,0.26577982628328994,0.35219684580524463,0.6791666666666667,0.3208333333333333,0.6833333333333333,0.31666666666666665,0.675,0.32499999999999996,0.2347417840375587,0.4225352112676056,0.6197183098591549
deepseek_r1_qwen7b,DeepSeek/Qwen-distill,mmlu_all,7,cheap_confidence_option__logreg,0.6311884400850638,0.2789915942798192,0.35219684580524463,0.6958333333333333,0.3041666666666667,0.6777777777777778,0.3222222222222222,0.65,0.35,0.215962441314554,0.4272300469483568,0.6338028169014085
deepseek_r1_qwen7b,DeepSeek/Qwen-distill,mmlu_all,7,cheap_confidence_option__mlp,0.6324195449966576,0.280222699191413,0.35219684580524463,0.6875,0.3125,0.6722222222222223,0.3277777777777777,0.6166666666666667,0.3833333333333333,0.22535211267605634,0.431924882629108,0.6525821596244131
deepseek_r1_qwen7b,DeepSeek/Qwen-distill,mmlu_all,7,cheap_confidence_option__extratrees,0.5856159016612188,0.23341905585597417,0.35219684580524463,0.6833333333333333,0.31666666666666665,0.6277777777777778,0.37222222222222223,0.6083333333333333,0.3916666666666667,0.2300469483568075,0.4694835680751174,0.6572769953051644
deepseek_r1_qwen7b,DeepSeek/Qwen-distill,mmlu_all,7,cheap_confidence_option__hgb,0.6385999236763225,0.2864030778710778,0.35219684580524463,0.6833333333333333,0.31666666666666665,0.65,0.35,0.6,0.4,0.2300469483568075,0.4507042253521127,0.6619718309859155
deepseek_r1_qwen7b,DeepSeek/Qwen-distill,mmlu_all,7,hidden_summary_only__logreg,0.6926204433385845,0.3404235975333399,0.35219684580524463,0.7041666666666667,0.2958333333333333,0.7,0.30000000000000004,0.7083333333333334,0.29166666666666663,0.20657276995305165,0.4084507042253521,0.6009389671361502
deepseek_r1_qwen7b,DeepSeek/Qwen-distill,mmlu_all,7,hidden_summary_only__mlp,0.7015114527584306,0.349314606953186,0.35219684580524463,0.7166666666666667,0.2833333333333333,0.7277777777777777,0.27222222222222225,0.7166666666666667,0.2833333333333333,0.19248826291079812,0.38497652582159625,0.596244131455399
deepseek_r1_qwen7b,DeepSeek/Qwen-distill,mmlu_all,7,hidden_summary_only__extratrees,0.6448280136058356,0.292631167800591,0.35219684580524463,0.6833333333333333,0.31666666666666665,0.6833333333333333,0.31666666666666665,0.6083333333333333,0.3916666666666667,0.2300469483568075,0.4225352112676056,0.6572769953051644
deepseek_r1_qwen7b,DeepSeek/Qwen-distill,mmlu_all,7,hidden_summary_only__hgb,0.6935354433898303,0.3413385975845857,0.35219684580524463,0.7,0.30000000000000004,0.6888888888888889,0.3111111111111111,0.7166666666666667,0.2833333333333333,0.2112676056338028,0.41784037558685444,0.596244131455399
deepseek_r1_qwen7b,DeepSeek/Qwen-distill,mmlu_all,7,cheap_plus_hidden_summary__logreg,0.6351130280517191,0.28291618224647447,0.35219684580524463,0.6875,0.3125,0.7166666666666667,0.2833333333333333,0.6666666666666666,0.33333333333333337,0.22535211267605634,0.39436619718309857,0.6244131455399061
deepseek_r1_qwen7b,DeepSeek/Qwen-distill,mmlu_all,7,cheap_plus_hidden_summary__mlp,0.6729808579522621,0.3207840121470175,0.35219684580524463,0.7416666666666667,0.2583333333333333,0.7166666666666667,0.2833333333333333,0.7,0.30000000000000004,0.1643192488262911,0.39436619718309857,0.6056338028169014
deepseek_r1_qwen7b,DeepSeek/Qwen-distill,mmlu_all,7,cheap_plus_hidden_summary__extratrees,0.6134544817849588,0.26125763597971413,0.35219684580524463,0.6875,0.3125,0.6611111111111111,0.3388888888888889,0.6166666666666667,0.3833333333333333,0.22535211267605634,0.4413145539906103,0.6525821596244131
deepseek_r1_qwen7b,DeepSeek/Qwen-distill,mmlu_all,7,cheap_plus_hidden_summary__hgb,0.6449667231900459,0.29276987738480126,0.35219684580524463,0.6791666666666667,0.3208333333333333,0.6611111111111111,0.3388888888888889,0.6333333333333333,0.3666666666666667,0.2347417840375587,0.4413145539906103,0.6431924882629108
deepseek_r1_qwen7b,DeepSeek/Qwen-distill,mmlu_all,7,pca_hidden_embeddings__logreg,0.7206203150002511,0.3684234691950065,0.35219684580524463,0.6958333333333333,0.3041666666666667,0.7055555555555556,0.2944444444444444,0.7083333333333334,0.29166666666666663,0.215962441314554,0.40375586854460094,0.6009389671361502
deepseek_r1_qwen7b,DeepSeek/Qwen-distill,mmlu_all,7,pca_hidden_embeddings__mlp,0.706029987784411,0.3538331419791663,0.35219684580524463,0.7041666666666667,0.2958333333333333,0.7166666666666667,0.2833333333333333,0.725,0.275,0.20657276995305165,0.39436619718309857,0.5915492957746479
deepseek_r1_qwen7b,DeepSeek/Qwen-distill,mmlu_all,7,pca_hidden_embeddings__extratrees,0.6583730090751112,0.3061761632698666,0.35219684580524463,0.7083333333333334,0.29166666666666663,0.6777777777777778,0.3222222222222222,0.6666666666666666,0.33333333333333337,0.20187793427230047,0.4272300469483568,0.6244131455399061
deepseek_r1_qwen7b,DeepSeek/Qwen-distill,mmlu_all,7,pca_hidden_embeddings__hgb,0.6209141402318312,0.2687172944265866,0.35219684580524463,0.6833333333333333,0.31666666666666665,0.6611111111111111,0.3388888888888889,0.625,0.375,0.2300469483568075,0.4413145539906103,0.647887323943662
deepseek_r1_qwen7b,DeepSeek/Qwen-distill,mmlu_all,7,cheap_plus_pca_hidden__logreg,0.6565335618554301,0.3043367160501855,0.35219684580524463,0.7125,0.2875,0.6888888888888889,0.3111111111111111,0.6666666666666666,0.33333333333333337,0.19718309859154928,0.41784037558685444,0.6244131455399061
deepseek_r1_qwen7b,DeepSeek/Qwen-distill,mmlu_all,7,cheap_plus_pca_hidden__mlp,0.7107725392506758,0.3585756934454312,0.35219684580524463,0.7375,0.26249999999999996,0.7333333333333333,0.2666666666666667,0.725,0.275,0.16901408450704225,0.38028169014084506,0.5915492957746479
deepseek_r1_qwen7b,DeepSeek/Qwen-distill,mmlu_all,7,cheap_plus_pca_hidden__extratrees,0.5889387634322291,0.23674191762698443,0.35219684580524463,0.6791666666666667,0.3208333333333333,0.6666666666666666,0.33333333333333337,0.575,0.42500000000000004,0.2347417840375587,0.43661971830985913,0.676056338028169
deepseek_r1_qwen7b,DeepSeek/Qwen-distill,mmlu_all,7,cheap_plus_pca_hidden__hgb,0.6049471206507725,0.25275027484552787,0.35219684580524463,0.6708333333333333,0.3291666666666667,0.6444444444444445,0.3555555555555555,0.5666666666666667,0.43333333333333335,0.24413145539906103,0.45539906103286387,0.6807511737089202
deepseek_r1_qwen7b,DeepSeek/Qwen-distill,mmlu_all,123,direct_pmax,0.6229971954769304,0.2708003496716858,0.35219684580524463,0.6833333333333333,0.31666666666666665,0.6277777777777778,0.37222222222222223,0.6166666666666667,0.3833333333333333,0.2300469483568075,0.4694835680751174,0.6525821596244131
deepseek_r1_qwen7b,DeepSeek/Qwen-distill,mmlu_all,123,cheap_confidence_option__logreg,0.6234379016435821,0.2712410558383375,0.35219684580524463,0.6833333333333333,0.31666666666666665,0.6333333333333333,0.3666666666666667,0.6,0.4,0.2300469483568075,0.4647887323943662,0.6619718309859155
deepseek_r1_qwen7b,DeepSeek/Qwen-distill,mmlu_all,123,cheap_confidence_option__mlp,0.6147682091471712,0.2625713633419266,0.35219684580524463,0.6916666666666667,0.30833333333333335,0.6444444444444445,0.3555555555555555,0.6,0.4,0.22065727699530516,0.45539906103286387,0.6619718309859155
deepseek_r1_qwen7b,DeepSeek/Qwen-distill,mmlu_all,123,cheap_confidence_option__extratrees,0.6343371081385392,0.28214026233329453,0.35219684580524463,0.6875,0.3125,0.6722222222222223,0.3277777777777777,0.5833333333333334,0.41666666666666663,0.22535211267605634,0.431924882629108,0.6713615023474179
deepseek_r1_qwen7b,DeepSeek/Qwen-distill,mmlu_all,123,cheap_confidence_option__hgb,0.6452445870575643,0.29304774125231964,0.35219684580524463,0.6916666666666667,0.30833333333333335,0.6666666666666666,0.33333333333333337,0.65,0.35,0.22065727699530516,0.43661971830985913,0.6338028169014085
deepseek_r1_qwen7b,DeepSeek/Qwen-distill,mmlu_all,123,hidden_summary_only__logreg,0.6857859144405339,0.3335890686352893,0.35219684580524463,0.6958333333333333,0.3041666666666667,0.7,0.30000000000000004,0.7,0.30000000000000004,0.215962441314554,0.4084507042253521,0.6056338028169014
deepseek_r1_qwen7b,DeepSeek/Qwen-distill,mmlu_all,123,hidden_summary_only__mlp,0.6880160845893658,0.3358192387841212,0.35219684580524463,0.7083333333333334,0.29166666666666663,0.6777777777777778,0.3222222222222222,0.675,0.32499999999999996,0.20187793427230047,0.4272300469483568,0.6197183098591549
deepseek_r1_qwen7b,DeepSeek/Qwen-distill,mmlu_all,123,hidden_summary_only__extratrees,0.7159028418672745,0.36370599606202986,0.35219684580524463,0.6791666666666667,0.3208333333333333,0.6833333333333333,0.31666666666666665,0.675,0.32499999999999996,0.2347417840375587,0.4225352112676056,0.6197183098591549
deepseek_r1_qwen7b,DeepSeek/Qwen-distill,mmlu_all,123,hidden_summary_only__hgb,0.6834192831705321,0.3312224373652875,0.35219684580524463,0.6833333333333333,0.31666666666666665,0.6611111111111111,0.3388888888888889,0.6583333333333333,0.3416666666666667,0.2300469483568075,0.4413145539906103,0.6291079812206573
deepseek_r1_qwen7b,DeepSeek/Qwen-distill,mmlu_all,123,cheap_plus_hidden_summary__logreg,0.6374765785377735,0.2852797327325289,0.35219684580524463,0.6791666666666667,0.3208333333333333,0.65,0.35,0.6583333333333333,0.3416666666666667,0.2347417840375587,0.4507042253521127,0.6291079812206573
deepseek_r1_qwen7b,DeepSeek/Qwen-distill,mmlu_all,123,cheap_plus_hidden_summary__mlp,0.6473874430763308,0.29519059727108615,0.35219684580524463,0.675,0.32499999999999996,0.6555555555555556,0.34444444444444444,0.625,0.375,0.23943661971830985,0.4460093896713615,0.647887323943662
deepseek_r1_qwen7b,DeepSeek/Qwen-distill,mmlu_all,123,cheap_plus_hidden_summary__extratrees,0.6374291294229969,0.28523228361775227,0.35219684580524463,0.6875,0.3125,0.6388888888888888,0.36111111111111116,0.575,0.42500000000000004,0.22535211267605634,0.460093896713615,0.676056338028169
deepseek_r1_qwen7b,DeepSeek/Qwen-distill,mmlu_all,123,cheap_plus_hidden_summary__hgb,0.6005704895439448,0.24837364373870013,0.35219684580524463,0.6708333333333333,0.3291666666666667,0.6222222222222222,0.37777777777777777,0.5833333333333334,0.41666666666666663,0.24413145539906103,0.47417840375586856,0.6713615023474179
deepseek_r1_qwen7b,DeepSeek/Qwen-distill,mmlu_all,123,pca_hidden_embeddings__logreg,0.7314753190174941,0.37927847321224945,0.35219684580524463,0.7041666666666667,0.2958333333333333,0.7111111111111111,0.28888888888888886,0.725,0.275,0.20657276995305165,0.39906103286384975,0.5915492957746479
deepseek_r1_qwen7b,DeepSeek/Qwen-distill,mmlu_all,123,pca_hidden_embeddings__mlp,0.7154330342172714,0.3632361884120268,0.35219684580524463,0.7125,0.2875,0.7111111111111111,0.28888888888888886,0.7166666666666667,0.2833333333333333,0.19718309859154928,0.39906103286384975,0.596244131455399
deepseek_r1_qwen7b,DeepSeek/Qwen-distill,mmlu_all,123,pca_hidden_embeddings__extratrees,0.7273043037113555,0.37510745790611083,0.35219684580524463,0.7125,0.2875,0.7,0.30000000000000004,0.7416666666666667,0.2583333333333333,0.19718309859154928,0.4084507042253521,0.5821596244131455
deepseek_r1_qwen7b,DeepSeek/Qwen-distill,mmlu_all,123,pca_hidden_embeddings__hgb,0.7049142815291591,0.3527174357239145,0.35219684580524463,0.7,0.30000000000000004,0.7222222222222222,0.2777777777777778,0.7083333333333334,0.29166666666666663,0.2112676056338028,0.38967136150234744,0.6009389671361502
deepseek_r1_qwen7b,DeepSeek/Qwen-distill,mmlu_all,123,cheap_plus_pca_hidden__logreg,0.672678974332467,0.3204821285272224,0.35219684580524463,0.6958333333333333,0.3041666666666667,0.6777777777777778,0.3222222222222222,0.6583333333333333,0.3416666666666667,0.215962441314554,0.4272300469483568,0.6291079812206573
deepseek_r1_qwen7b,DeepSeek/Qwen-distill,mmlu_all,123,cheap_plus_pca_hidden__mlp,0.6754087486420097,0.3232119028367651,0.35219684580524463,0.7,0.30000000000000004,0.6888888888888889,0.3111111111111111,0.6666666666666666,0.33333333333333337,0.2112676056338028,0.41784037558685444,0.6244131455399061
deepseek_r1_qwen7b,DeepSeek/Qwen-distill,mmlu_all,123,cheap_plus_pca_hidden__extratrees,0.6512479814397503,0.29905113563450564,0.35219684580524463,0.6916666666666667,0.30833333333333335,0.6888888888888889,0.3111111111111111,0.6583333333333333,0.3416666666666667,0.22065727699530516,0.41784037558685444,0.6291079812206573
deepseek_r1_qwen7b,DeepSeek/Qwen-distill,mmlu_all,123,cheap_plus_pca_hidden__hgb,0.6657041651927186,0.31350731938747395,0.35219684580524463,0.6833333333333333,0.31666666666666665,0.6944444444444444,0.3055555555555556,0.6916666666666667,0.30833333333333335,0.2300469483568075,0.4131455399061033,0.6103286384976526
deepseek_r1_qwen7b,DeepSeek/Qwen-distill,mmlu_all,777,direct_pmax,0.6004086184546626,0.24821177264941802,0.35219684580524463,0.6625,0.3375,0.6,0.4,0.5583333333333333,0.44166666666666665,0.2535211267605634,0.49295774647887325,0.6854460093896714
deepseek_r1_qwen7b,DeepSeek/Qwen-distill,mmlu_all,777,cheap_confidence_option__logreg,0.6857012573981587,0.33350441159291405,0.35219684580524463,0.7083333333333334,0.29166666666666663,0.7222222222222222,0.2777777777777778,0.6666666666666666,0.33333333333333337,0.20187793427230047,0.38967136150234744,0.6244131455399061
deepseek_r1_qwen7b,DeepSeek/Qwen-distill,mmlu_all,777,cheap_confidence_option__mlp,0.6684056629582816,0.316208817153037,0.35219684580524463,0.7166666666666667,0.2833333333333333,0.6944444444444444,0.3055555555555556,0.6833333333333333,0.31666666666666665,0.19248826291079812,0.4131455399061033,0.6150234741784038
deepseek_r1_qwen7b,DeepSeek/Qwen-distill,mmlu_all,777,cheap_confidence_option__extratrees,0.6499254259909086,0.297728580185664,0.35219684580524463,0.7041666666666667,0.2958333333333333,0.6722222222222223,0.3277777777777777,0.6083333333333333,0.3916666666666667,0.20657276995305165,0.431924882629108,0.6572769953051644
deepseek_r1_qwen7b,DeepSeek/Qwen-distill,mmlu_all,777,cheap_confidence_option__hgb,0.657895395109666,0.30569854930442136,0.35219684580524463,0.6916666666666667,0.30833333333333335,0.6888888888888889,0.3111111111111111,0.6666666666666666,0.33333333333333337,0.22065727699530516,0.41784037558685444,0.6244131455399061
deepseek_r1_qwen7b,DeepSeek/Qwen-distill,mmlu_all,777,hidden_summary_only__logreg,0.7154343701956426,0.36323752439039797,0.35219684580524463,0.7541666666666667,0.24583333333333335,0.7444444444444445,0.25555555555555554,0.7416666666666667,0.2583333333333333,0.15023474178403756,0.37089201877934275,0.5821596244131455
deepseek_r1_qwen7b,DeepSeek/Qwen-distill,mmlu_all,777,hidden_summary_only__mlp,0.6990070756922587,0.3468102298870141,0.35219684580524463,0.7208333333333333,0.2791666666666667,0.7,0.30000000000000004,0.6916666666666667,0.30833333333333335,0.18779342723004694,0.4084507042253521,0.6103286384976526
deepseek_r1_qwen7b,DeepSeek/Qwen-distill,mmlu_all,777,hidden_summary_only__extratrees,0.7430915251243632,0.39089467931911853,0.35219684580524463,0.7125,0.2875,0.7166666666666667,0.2833333333333333,0.7416666666666667,0.2583333333333333,0.19718309859154928,0.39436619718309857,0.5821596244131455
deepseek_r1_qwen7b,DeepSeek/Qwen-distill,mmlu_all,777,hidden_summary_only__hgb,0.7588147083578982,0.4066178625526536,0.35219684580524463,0.7333333333333333,0.2666666666666667,0.7555555555555555,0.24444444444444446,0.7416666666666667,0.2583333333333333,0.17370892018779344,0.3615023474178404,0.5821596244131455
deepseek_r1_qwen7b,DeepSeek/Qwen-distill,mmlu_all,777,cheap_plus_hidden_summary__logreg,0.7017091592921229,0.3495123134868782,0.35219684580524463,0.7291666666666666,0.27083333333333337,0.75,0.25,0.725,0.275,0.1784037558685446,0.36619718309859156,0.5915492957746479
deepseek_r1_qwen7b,DeepSeek/Qwen-distill,mmlu_all,777,cheap_plus_hidden_summary__mlp,0.7002999266087306,0.348103080803486,0.35219684580524463,0.725,0.275,0.7055555555555556,0.2944444444444444,0.7416666666666667,0.2583333333333333,0.18309859154929578,0.40375586854460094,0.5821596244131455
deepseek_r1_qwen7b,DeepSeek/Qwen-distill,mmlu_all,777,cheap_plus_hidden_summary__extratrees,0.6536942314349548,0.3014973856297101,0.35219684580524463,0.6875,0.3125,0.6666666666666666,0.33333333333333337,0.6583333333333333,0.3416666666666667,0.22535211267605634,0.43661971830985913,0.6291079812206573
deepseek_r1_qwen7b,DeepSeek/Qwen-distill,mmlu_all,777,cheap_plus_hidden_summary__hgb,0.713936147161767,0.3617393013565224,0.35219684580524463,0.7083333333333334,0.29166666666666663,0.6944444444444444,0.3055555555555556,0.725,0.275,0.20187793427230047,0.4131455399061033,0.5915492957746479
deepseek_r1_qwen7b,DeepSeek/Qwen-distill,mmlu_all,777,pca_hidden_embeddings__logreg,0.7347401619583465,0.38254331615310183,0.35219684580524463,0.7375,0.26249999999999996,0.7611111111111111,0.23888888888888893,0.7666666666666667,0.23333333333333328,0.16901408450704225,0.3568075117370892,0.568075117370892
deepseek_r1_qwen7b,DeepSeek/Qwen-distill,mmlu_all,777,pca_hidden_embeddings__mlp,0.6990571360132608,0.3468602902080162,0.35219684580524463,0.7041666666666667,0.2958333333333333,0.7,0.30000000000000004,0.7333333333333333,0.2666666666666667,0.20657276995305165,0.4084507042253521,0.5868544600938967
deepseek_r1_qwen7b,DeepSeek/Qwen-distill,mmlu_all,777,pca_hidden_embeddings__extratrees,0.7212803893420676,0.369083543536823,0.35219684580524463,0.7208333333333333,0.2791666666666667,0.7388888888888889,0.26111111111111107,0.7583333333333333,0.2416666666666667,0.18779342723004694,0.3755868544600939,0.5727699530516432
deepseek_r1_qwen7b,DeepSeek/Qwen-distill,mmlu_all,777,pca_hidden_embeddings__hgb,0.7187096121440743,0.3665127663388296,0.35219684580524463,0.7291666666666666,0.27083333333333337,0.7222222222222222,0.2777777777777778,0.7416666666666667,0.2583333333333333,0.1784037558685446,0.38967136150234744,0.5821596244131455
deepseek_r1_qwen7b,DeepSeek/Qwen-distill,mmlu_all,777,cheap_plus_pca_hidden__logreg,0.7129113451784265,0.36071449937318184,0.35219684580524463,0.7416666666666667,0.2583333333333333,0.7611111111111111,0.23888888888888893,0.725,0.275,0.1643192488262911,0.3568075117370892,0.5915492957746479
deepseek_r1_qwen7b,DeepSeek/Qwen-distill,mmlu_all,777,cheap_plus_pca_hidden__mlp,0.677961263909346,0.32576441810410134,0.35219684580524463,0.7208333333333333,0.2791666666666667,0.7333333333333333,0.2666666666666667,0.7,0.30000000000000004,0.18779342723004694,0.38028169014084506,0.6056338028169014
deepseek_r1_qwen7b,DeepSeek/Qwen-distill,mmlu_all,777,cheap_plus_pca_hidden__extratrees,0.6862091339568139,0.3340122881515693,0.35219684580524463,0.7125,0.2875,0.6777777777777778,0.3222222222222222,0.6833333333333333,0.31666666666666665,0.19718309859154928,0.4272300469483568,0.6150234741784038
deepseek_r1_qwen7b,DeepSeek/Qwen-distill,mmlu_all,777,cheap_plus_pca_hidden__hgb,0.6902074505828917,0.33801060477764705,0.35219684580524463,0.725,0.275,0.6777777777777778,0.3222222222222222,0.7083333333333334,0.29166666666666663,0.18309859154929578,0.4272300469483568,0.6009389671361502
deepseek_r1_qwen7b,DeepSeek/Qwen-distill,mmlu_all,2025,direct_pmax,0.6604423765400452,0.3082455307348006,0.35219684580524463,0.675,0.32499999999999996,0.6666666666666666,0.33333333333333337,0.6833333333333333,0.31666666666666665,0.23943661971830985,0.43661971830985913,0.6150234741784038
deepseek_r1_qwen7b,DeepSeek/Qwen-distill,mmlu_all,2025,cheap_confidence_option__logreg,0.6758643669940504,0.32366752118880576,0.35219684580524463,0.7,0.30000000000000004,0.6944444444444444,0.3055555555555556,0.6583333333333333,0.3416666666666667,0.2112676056338028,0.4131455399061033,0.6291079812206573
deepseek_r1_qwen7b,DeepSeek/Qwen-distill,mmlu_all,2025,cheap_confidence_option__mlp,0.674105451546117,0.3219086057408724,0.35219684580524463,0.6916666666666667,0.30833333333333335,0.6888888888888889,0.3111111111111111,0.6916666666666667,0.30833333333333335,0.22065727699530516,0.41784037558685444,0.6103286384976526
deepseek_r1_qwen7b,DeepSeek/Qwen-distill,mmlu_all,2025,cheap_confidence_option__extratrees,0.6484661030611014,0.2962692572558568,0.35219684580524463,0.7041666666666667,0.2958333333333333,0.6833333333333333,0.31666666666666665,0.6333333333333333,0.3666666666666667,0.20657276995305165,0.4225352112676056,0.6431924882629108
deepseek_r1_qwen7b,DeepSeek/Qwen-distill,mmlu_all,2025,cheap_confidence_option__hgb,0.6598039091321561,0.3076070633269115,0.35219684580524463,0.7125,0.2875,0.6777777777777778,0.3222222222222222,0.6333333333333333,0.3666666666666667,0.19718309859154928,0.4272300469483568,0.6431924882629108
deepseek_r1_qwen7b,DeepSeek/Qwen-distill,mmlu_all,2025,hidden_summary_only__logreg,0.7142295150809038,0.3620326692756592,0.35219684580524463,0.7041666666666667,0.2958333333333333,0.6888888888888889,0.3111111111111111,0.6916666666666667,0.30833333333333335,0.20657276995305165,0.41784037558685444,0.6103286384976526
deepseek_r1_qwen7b,DeepSeek/Qwen-distill,mmlu_all,2025,hidden_summary_only__mlp,0.7164308835614158,0.3642340377561712,0.35219684580524463,0.7083333333333334,0.29166666666666663,0.7166666666666667,0.2833333333333333,0.725,0.275,0.20187793427230047,0.39436619718309857,0.5915492957746479
deepseek_r1_qwen7b,DeepSeek/Qwen-distill,mmlu_all,2025,hidden_summary_only__extratrees,0.6863607947073479,0.33416394890210327,0.35219684580524463,0.7,0.30000000000000004,0.7055555555555556,0.2944444444444444,0.6416666666666667,0.3583333333333333,0.2112676056338028,0.40375586854460094,0.6384976525821596
deepseek_r1_qwen7b,DeepSeek/Qwen-distill,mmlu_all,2025,hidden_summary_only__hgb,0.6669718263990867,0.31477498059384207,0.35219684580524463,0.7,0.30000000000000004,0.6722222222222223,0.3277777777777777,0.6666666666666666,0.33333333333333337,0.2112676056338028,0.431924882629108,0.6244131455399061
deepseek_r1_qwen7b,DeepSeek/Qwen-distill,mmlu_all,2025,cheap_plus_hidden_summary__logreg,0.6844635650324361,0.3322667192271915,0.35219684580524463,0.7041666666666667,0.2958333333333333,0.7,0.30000000000000004,0.675,0.32499999999999996,0.20657276995305165,0.4084507042253521,0.6197183098591549
deepseek_r1_qwen7b,DeepSeek/Qwen-distill,mmlu_all,2025,cheap_plus_hidden_summary__mlp,0.6648361065405045,0.3126392607352599,0.35219684580524463,0.6875,0.3125,0.6833333333333333,0.31666666666666665,0.65,0.35,0.22535211267605634,0.4225352112676056,0.6338028169014085
deepseek_r1_qwen7b,DeepSeek/Qwen-distill,mmlu_all,2025,cheap_plus_hidden_summary__extratrees,0.6623323755589545,0.3101355297537099,0.35219684580524463,0.6916666666666667,0.30833333333333335,0.6611111111111111,0.3388888888888889,0.6666666666666666,0.33333333333333337,0.22065727699530516,0.4413145539906103,0.6244131455399061
deepseek_r1_qwen7b,DeepSeek/Qwen-distill,mmlu_all,2025,cheap_plus_hidden_summary__hgb,0.6386729855789989,0.28647613977375425,0.35219684580524463,0.6875,0.3125,0.6555555555555556,0.34444444444444444,0.6166666666666667,0.3833333333333333,0.22535211267605634,0.4460093896713615,0.6525821596244131
deepseek_r1_qwen7b,DeepSeek/Qwen-distill,mmlu_all,2025,pca_hidden_embeddings__logreg,0.6975155325739493,0.34531868676870464,0.35219684580524463,0.7125,0.2875,0.7055555555555556,0.2944444444444444,0.6833333333333333,0.31666666666666665,0.19718309859154928,0.40375586854460094,0.6150234741784038
deepseek_r1_qwen7b,DeepSeek/Qwen-distill,mmlu_all,2025,pca_hidden_embeddings__mlp,0.7129333582261004,0.36073651242085575,0.35219684580524463,0.7125,0.2875,0.7111111111111111,0.28888888888888886,0.725,0.275,0.19718309859154928,0.39906103286384975,0.5915492957746479
deepseek_r1_qwen7b,DeepSeek/Qwen-distill,mmlu_all,2025,pca_hidden_embeddings__extratrees,0.7149420933184828,0.36274524751323817,0.35219684580524463,0.7166666666666667,0.2833333333333333,0.6944444444444444,0.3055555555555556,0.675,0.32499999999999996,0.19248826291079812,0.4131455399061033,0.6197183098591549
deepseek_r1_qwen7b,DeepSeek/Qwen-distill,mmlu_all,2025,pca_hidden_embeddings__hgb,0.7297763138263023,0.37757946802105763,0.35219684580524463,0.7,0.30000000000000004,0.7055555555555556,0.2944444444444444,0.7,0.30000000000000004,0.2112676056338028,0.40375586854460094,0.6056338028169014
deepseek_r1_qwen7b,DeepSeek/Qwen-distill,mmlu_all,2025,cheap_plus_pca_hidden__logreg,0.666069697499457,0.31387285169421236,0.35219684580524463,0.7166666666666667,0.2833333333333333,0.7055555555555556,0.2944444444444444,0.6583333333333333,0.3416666666666667,0.19248826291079812,0.40375586854460094,0.6291079812206573
deepseek_r1_qwen7b,DeepSeek/Qwen-distill,mmlu_all,2025,cheap_plus_pca_hidden__mlp,0.668551039191323,0.31635419338607834,0.35219684580524463,0.7,0.30000000000000004,0.7,0.30000000000000004,0.675,0.32499999999999996,0.2112676056338028,0.4084507042253521,0.6197183098591549
deepseek_r1_qwen7b,DeepSeek/Qwen-distill,mmlu_all,2025,cheap_plus_pca_hidden__extratrees,0.6540012267679689,0.3018043809627243,0.35219684580524463,0.6875,0.3125,0.6611111111111111,0.3388888888888889,0.6333333333333333,0.3666666666666667,0.22535211267605634,0.4413145539906103,0.6431924882629108
deepseek_r1_qwen7b,DeepSeek/Qwen-distill,mmlu_all,2025,cheap_plus_pca_hidden__hgb,0.6774619668576249,0.3252651210523803,0.35219684580524463,0.6833333333333333,0.31666666666666665,0.6666666666666666,0.33333333333333337,0.675,0.32499999999999996,0.2300469483568075,0.43661971830985913,0.6197183098591549
falcon3_7b_instruct,Falcon,arc_challenge,42,direct_pmax,0.058657432228460996,0.0430032424746845,0.015654189753776495,0.09722222222222222,0.9027777777777778,0.07407407407407407,0.9259259259259259,0.027777777777777776,0.9722222222222222,0.5333333333333333,0.7333333333333333,0.9333333333333333
falcon3_7b_instruct,Falcon,arc_challenge,42,cheap_confidence_option__logreg,0.06598995746724308,0.05033576771346658,0.015654189753776495,0.1111111111111111,0.8888888888888888,0.07407407407407407,0.9259259259259259,0.027777777777777776,0.9722222222222222,0.4666666666666667,0.7333333333333333,0.9333333333333333
falcon3_7b_instruct,Falcon,arc_challenge,42,cheap_confidence_option__mlp,0.20627621354257727,0.19062202378880078,0.015654189753776495,0.19444444444444445,0.8055555555555556,0.2037037037037037,0.7962962962962963,0.25,0.75,0.06666666666666667,0.26666666666666666,0.4
falcon3_7b_instruct,Falcon,arc_challenge,42,cheap_confidence_option__extratrees,0.0677105361160827,0.0520563463623062,0.015654189753776495,0.08333333333333333,0.9166666666666666,0.07407407407407407,0.9259259259259259,0.05555555555555555,0.9444444444444444,0.6,0.7333333333333333,0.8666666666666667
falcon3_7b_instruct,Falcon,arc_challenge,42,cheap_confidence_option__hgb,0.06071244323239391,0.045058253478617416,0.015654189753776495,0.09722222222222222,0.9027777777777778,0.05555555555555555,0.9444444444444444,0.05555555555555555,0.9444444444444444,0.5333333333333333,0.8,0.8666666666666667
falcon3_7b_instruct,Falcon,arc_challenge,42,hidden_summary_only__logreg,0.12420688614891902,0.10855269639514252,0.015654189753776495,0.1388888888888889,0.8611111111111112,0.1111111111111111,0.8888888888888888,0.08333333333333333,0.9166666666666666,0.3333333333333333,0.6,0.8
falcon3_7b_instruct,Falcon,arc_challenge,42,hidden_summary_only__mlp,0.22222925555814643,0.20657506580436993,0.015654189753776495,0.16666666666666666,0.8333333333333334,0.14814814814814814,0.8518518518518519,0.19444444444444445,0.8055555555555556,0.2,0.4666666666666667,0.5333333333333333
falcon3_7b_instruct,Falcon,arc_challenge,42,hidden_summary_only__extratrees,0.14546747354969536,0.12981328379591886,0.015654189753776495,0.1388888888888889,0.8611111111111112,0.09259259259259259,0.9074074074074074,0.08333333333333333,0.9166666666666666,0.3333333333333333,0.6666666666666666,0.8
falcon3_7b_instruct,Falcon,arc_challenge,42,hidden_summary_only__hgb,0.14024346879193259,0.12458927903815609,0.015654189753776495,0.1527777777777778,0.8472222222222222,0.12962962962962962,0.8703703703703703,0.1111111111111111,0.8888888888888888,0.26666666666666666,0.5333333333333333,0.7333333333333333
falcon3_7b_instruct,Falcon,arc_challenge,42,cheap_plus_hidden_summary__logreg,0.10561084986277716,0.08995666010900066,0.015654189753776495,0.1111111111111111,0.8888888888888888,0.1111111111111111,0.8888888888888888,0.1111111111111111,0.8888888888888888,0.4666666666666667,0.6,0.7333333333333333
falcon3_7b_instruct,Falcon,arc_challenge,42,cheap_plus_hidden_summary__mlp,0.096359417667859,0.0807052279140825,0.015654189753776495,0.1388888888888889,0.8611111111111112,0.09259259259259259,0.9074074074074074,0.08333333333333333,0.9166666666666666,0.3333333333333333,0.6666666666666666,0.8
falcon3_7b_instruct,Falcon,arc_challenge,42,cheap_plus_hidden_summary__extratrees,0.08856245331583648,0.07290826356205998,0.015654189753776495,0.08333333333333333,0.9166666666666666,0.07407407407407407,0.9259259259259259,0.05555555555555555,0.9444444444444444,0.6,0.7333333333333333,0.8666666666666667
falcon3_7b_instruct,Falcon,arc_challenge,42,cheap_plus_hidden_summary__hgb,0.08928772233126138,0.07363353257748488,0.015654189753776495,0.1111111111111111,0.8888888888888888,0.07407407407407407,0.9259259259259259,0.08333333333333333,0.9166666666666666,0.4666666666666667,0.7333333333333333,0.8
falcon3_7b_instruct,Falcon,arc_challenge,42,pca_hidden_embeddings__logreg,0.11837389842804168,0.10271970867426518,0.015654189753776495,0.1111111111111111,0.8888888888888888,0.1111111111111111,0.8888888888888888,0.1111111111111111,0.8888888888888888,0.4666666666666667,0.6,0.7333333333333333
falcon3_7b_instruct,Falcon,arc_challenge,42,pca_hidden_embeddings__mlp,0.22290105153104026,0.20724686177726376,0.015654189753776495,0.18055555555555555,0.8194444444444444,0.18518518518518517,0.8148148148148149,0.2222222222222222,0.7777777777777778,0.13333333333333333,0.3333333333333333,0.4666666666666667
falcon3_7b_instruct,Falcon,arc_challenge,42,pca_hidden_embeddings__extratrees,0.1111273742332388,0.0954731844794623,0.015654189753776495,0.125,0.875,0.09259259259259259,0.9074074074074074,0.08333333333333333,0.9166666666666666,0.4,0.6666666666666666,0.8
falcon3_7b_instruct,Falcon,arc_challenge,42,pca_hidden_embeddings__hgb,0.1461174596975228,0.1304632699437463,0.015654189753776495,0.125,0.875,0.09259259259259259,0.9074074074074074,0.1388888888888889,0.8611111111111112,0.4,0.6666666666666666,0.6666666666666666
falcon3_7b_instruct,Falcon,arc_challenge,42,cheap_plus_pca_hidden__logreg,0.10198013030698204,0.08632594055320554,0.015654189753776495,0.09722222222222222,0.9027777777777778,0.1111111111111111,0.8888888888888888,0.08333333333333333,0.9166666666666666,0.5333333333333333,0.6,0.8
falcon3_7b_instruct,Falcon,arc_challenge,42,cheap_plus_pca_hidden__mlp,0.13856705589457247,0.12291286614079597,0.015654189753776495,0.16666666666666666,0.8333333333333334,0.12962962962962962,0.8703703703703703,0.1388888888888889,0.8611111111111112,0.2,0.5333333333333333,0.6666666666666666
falcon3_7b_instruct,Falcon,arc_challenge,42,cheap_plus_pca_hidden__extratrees,0.07458441293212333,0.05893022317834683,0.015654189753776495,0.08333333333333333,0.9166666666666666,0.07407407407407407,0.9259259259259259,0.027777777777777776,0.9722222222222222,0.6,0.7333333333333333,0.9333333333333333
falcon3_7b_instruct,Falcon,arc_challenge,42,cheap_plus_pca_hidden__hgb,0.10847288273746766,0.09281869298369116,0.015654189753776495,0.08333333333333333,0.9166666666666666,0.07407407407407407,0.9259259259259259,0.1111111111111111,0.8888888888888888,0.6,0.7333333333333333,0.7333333333333333
falcon3_7b_instruct,Falcon,arc_challenge,7,direct_pmax,0.048991825600367585,0.03333763584659109,0.015654189753776495,0.09722222222222222,0.9027777777777778,0.037037037037037035,0.962962962962963,0.027777777777777776,0.9722222222222222,0.5333333333333333,0.8666666666666667,0.9333333333333333
falcon3_7b_instruct,Falcon,arc_challenge,7,cheap_confidence_option__logreg,0.058145770502165996,0.042491580748389504,0.015654189753776495,0.08333333333333333,0.9166666666666666,0.05555555555555555,0.9444444444444444,0.027777777777777776,0.9722222222222222,0.6,0.8,0.9333333333333333
falcon3_7b_instruct,Falcon,arc_challenge,7,cheap_confidence_option__mlp,0.06801477653266996,0.052360586778893464,0.015654189753776495,0.09722222222222222,0.9027777777777778,0.07407407407407407,0.9259259259259259,0.027777777777777776,0.9722222222222222,0.5333333333333333,0.7333333333333333,0.9333333333333333
falcon3_7b_instruct,Falcon,arc_challenge,7,cheap_confidence_option__extratrees,0.05208212992233647,0.03642794016855998,0.015654189753776495,0.09722222222222222,0.9027777777777778,0.037037037037037035,0.962962962962963,0.027777777777777776,0.9722222222222222,0.5333333333333333,0.8666666666666667,0.9333333333333333
falcon3_7b_instruct,Falcon,arc_challenge,7,cheap_confidence_option__hgb,0.05170983241455004,0.036055642660773546,0.015654189753776495,0.1111111111111111,0.8888888888888888,0.037037037037037035,0.962962962962963,0.027777777777777776,0.9722222222222222,0.4666666666666667,0.8666666666666667,0.9333333333333333
falcon3_7b_instruct,Falcon,arc_challenge,7,hidden_summary_only__logreg,0.0971867533024787,0.0815325635487022,0.015654189753776495,0.1111111111111111,0.8888888888888888,0.09259259259259259,0.9074074074074074,0.08333333333333333,0.9166666666666666,0.4666666666666667,0.6666666666666666,0.8
falcon3_7b_instruct,Falcon,arc_challenge,7,hidden_summary_only__mlp,0.23788193880030567,0.22222774904652917,0.015654189753776495,0.18055555555555555,0.8194444444444444,0.2037037037037037,0.7962962962962963,0.2222222222222222,0.7777777777777778,0.13333333333333333,0.26666666666666666,0.4666666666666667
falcon3_7b_instruct,Falcon,arc_challenge,7,hidden_summary_only__extratrees,0.08512846118439431,0.06947427143061781,0.015654189753776495,0.1388888888888889,0.8611111111111112,0.05555555555555555,0.9444444444444444,0.05555555555555555,0.9444444444444444,0.3333333333333333,0.8,0.8666666666666667
falcon3_7b_instruct,Falcon,arc_challenge,7,hidden_summary_only__hgb,0.08555631685750285,0.06990212710372636,0.015654189753776495,0.1388888888888889,0.8611111111111112,0.12962962962962962,0.8703703703703703,0.05555555555555555,0.9444444444444444,0.3333333333333333,0.5333333333333333,0.8666666666666667
falcon3_7b_instruct,Falcon,arc_challenge,7,cheap_plus_hidden_summary__logreg,0.05951483746904504,0.04386064771526854,0.015654189753776495,0.09722222222222222,0.9027777777777778,0.037037037037037035,0.962962962962963,0.027777777777777776,0.9722222222222222,0.5333333333333333,0.8666666666666667,0.9333333333333333
falcon3_7b_instruct,Falcon,arc_challenge,7,cheap_plus_hidden_summary__mlp,0.08249840673350842,0.06684421697973192,0.015654189753776495,0.08333333333333333,0.9166666666666666,0.05555555555555555,0.9444444444444444,0.05555555555555555,0.9444444444444444,0.6,0.8,0.8666666666666667
falcon3_7b_instruct,Falcon,arc_challenge,7,cheap_plus_hidden_summary__extratrees,0.06496126392593236,0.049307074172155865,0.015654189753776495,0.1111111111111111,0.8888888888888888,0.05555555555555555,0.9444444444444444,0.027777777777777776,0.9722222222222222,0.4666666666666667,0.8,0.9333333333333333
falcon3_7b_instruct,Falcon,arc_challenge,7,cheap_plus_hidden_summary__hgb,0.06930117220584377,0.05364698245206727,0.015654189753776495,0.1388888888888889,0.8611111111111112,0.09259259259259259,0.9074074074074074,0.027777777777777776,0.9722222222222222,0.3333333333333333,0.6666666666666666,0.9333333333333333
falcon3_7b_instruct,Falcon,arc_challenge,7,pca_hidden_embeddings__logreg,0.0700405819892853,0.0543863922355088,0.015654189753776495,0.06944444444444445,0.9305555555555556,0.05555555555555555,0.9444444444444444,0.027777777777777776,0.9722222222222222,0.6666666666666666,0.8,0.9333333333333333
falcon3_7b_instruct,Falcon,arc_challenge,7,pca_hidden_embeddings__mlp,0.22234599028565225,0.20669180053187575,0.015654189753776495,0.18055555555555555,0.8194444444444444,0.18518518518518517,0.8148148148148149,0.2777777777777778,0.7222222222222222,0.13333333333333333,0.3333333333333333,0.3333333333333333
falcon3_7b_instruct,Falcon,arc_challenge,7,pca_hidden_embeddings__extratrees,0.11034215048316912,0.09468796072939262,0.015654189753776495,0.09722222222222222,0.9027777777777778,0.05555555555555555,0.9444444444444444,0.05555555555555555,0.9444444444444444,0.5333333333333333,0.8,0.8666666666666667
falcon3_7b_instruct,Falcon,arc_challenge,7,pca_hidden_embeddings__hgb,0.08629867175017106,0.07064448199639456,0.015654189753776495,0.1111111111111111,0.8888888888888888,0.1111111111111111,0.8888888888888888,0.08333333333333333,0.9166666666666666,0.4666666666666667,0.6,0.8
falcon3_7b_instruct,Falcon,arc_challenge,7,cheap_plus_pca_hidden__logreg,0.05440352513533306,0.03874933538155656,0.015654189753776495,0.06944444444444445,0.9305555555555556,0.037037037037037035,0.962962962962963,0.027777777777777776,0.9722222222222222,0.6666666666666666,0.8666666666666667,0.9333333333333333
falcon3_7b_instruct,Falcon,arc_challenge,7,cheap_plus_pca_hidden__mlp,0.06320741788286846,0.04755322812909196,0.015654189753776495,0.125,0.875,0.1111111111111111,0.8888888888888888,0.0,1.0,0.4,0.6,1.0
falcon3_7b_instruct,Falcon,arc_challenge,7,cheap_plus_pca_hidden__extratrees,0.06937368924026364,0.053719499486487146,0.015654189753776495,0.1111111111111111,0.8888888888888888,0.037037037037037035,0.962962962962963,0.027777777777777776,0.9722222222222222,0.4666666666666667,0.8666666666666667,0.9333333333333333
falcon3_7b_instruct,Falcon,arc_challenge,7,cheap_plus_pca_hidden__hgb,0.060713620082588175,0.045059430328811684,0.015654189753776495,0.125,0.875,0.037037037037037035,0.962962962962963,0.027777777777777776,0.9722222222222222,0.4,0.8666666666666667,0.9333333333333333
falcon3_7b_instruct,Falcon,arc_challenge,123,direct_pmax,0.05458312654057698,0.03892893678680048,0.015654189753776495,0.06944444444444445,0.9305555555555556,0.05555555555555555,0.9444444444444444,0.027777777777777776,0.9722222222222222,0.6666666666666666,0.8,0.9333333333333333
falcon3_7b_instruct,Falcon,arc_challenge,123,cheap_confidence_option__logreg,0.04556165977292524,0.029907470019148747,0.015654189753776495,0.06944444444444445,0.9305555555555556,0.05555555555555555,0.9444444444444444,0.027777777777777776,0.9722222222222222,0.6666666666666666,0.8,0.9333333333333333
falcon3_7b_instruct,Falcon,arc_challenge,123,cheap_confidence_option__mlp,0.11355770882973965,0.09790351907596315,0.015654189753776495,0.125,0.875,0.12962962962962962,0.8703703703703703,0.1111111111111111,0.8888888888888888,0.4,0.5333333333333333,0.7333333333333333
falcon3_7b_instruct,Falcon,arc_challenge,123,cheap_confidence_option__extratrees,0.058767787829013825,0.04311359807523733,0.015654189753776495,0.06944444444444445,0.9305555555555556,0.037037037037037035,0.962962962962963,0.027777777777777776,0.9722222222222222,0.6666666666666666,0.8666666666666667,0.9333333333333333
falcon3_7b_instruct,Falcon,arc_challenge,123,cheap_confidence_option__hgb,0.039876588369986934,0.02422239861621044,0.015654189753776495,0.05555555555555555,0.9444444444444444,0.037037037037037035,0.962962962962963,0.027777777777777776,0.9722222222222222,0.7333333333333333,0.8666666666666667,0.9333333333333333
falcon3_7b_instruct,Falcon,arc_challenge,123,hidden_summary_only__logreg,0.0710679061090422,0.05541371635526571,0.015654189753776495,0.1111111111111111,0.8888888888888888,0.037037037037037035,0.962962962962963,0.05555555555555555,0.9444444444444444,0.4666666666666667,0.8666666666666667,0.8666666666666667
falcon3_7b_instruct,Falcon,arc_challenge,123,hidden_summary_only__mlp,0.17518073327468994,0.15952654352091344,0.015654189753776495,0.1527777777777778,0.8472222222222222,0.14814814814814814,0.8518518518518519,0.16666666666666666,0.8333333333333334,0.26666666666666666,0.4666666666666667,0.6
falcon3_7b_instruct,Falcon,arc_challenge,123,hidden_summary_only__extratrees,0.06629814410230501,0.050643954348528517,0.015654189753776495,0.09722222222222222,0.9027777777777778,0.05555555555555555,0.9444444444444444,0.027777777777777776,0.9722222222222222,0.5333333333333333,0.8,0.9333333333333333
falcon3_7b_instruct,Falcon,arc_challenge,123,hidden_summary_only__hgb,0.059836054118397826,0.044181864364621334,0.015654189753776495,0.09722222222222222,0.9027777777777778,0.07407407407407407,0.9259259259259259,0.08333333333333333,0.9166666666666666,0.5333333333333333,0.7333333333333333,0.8
falcon3_7b_instruct,Falcon,arc_challenge,123,cheap_plus_hidden_summary__logreg,0.0573964724884651,0.04174228273468861,0.015654189753776495,0.08333333333333333,0.9166666666666666,0.07407407407407407,0.9259259259259259,0.08333333333333333,0.9166666666666666,0.6,0.7333333333333333,0.8
falcon3_7b_instruct,Falcon,arc_challenge,123,cheap_plus_hidden_summary__mlp,0.20208307534366454,0.18642888558988804,0.015654189753776495,0.18055555555555555,0.8194444444444444,0.16666666666666666,0.8333333333333334,0.2222222222222222,0.7777777777777778,0.13333333333333333,0.4,0.4666666666666667
falcon3_7b_instruct,Falcon,arc_challenge,123,cheap_plus_hidden_summary__extratrees,0.057020404085113184,0.04136621433133669,0.015654189753776495,0.06944444444444445,0.9305555555555556,0.05555555555555555,0.9444444444444444,0.027777777777777776,0.9722222222222222,0.6666666666666666,0.8,0.9333333333333333
falcon3_7b_instruct,Falcon,arc_challenge,123,cheap_plus_hidden_summary__hgb,0.05052204154932316,0.03486785179554666,0.015654189753776495,0.06944444444444445,0.9305555555555556,0.05555555555555555,0.9444444444444444,0.05555555555555555,0.9444444444444444,0.6666666666666666,0.8,0.8666666666666667
falcon3_7b_instruct,Falcon,arc_challenge,123,pca_hidden_embeddings__logreg,0.09023774490092737,0.07458355514715087,0.015654189753776495,0.08333333333333333,0.9166666666666666,0.07407407407407407,0.9259259259259259,0.05555555555555555,0.9444444444444444,0.6,0.7333333333333333,0.8666666666666667
falcon3_7b_instruct,Falcon,arc_challenge,123,pca_hidden_embeddings__mlp,0.13363694541813823,0.11798275566436173,0.015654189753776495,0.16666666666666666,0.8333333333333334,0.12962962962962962,0.8703703703703703,0.1388888888888889,0.8611111111111112,0.2,0.5333333333333333,0.6666666666666666
falcon3_7b_instruct,Falcon,arc_challenge,123,pca_hidden_embeddings__extratrees,0.09332690874108253,0.07767271898730603,0.015654189753776495,0.08333333333333333,0.9166666666666666,0.05555555555555555,0.9444444444444444,0.08333333333333333,0.9166666666666666,0.6,0.8,0.8
falcon3_7b_instruct,Falcon,arc_challenge,123,pca_hidden_embeddings__hgb,0.08381360235155064,0.06815941259777414,0.015654189753776495,0.08333333333333333,0.9166666666666666,0.05555555555555555,0.9444444444444444,0.08333333333333333,0.9166666666666666,0.6,0.8,0.8
falcon3_7b_instruct,Falcon,arc_challenge,123,cheap_plus_pca_hidden__logreg,0.06807714502270114,0.05242295526892464,0.015654189753776495,0.06944444444444445,0.9305555555555556,0.07407407407407407,0.9259259259259259,0.05555555555555555,0.9444444444444444,0.6666666666666666,0.7333333333333333,0.8666666666666667
falcon3_7b_instruct,Falcon,arc_challenge,123,cheap_plus_pca_hidden__mlp,0.05657373789586444,0.04091954814208794,0.015654189753776495,0.08333333333333333,0.9166666666666666,0.07407407407407407,0.9259259259259259,0.05555555555555555,0.9444444444444444,0.6,0.7333333333333333,0.8666666666666667
falcon3_7b_instruct,Falcon,arc_challenge,123,cheap_plus_pca_hidden__extratrees,0.06199977815090712,0.04634558839713063,0.015654189753776495,0.06944444444444445,0.9305555555555556,0.037037037037037035,0.962962962962963,0.027777777777777776,0.9722222222222222,0.6666666666666666,0.8666666666666667,0.9333333333333333
falcon3_7b_instruct,Falcon,arc_challenge,123,cheap_plus_pca_hidden__hgb,0.06436465903511848,0.048710469281341984,0.015654189753776495,0.08333333333333333,0.9166666666666666,0.05555555555555555,0.9444444444444444,0.08333333333333333,0.9166666666666666,0.6,0.8,0.8
falcon3_7b_instruct,Falcon,arc_challenge,777,direct_pmax,0.053555982387081306,0.037901792633304815,0.015654189753776495,0.08333333333333333,0.9166666666666666,0.07407407407407407,0.9259259259259259,0.027777777777777776,0.9722222222222222,0.6,0.7333333333333333,0.9333333333333333
falcon3_7b_instruct,Falcon,arc_challenge,777,cheap_confidence_option__logreg,0.05589637489654773,0.04024218514277124,0.015654189753776495,0.09722222222222222,0.9027777777777778,0.07407407407407407,0.9259259259259259,0.027777777777777776,0.9722222222222222,0.5333333333333333,0.7333333333333333,0.9333333333333333
falcon3_7b_instruct,Falcon,arc_challenge,777,cheap_confidence_option__mlp,0.08102699940765744,0.06537280965388094,0.015654189753776495,0.1111111111111111,0.8888888888888888,0.1111111111111111,0.8888888888888888,0.08333333333333333,0.9166666666666666,0.4666666666666667,0.6,0.8
falcon3_7b_instruct,Falcon,arc_challenge,777,cheap_confidence_option__extratrees,0.06895922867984337,0.053305038926066875,0.015654189753776495,0.08333333333333333,0.9166666666666666,0.07407407407407407,0.9259259259259259,0.05555555555555555,0.9444444444444444,0.6,0.7333333333333333,0.8666666666666667
falcon3_7b_instruct,Falcon,arc_challenge,777,cheap_confidence_option__hgb,0.08918739696782577,0.07353320721404927,0.015654189753776495,0.09722222222222222,0.9027777777777778,0.09259259259259259,0.9074074074074074,0.08333333333333333,0.9166666666666666,0.5333333333333333,0.6666666666666666,0.8
falcon3_7b_instruct,Falcon,arc_challenge,777,hidden_summary_only__logreg,0.12327103376593783,0.10761684401216133,0.015654189753776495,0.125,0.875,0.07407407407407407,0.9259259259259259,0.08333333333333333,0.9166666666666666,0.4,0.7333333333333333,0.8
falcon3_7b_instruct,Falcon,arc_challenge,777,hidden_summary_only__mlp,0.29856459259781737,0.2829104028440409,0.015654189753776495,0.20833333333333334,0.7916666666666666,0.25925925925925924,0.7407407407407407,0.3333333333333333,0.6666666666666667,0.0,0.06666666666666667,0.2
falcon3_7b_instruct,Falcon,arc_challenge,777,hidden_summary_only__extratrees,0.10377840679838903,0.08812421704461253,0.015654189753776495,0.09722222222222222,0.9027777777777778,0.05555555555555555,0.9444444444444444,0.08333333333333333,0.9166666666666666,0.5333333333333333,0.8,0.8
falcon3_7b_instruct,Falcon,arc_challenge,777,hidden_summary_only__hgb,0.0881324419208465,0.07247825216707,0.015654189753776495,0.08333333333333333,0.9166666666666666,0.05555555555555555,0.9444444444444444,0.027777777777777776,0.9722222222222222,0.6,0.8,0.9333333333333333
falcon3_7b_instruct,Falcon,arc_challenge,777,cheap_plus_hidden_summary__logreg,0.06559873807794037,0.04994454832416387,0.015654189753776495,0.1111111111111111,0.8888888888888888,0.05555555555555555,0.9444444444444444,0.027777777777777776,0.9722222222222222,0.4666666666666667,0.8,0.9333333333333333
falcon3_7b_instruct,Falcon,arc_challenge,777,cheap_plus_hidden_summary__mlp,0.07130880089952585,0.05565461114574935,0.015654189753776495,0.09722222222222222,0.9027777777777778,0.1111111111111111,0.8888888888888888,0.05555555555555555,0.9444444444444444,0.5333333333333333,0.6,0.8666666666666667
falcon3_7b_instruct,Falcon,arc_challenge,777,cheap_plus_hidden_summary__extratrees,0.06233146945770729,0.04667727970393079,0.015654189753776495,0.08333333333333333,0.9166666666666666,0.07407407407407407,0.9259259259259259,0.027777777777777776,0.9722222222222222,0.6,0.7333333333333333,0.9333333333333333
falcon3_7b_instruct,Falcon,arc_challenge,777,cheap_plus_hidden_summary__hgb,0.07139935584962899,0.05574516609585249,0.015654189753776495,0.1111111111111111,0.8888888888888888,0.05555555555555555,0.9444444444444444,0.05555555555555555,0.9444444444444444,0.4666666666666667,0.8,0.8666666666666667
falcon3_7b_instruct,Falcon,arc_challenge,777,pca_hidden_embeddings__logreg,0.04639849363170317,0.030744303877926673,0.015654189753776495,0.06944444444444445,0.9305555555555556,0.037037037037037035,0.962962962962963,0.027777777777777776,0.9722222222222222,0.6666666666666666,0.8666666666666667,0.9333333333333333
falcon3_7b_instruct,Falcon,arc_challenge,777,pca_hidden_embeddings__mlp,0.12244787837186359,0.1067936886180871,0.015654189753776495,0.125,0.875,0.09259259259259259,0.9074074074074074,0.08333333333333333,0.9166666666666666,0.4,0.6666666666666666,0.8
falcon3_7b_instruct,Falcon,arc_challenge,777,pca_hidden_embeddings__extratrees,0.06451148615257635,0.04885729639879985,0.015654189753776495,0.09722222222222222,0.9027777777777778,0.05555555555555555,0.9444444444444444,0.05555555555555555,0.9444444444444444,0.5333333333333333,0.8,0.8666666666666667
falcon3_7b_instruct,Falcon,arc_challenge,777,pca_hidden_embeddings__hgb,0.11369966007845632,0.09804547032467982,0.015654189753776495,0.1111111111111111,0.8888888888888888,0.09259259259259259,0.9074074074074074,0.1388888888888889,0.8611111111111112,0.4666666666666667,0.6666666666666666,0.6666666666666666
falcon3_7b_instruct,Falcon,arc_challenge,777,cheap_plus_pca_hidden__logreg,0.05120158217578412,0.03554739242200762,0.015654189753776495,0.08333333333333333,0.9166666666666666,0.07407407407407407,0.9259259259259259,0.027777777777777776,0.9722222222222222,0.6,0.7333333333333333,0.9333333333333333
falcon3_7b_instruct,Falcon,arc_challenge,777,cheap_plus_pca_hidden__mlp,0.14023393738383194,0.12457974763005544,0.015654189753776495,0.125,0.875,0.12962962962962962,0.8703703703703703,0.16666666666666666,0.8333333333333334,0.4,0.5333333333333333,0.6
falcon3_7b_instruct,Falcon,arc_challenge,777,cheap_plus_pca_hidden__extratrees,0.060230943372648484,0.04457675361887199,0.015654189753776495,0.08333333333333333,0.9166666666666666,0.07407407407407407,0.9259259259259259,0.027777777777777776,0.9722222222222222,0.6,0.7333333333333333,0.9333333333333333
falcon3_7b_instruct,Falcon,arc_challenge,777,cheap_plus_pca_hidden__hgb,0.07907431708447554,0.06342012733069904,0.015654189753776495,0.1111111111111111,0.8888888888888888,0.05555555555555555,0.9444444444444444,0.05555555555555555,0.9444444444444444,0.4666666666666667,0.8,0.8666666666666667
falcon3_7b_instruct,Falcon,arc_challenge,2025,direct_pmax,0.0350502171709509,0.019396027417174406,0.015654189753776495,0.08333333333333333,0.9166666666666666,0.018518518518518517,0.9814814814814815,0.0,1.0,0.6,0.9333333333333333,1.0
falcon3_7b_instruct,Falcon,arc_challenge,2025,cheap_confidence_option__logreg,0.04511248094609955,0.029458291192323054,0.015654189753776495,0.08333333333333333,0.9166666666666666,0.018518518518518517,0.9814814814814815,0.027777777777777776,0.9722222222222222,0.6,0.9333333333333333,0.9333333333333333
falcon3_7b_instruct,Falcon,arc_challenge,2025,cheap_confidence_option__mlp,0.06335976524986714,0.04770557549609064,0.015654189753776495,0.125,0.875,0.07407407407407407,0.9259259259259259,0.027777777777777776,0.9722222222222222,0.4,0.7333333333333333,0.9333333333333333
falcon3_7b_instruct,Falcon,arc_challenge,2025,cheap_confidence_option__extratrees,0.04272787097730304,0.027073681223526543,0.015654189753776495,0.05555555555555555,0.9444444444444444,0.037037037037037035,0.962962962962963,0.027777777777777776,0.9722222222222222,0.7333333333333333,0.8666666666666667,0.9333333333333333
falcon3_7b_instruct,Falcon,arc_challenge,2025,cheap_confidence_option__hgb,0.039406157084105525,0.02375196733032903,0.015654189753776495,0.05555555555555555,0.9444444444444444,0.037037037037037035,0.962962962962963,0.027777777777777776,0.9722222222222222,0.7333333333333333,0.8666666666666667,0.9333333333333333
falcon3_7b_instruct,Falcon,arc_challenge,2025,hidden_summary_only__logreg,0.0699052760149296,0.0542510862611531,0.015654189753776495,0.125,0.875,0.037037037037037035,0.962962962962963,0.05555555555555555,0.9444444444444444,0.4,0.8666666666666667,0.8666666666666667
falcon3_7b_instruct,Falcon,arc_challenge,2025,hidden_summary_only__mlp,0.2778913054723376,0.2622371157185611,0.015654189753776495,0.19444444444444445,0.8055555555555556,0.24074074074074073,0.7592592592592593,0.2777777777777778,0.7222222222222222,0.06666666666666667,0.13333333333333333,0.3333333333333333
falcon3_7b_instruct,Falcon,arc_challenge,2025,hidden_summary_only__extratrees,0.0604731625559242,0.04481897280214771,0.015654189753776495,0.09722222222222222,0.9027777777777778,0.037037037037037035,0.962962962962963,0.05555555555555555,0.9444444444444444,0.5333333333333333,0.8666666666666667,0.8666666666666667
falcon3_7b_instruct,Falcon,arc_challenge,2025,hidden_summary_only__hgb,0.07365230597885825,0.05799811622508175,0.015654189753776495,0.09722222222222222,0.9027777777777778,0.1111111111111111,0.8888888888888888,0.05555555555555555,0.9444444444444444,0.5333333333333333,0.6,0.8666666666666667
falcon3_7b_instruct,Falcon,arc_challenge,2025,cheap_plus_hidden_summary__logreg,0.06261887926086124,0.04696468950708474,0.015654189753776495,0.1111111111111111,0.8888888888888888,0.07407407407407407,0.9259259259259259,0.05555555555555555,0.9444444444444444,0.4666666666666667,0.7333333333333333,0.8666666666666667
falcon3_7b_instruct,Falcon,arc_challenge,2025,cheap_plus_hidden_summary__mlp,0.09742377646137015,0.08176958670759366,0.015654189753776495,0.1388888888888889,0.8611111111111112,0.07407407407407407,0.9259259259259259,0.08333333333333333,0.9166666666666666,0.3333333333333333,0.7333333333333333,0.8
falcon3_7b_instruct,Falcon,arc_challenge,2025,cheap_plus_hidden_summary__extratrees,0.04965695787764271,0.03400276812386621,0.015654189753776495,0.08333333333333333,0.9166666666666666,0.037037037037037035,0.962962962962963,0.027777777777777776,0.9722222222222222,0.6,0.8666666666666667,0.9333333333333333
falcon3_7b_instruct,Falcon,arc_challenge,2025,cheap_plus_hidden_summary__hgb,0.061559471329958815,0.045905281576182316,0.015654189753776495,0.1111111111111111,0.8888888888888888,0.05555555555555555,0.9444444444444444,0.027777777777777776,0.9722222222222222,0.4666666666666667,0.8,0.9333333333333333
falcon3_7b_instruct,Falcon,arc_challenge,2025,pca_hidden_embeddings__logreg,0.034952010668365716,0.01929782091458922,0.015654189753776495,0.06944444444444445,0.9305555555555556,0.018518518518518517,0.9814814814814815,0.027777777777777776,0.9722222222222222,0.6666666666666666,0.9333333333333333,0.9333333333333333
falcon3_7b_instruct,Falcon,arc_challenge,2025,pca_hidden_embeddings__mlp,0.2327978096201371,0.2171436198663606,0.015654189753776495,0.16666666666666666,0.8333333333333334,0.18518518518518517,0.8148148148148149,0.25,0.75,0.2,0.3333333333333333,0.4
falcon3_7b_instruct,Falcon,arc_challenge,2025,pca_hidden_embeddings__extratrees,0.04674363377590562,0.031089444022129122,0.015654189753776495,0.09722222222222222,0.9027777777777778,0.05555555555555555,0.9444444444444444,0.0,1.0,0.5333333333333333,0.8,1.0
falcon3_7b_instruct,Falcon,arc_challenge,2025,pca_hidden_embeddings__hgb,0.0369995268100301,0.02134533705625361,0.015654189753776495,0.08333333333333333,0.9166666666666666,0.018518518518518517,0.9814814814814815,0.0,1.0,0.6,0.9333333333333333,1.0
falcon3_7b_instruct,Falcon,arc_challenge,2025,cheap_plus_pca_hidden__logreg,0.03688370802560864,0.021229518271832146,0.015654189753776495,0.05555555555555555,0.9444444444444444,0.018518518518518517,0.9814814814814815,0.027777777777777776,0.9722222222222222,0.7333333333333333,0.9333333333333333,0.9333333333333333
falcon3_7b_instruct,Falcon,arc_challenge,2025,cheap_plus_pca_hidden__mlp,0.19133633453628623,0.17568214478250974,0.015654189753776495,0.20833333333333334,0.7916666666666666,0.2037037037037037,0.7962962962962963,0.19444444444444445,0.8055555555555556,0.0,0.26666666666666666,0.5333333333333333
falcon3_7b_instruct,Falcon,arc_challenge,2025,cheap_plus_pca_hidden__extratrees,0.0382687938281465,0.022614604074370003,0.015654189753776495,0.06944444444444445,0.9305555555555556,0.037037037037037035,0.962962962962963,0.027777777777777776,0.9722222222222222,0.6666666666666666,0.8666666666666667,0.9333333333333333
falcon3_7b_instruct,Falcon,arc_challenge,2025,cheap_plus_pca_hidden__hgb,0.03476981979223441,0.019115630038457915,0.015654189753776495,0.05555555555555555,0.9444444444444444,0.018518518518518517,0.9814814814814815,0.0,1.0,0.7333333333333333,0.9333333333333333,1.0
falcon3_7b_instruct,Falcon,commonsenseqa,42,direct_pmax,0.07385848201615279,0.04729214046324856,0.026566341552904226,0.125,0.875,0.07777777777777778,0.9222222222222223,0.058333333333333334,0.9416666666666667,0.5454545454545454,0.7878787878787878,0.8939393939393939
falcon3_7b_instruct,Falcon,commonsenseqa,42,cheap_confidence_option__logreg,0.06593529026453361,0.03936894871162938,0.026566341552904226,0.13333333333333333,0.8666666666666667,0.07777777777777778,0.9222222222222223,0.016666666666666666,0.9833333333333333,0.5151515151515151,0.7878787878787878,0.9696969696969697
falcon3_7b_instruct,Falcon,commonsenseqa,42,cheap_confidence_option__mlp,0.164258641816663,0.13769230026375878,0.026566341552904226,0.19166666666666668,0.8083333333333333,0.15555555555555556,0.8444444444444444,0.14166666666666666,0.8583333333333334,0.30303030303030304,0.5757575757575758,0.7424242424242424
falcon3_7b_instruct,Falcon,commonsenseqa,42,cheap_confidence_option__extratrees,0.07589310869412613,0.0493267671412219,0.026566341552904226,0.14166666666666666,0.8583333333333334,0.06111111111111111,0.9388888888888889,0.05,0.95,0.48484848484848486,0.8333333333333334,0.9090909090909091
falcon3_7b_instruct,Falcon,commonsenseqa,42,cheap_confidence_option__hgb,0.09658840487398071,0.07002206332107648,0.026566341552904226,0.15833333333333333,0.8416666666666667,0.1,0.9,0.09166666666666666,0.9083333333333333,0.42424242424242425,0.7272727272727273,0.8333333333333334
falcon3_7b_instruct,Falcon,commonsenseqa,42,hidden_summary_only__logreg,0.09754884908592693,0.0709825075330227,0.026566341552904226,0.1625,0.8375,0.13333333333333333,0.8666666666666667,0.06666666666666667,0.9333333333333333,0.4090909090909091,0.6363636363636364,0.8787878787878788
falcon3_7b_instruct,Falcon,commonsenseqa,42,hidden_summary_only__mlp,0.10583383216207702,0.07926749060917279,0.026566341552904226,0.18333333333333332,0.8166666666666667,0.15555555555555556,0.8444444444444444,0.06666666666666667,0.9333333333333333,0.3333333333333333,0.5757575757575758,0.8787878787878788
falcon3_7b_instruct,Falcon,commonsenseqa,42,hidden_summary_only__extratrees,0.09705762933866616,0.07049128778576193,0.026566341552904226,0.16666666666666666,0.8333333333333334,0.14444444444444443,0.8555555555555556,0.05,0.95,0.3939393939393939,0.6060606060606061,0.9090909090909091
falcon3_7b_instruct,Falcon,commonsenseqa,42,hidden_summary_only__hgb,0.10671952334115882,0.08015318178825459,0.026566341552904226,0.17083333333333334,0.8291666666666666,0.13333333333333333,0.8666666666666667,0.06666666666666667,0.9333333333333333,0.3787878787878788,0.6363636363636364,0.8787878787878788
falcon3_7b_instruct,Falcon,commonsenseqa,42,cheap_plus_hidden_summary__logreg,0.0668845982563784,0.040318256703474165,0.026566341552904226,0.13333333333333333,0.8666666666666667,0.08333333333333333,0.9166666666666666,0.008333333333333333,0.9916666666666667,0.5151515151515151,0.7727272727272727,0.9848484848484849
falcon3_7b_instruct,Falcon,commonsenseqa,42,cheap_plus_hidden_summary__mlp,0.0685516259201352,0.041985284367230966,0.026566341552904226,0.13333333333333333,0.8666666666666667,0.08333333333333333,0.9166666666666666,0.016666666666666666,0.9833333333333333,0.5151515151515151,0.7727272727272727,0.9696969696969697
falcon3_7b_instruct,Falcon,commonsenseqa,42,cheap_plus_hidden_summary__extratrees,0.06267036936427127,0.03610402781136704,0.026566341552904226,0.1375,0.8625,0.06111111111111111,0.9388888888888889,0.016666666666666666,0.9833333333333333,0.5,0.8333333333333334,0.9696969696969697
falcon3_7b_instruct,Falcon,commonsenseqa,42,cheap_plus_hidden_summary__hgb,0.07645622818903462,0.04988988663613039,0.026566341552904226,0.14166666666666666,0.8583333333333334,0.08888888888888889,0.9111111111111111,0.041666666666666664,0.9583333333333334,0.48484848484848486,0.7575757575757576,0.9242424242424242
falcon3_7b_instruct,Falcon,commonsenseqa,42,pca_hidden_embeddings__logreg,0.08774350544736666,0.06117716389446243,0.026566341552904226,0.15,0.85,0.13333333333333333,0.8666666666666667,0.058333333333333334,0.9416666666666667,0.45454545454545453,0.6363636363636364,0.8939393939393939
falcon3_7b_instruct,Falcon,commonsenseqa,42,pca_hidden_embeddings__mlp,0.10609741327527596,0.07953107172237173,0.026566341552904226,0.15833333333333333,0.8416666666666667,0.1111111111111111,0.8888888888888888,0.1,0.9,0.42424242424242425,0.696969696969697,0.8181818181818182
falcon3_7b_instruct,Falcon,commonsenseqa,42,pca_hidden_embeddings__extratrees,0.08301348473951692,0.05644714318661269,0.026566341552904226,0.16666666666666666,0.8333333333333334,0.09444444444444444,0.9055555555555556,0.05,0.95,0.3939393939393939,0.7424242424242424,0.9090909090909091
falcon3_7b_instruct,Falcon,commonsenseqa,42,pca_hidden_embeddings__hgb,0.10453997955227903,0.0779736379993748,0.026566341552904226,0.15833333333333333,0.8416666666666667,0.1388888888888889,0.8611111111111112,0.09166666666666666,0.9083333333333333,0.42424242424242425,0.6212121212121212,0.8333333333333334
falcon3_7b_instruct,Falcon,commonsenseqa,42,cheap_plus_pca_hidden__logreg,0.06982133789967691,0.043254996346772684,0.026566341552904226,0.13333333333333333,0.8666666666666667,0.08888888888888889,0.9111111111111111,0.03333333333333333,0.9666666666666667,0.5151515151515151,0.7575757575757576,0.9393939393939394
falcon3_7b_instruct,Falcon,commonsenseqa,42,cheap_plus_pca_hidden__mlp,0.09216274517147313,0.0655964036185689,0.026566341552904226,0.15416666666666667,0.8458333333333333,0.09444444444444444,0.9055555555555556,0.06666666666666667,0.9333333333333333,0.4393939393939394,0.7424242424242424,0.8787878787878788
falcon3_7b_instruct,Falcon,commonsenseqa,42,cheap_plus_pca_hidden__extratrees,0.06344266356609655,0.036876322013192325,0.026566341552904226,0.125,0.875,0.07222222222222222,0.9277777777777778,0.016666666666666666,0.9833333333333333,0.5454545454545454,0.803030303030303,0.9696969696969697
falcon3_7b_instruct,Falcon,commonsenseqa,42,cheap_plus_pca_hidden__hgb,0.07351384405410855,0.046947502501204316,0.026566341552904226,0.125,0.875,0.08888888888888889,0.9111111111111111,0.05,0.95,0.5454545454545454,0.7575757575757576,0.9090909090909091
falcon3_7b_instruct,Falcon,commonsenseqa,7,direct_pmax,0.07575813422140584,0.04919179266850161,0.026566341552904226,0.12916666666666668,0.8708333333333333,0.06666666666666667,0.9333333333333333,0.058333333333333334,0.9416666666666667,0.5303030303030303,0.8181818181818182,0.8939393939393939
falcon3_7b_instruct,Falcon,commonsenseqa,7,cheap_confidence_option__logreg,0.07600813491381508,0.049441793360910855,0.026566341552904226,0.14166666666666666,0.8583333333333334,0.07222222222222222,0.9277777777777778,0.041666666666666664,0.9583333333333334,0.48484848484848486,0.803030303030303,0.9242424242424242
falcon3_7b_instruct,Falcon,commonsenseqa,7,cheap_confidence_option__mlp,0.08141072631705704,0.054844384764152806,0.026566341552904226,0.1375,0.8625,0.08888888888888889,0.9111111111111111,0.058333333333333334,0.9416666666666667,0.5,0.7575757575757576,0.8939393939393939
falcon3_7b_instruct,Falcon,commonsenseqa,7,cheap_confidence_option__extratrees,0.08029251514238239,0.05372617358947816,0.026566341552904226,0.14166666666666666,0.8583333333333334,0.07222222222222222,0.9277777777777778,0.05,0.95,0.48484848484848486,0.803030303030303,0.9090909090909091
falcon3_7b_instruct,Falcon,commonsenseqa,7,cheap_confidence_option__hgb,0.09035685070959601,0.06379050915669178,0.026566341552904226,0.1625,0.8375,0.1,0.9,0.075,0.925,0.4090909090909091,0.7272727272727273,0.8636363636363636
falcon3_7b_instruct,Falcon,commonsenseqa,7,hidden_summary_only__logreg,0.11157443195190772,0.08500809039900349,0.026566341552904226,0.175,0.825,0.12222222222222222,0.8777777777777778,0.08333333333333333,0.9166666666666666,0.36363636363636365,0.6666666666666666,0.8484848484848485
falcon3_7b_instruct,Falcon,commonsenseqa,7,hidden_summary_only__mlp,0.1950052557755996,0.16843891422269539,0.026566341552904226,0.20416666666666666,0.7958333333333334,0.18888888888888888,0.8111111111111111,0.175,0.825,0.25757575757575757,0.48484848484848486,0.6818181818181818
falcon3_7b_instruct,Falcon,commonsenseqa,7,hidden_summary_only__extratrees,0.10463025550315196,0.07806391395024773,0.026566341552904226,0.16666666666666666,0.8333333333333334,0.1111111111111111,0.8888888888888888,0.11666666666666667,0.8833333333333333,0.3939393939393939,0.696969696969697,0.7878787878787878
falcon3_7b_instruct,Falcon,commonsenseqa,7,hidden_summary_only__hgb,0.12638136333682687,0.09981502178392264,0.026566341552904226,0.17916666666666667,0.8208333333333333,0.15,0.85,0.10833333333333334,0.8916666666666666,0.3484848484848485,0.5909090909090909,0.803030303030303
falcon3_7b_instruct,Falcon,commonsenseqa,7,cheap_plus_hidden_summary__logreg,0.08430382638950822,0.057737484836603986,0.026566341552904226,0.12916666666666668,0.8708333333333333,0.06111111111111111,0.9388888888888889,0.058333333333333334,0.9416666666666667,0.5303030303030303,0.8333333333333334,0.8939393939393939
falcon3_7b_instruct,Falcon,commonsenseqa,7,cheap_plus_hidden_summary__mlp,0.1094292832278063,0.08286294167490207,0.026566341552904226,0.14583333333333334,0.8541666666666666,0.12222222222222222,0.8777777777777778,0.10833333333333334,0.8916666666666666,0.4696969696969697,0.6666666666666666,0.803030303030303
falcon3_7b_instruct,Falcon,commonsenseqa,7,cheap_plus_hidden_summary__extratrees,0.07548284753849198,0.04891650598558775,0.026566341552904226,0.12083333333333333,0.8791666666666667,0.08333333333333333,0.9166666666666666,0.03333333333333333,0.9666666666666667,0.5606060606060606,0.7727272727272727,0.9393939393939394
falcon3_7b_instruct,Falcon,commonsenseqa,7,cheap_plus_hidden_summary__hgb,0.09934639561136772,0.0727800540584635,0.026566341552904226,0.1625,0.8375,0.1,0.9,0.058333333333333334,0.9416666666666667,0.4090909090909091,0.7272727272727273,0.8939393939393939
falcon3_7b_instruct,Falcon,commonsenseqa,7,pca_hidden_embeddings__logreg,0.10678691569125685,0.08022057413835262,0.026566341552904226,0.15833333333333333,0.8416666666666667,0.12222222222222222,0.8777777777777778,0.075,0.925,0.42424242424242425,0.6666666666666666,0.8636363636363636
falcon3_7b_instruct,Falcon,commonsenseqa,7,pca_hidden_embeddings__mlp,0.24134825897178738,0.21478191741888317,0.026566341552904226,0.2375,0.7625,0.2388888888888889,0.7611111111111111,0.21666666666666667,0.7833333333333333,0.13636363636363635,0.3484848484848485,0.6060606060606061
falcon3_7b_instruct,Falcon,commonsenseqa,7,pca_hidden_embeddings__extratrees,0.11206500052722565,0.08549865897432142,0.026566341552904226,0.17083333333333334,0.8291666666666666,0.10555555555555556,0.8944444444444445,0.06666666666666667,0.9333333333333333,0.3787878787878788,0.7121212121212122,0.8787878787878788
falcon3_7b_instruct,Falcon,commonsenseqa,7,pca_hidden_embeddings__hgb,0.11853340868524341,0.09196706713233918,0.026566341552904226,0.17083333333333334,0.8291666666666666,0.1111111111111111,0.8888888888888888,0.08333333333333333,0.9166666666666666,0.3787878787878788,0.696969696969697,0.8484848484848485
falcon3_7b_instruct,Falcon,commonsenseqa,7,cheap_plus_pca_hidden__logreg,0.0890170105500888,0.06245066899718457,0.026566341552904226,0.13333333333333333,0.8666666666666667,0.08333333333333333,0.9166666666666666,0.058333333333333334,0.9416666666666667,0.5151515151515151,0.7727272727272727,0.8939393939393939
falcon3_7b_instruct,Falcon,commonsenseqa,7,cheap_plus_pca_hidden__mlp,0.10050357822654052,0.07393723667363629,0.026566341552904226,0.15416666666666667,0.8458333333333333,0.08888888888888889,0.9111111111111111,0.075,0.925,0.4393939393939394,0.7575757575757576,0.8636363636363636
falcon3_7b_instruct,Falcon,commonsenseqa,7,cheap_plus_pca_hidden__extratrees,0.08161635231695669,0.05505001076405246,0.026566341552904226,0.125,0.875,0.08333333333333333,0.9166666666666666,0.041666666666666664,0.9583333333333334,0.5454545454545454,0.7727272727272727,0.9242424242424242
falcon3_7b_instruct,Falcon,commonsenseqa,7,cheap_plus_pca_hidden__hgb,0.1007317952658133,0.07416545371290907,0.026566341552904226,0.16666666666666666,0.8333333333333334,0.12777777777777777,0.8722222222222222,0.075,0.925,0.3939393939393939,0.6515151515151515,0.8636363636363636
falcon3_7b_instruct,Falcon,commonsenseqa,123,direct_pmax,0.10297122015569599,0.07640487860279176,0.026566341552904226,0.16666666666666666,0.8333333333333334,0.12777777777777777,0.8722222222222222,0.08333333333333333,0.9166666666666666,0.3939393939393939,0.6515151515151515,0.8484848484848485
falcon3_7b_instruct,Falcon,commonsenseqa,123,cheap_confidence_option__logreg,0.09407159725615157,0.06750525570324734,0.026566341552904226,0.15416666666666667,0.8458333333333333,0.11666666666666667,0.8833333333333333,0.06666666666666667,0.9333333333333333,0.4393939393939394,0.6818181818181818,0.8787878787878788
falcon3_7b_instruct,Falcon,commonsenseqa,123,cheap_confidence_option__mlp,0.10533180481890377,0.07876546326599954,0.026566341552904226,0.1625,0.8375,0.12777777777777777,0.8722222222222222,0.06666666666666667,0.9333333333333333,0.4090909090909091,0.6515151515151515,0.8787878787878788
falcon3_7b_instruct,Falcon,commonsenseqa,123,cheap_confidence_option__extratrees,0.11311391236688816,0.08654757081398393,0.026566341552904226,0.17083333333333334,0.8291666666666666,0.12222222222222222,0.8777777777777778,0.09166666666666666,0.9083333333333333,0.3787878787878788,0.6666666666666666,0.8333333333333334
falcon3_7b_instruct,Falcon,commonsenseqa,123,cheap_confidence_option__hgb,0.12054540921399338,0.09397906766108916,0.026566341552904226,0.16666666666666666,0.8333333333333334,0.12777777777777777,0.8722222222222222,0.11666666666666667,0.8833333333333333,0.3939393939393939,0.6515151515151515,0.7878787878787878
falcon3_7b_instruct,Falcon,commonsenseqa,123,hidden_summary_only__logreg,0.10986092346190154,0.08329458190899731,0.026566341552904226,0.18333333333333332,0.8166666666666667,0.12777777777777777,0.8722222222222222,0.075,0.925,0.3333333333333333,0.6515151515151515,0.8636363636363636
falcon3_7b_instruct,Falcon,commonsenseqa,123,hidden_summary_only__mlp,0.12234045051842936,0.09577410896552513,0.026566341552904226,0.17916666666666667,0.8208333333333333,0.17222222222222222,0.8277777777777777,0.11666666666666667,0.8833333333333333,0.3484848484848485,0.5303030303030303,0.7878787878787878
falcon3_7b_instruct,Falcon,commonsenseqa,123,hidden_summary_only__extratrees,0.12181234528689155,0.09524600373398733,0.026566341552904226,0.18333333333333332,0.8166666666666667,0.15555555555555556,0.8444444444444444,0.08333333333333333,0.9166666666666666,0.3333333333333333,0.5757575757575758,0.8484848484848485
falcon3_7b_instruct,Falcon,commonsenseqa,123,hidden_summary_only__hgb,0.14142884916934156,0.11486250761643733,0.026566341552904226,0.175,0.825,0.14444444444444443,0.8555555555555556,0.125,0.875,0.36363636363636365,0.6060606060606061,0.7727272727272727
falcon3_7b_instruct,Falcon,commonsenseqa,123,cheap_plus_hidden_summary__logreg,0.09508207568765108,0.06851573413474685,0.026566341552904226,0.15416666666666667,0.8458333333333333,0.10555555555555556,0.8944444444444445,0.058333333333333334,0.9416666666666667,0.4393939393939394,0.7121212121212122,0.8939393939393939
falcon3_7b_instruct,Falcon,commonsenseqa,123,cheap_plus_hidden_summary__mlp,0.09884927272591959,0.07228293117301536,0.026566341552904226,0.17916666666666667,0.8208333333333333,0.1111111111111111,0.8888888888888888,0.075,0.925,0.3484848484848485,0.696969696969697,0.8636363636363636
falcon3_7b_instruct,Falcon,commonsenseqa,123,cheap_plus_hidden_summary__extratrees,0.09725425733046357,0.07068791577755934,0.026566341552904226,0.16666666666666666,0.8333333333333334,0.10555555555555556,0.8944444444444445,0.06666666666666667,0.9333333333333333,0.3939393939393939,0.7121212121212122,0.8787878787878788
falcon3_7b_instruct,Falcon,commonsenseqa,123,cheap_plus_hidden_summary__hgb,0.1079991880494976,0.08143284649659337,0.026566341552904226,0.15833333333333333,0.8416666666666667,0.12222222222222222,0.8777777777777778,0.075,0.925,0.42424242424242425,0.6666666666666666,0.8636363636363636
falcon3_7b_instruct,Falcon,commonsenseqa,123,pca_hidden_embeddings__logreg,0.09552025391233322,0.06895391235942899,0.026566341552904226,0.175,0.825,0.13333333333333333,0.8666666666666667,0.08333333333333333,0.9166666666666666,0.36363636363636365,0.6363636363636364,0.8484848484848485
falcon3_7b_instruct,Falcon,commonsenseqa,123,pca_hidden_embeddings__mlp,0.11046646285965157,0.08390012130674734,0.026566341552904226,0.18333333333333332,0.8166666666666667,0.13333333333333333,0.8666666666666667,0.075,0.925,0.3333333333333333,0.6363636363636364,0.8636363636363636
falcon3_7b_instruct,Falcon,commonsenseqa,123,pca_hidden_embeddings__extratrees,0.11166306359920701,0.08509672204630278,0.026566341552904226,0.15833333333333333,0.8416666666666667,0.13333333333333333,0.8666666666666667,0.058333333333333334,0.9416666666666667,0.42424242424242425,0.6363636363636364,0.8939393939393939
falcon3_7b_instruct,Falcon,commonsenseqa,123,pca_hidden_embeddings__hgb,0.12504222363473877,0.09847588208183454,0.026566341552904226,0.1625,0.8375,0.11666666666666667,0.8833333333333333,0.09166666666666666,0.9083333333333333,0.4090909090909091,0.6818181818181818,0.8333333333333334
falcon3_7b_instruct,Falcon,commonsenseqa,123,cheap_plus_pca_hidden__logreg,0.08562508112708478,0.05905873957418055,0.026566341552904226,0.15,0.85,0.10555555555555556,0.8944444444444445,0.06666666666666667,0.9333333333333333,0.45454545454545453,0.7121212121212122,0.8787878787878788
falcon3_7b_instruct,Falcon,commonsenseqa,123,cheap_plus_pca_hidden__mlp,0.09703155507194701,0.07046521351904278,0.026566341552904226,0.15833333333333333,0.8416666666666667,0.1,0.9,0.08333333333333333,0.9166666666666666,0.42424242424242425,0.7272727272727273,0.8484848484848485
falcon3_7b_instruct,Falcon,commonsenseqa,123,cheap_plus_pca_hidden__extratrees,0.1025253610108777,0.07595901945797347,0.026566341552904226,0.1625,0.8375,0.12222222222222222,0.8777777777777778,0.075,0.925,0.4090909090909091,0.6666666666666666,0.8636363636363636
falcon3_7b_instruct,Falcon,commonsenseqa,123,cheap_plus_pca_hidden__hgb,0.10364482590171382,0.0770784843488096,0.026566341552904226,0.15,0.85,0.1111111111111111,0.8888888888888888,0.08333333333333333,0.9166666666666666,0.45454545454545453,0.696969696969697,0.8484848484848485
falcon3_7b_instruct,Falcon,commonsenseqa,777,direct_pmax,0.06842244845371749,0.04185610690081326,0.026566341552904226,0.125,0.875,0.06666666666666667,0.9333333333333333,0.05,0.95,0.5454545454545454,0.8181818181818182,0.9090909090909091
falcon3_7b_instruct,Falcon,commonsenseqa,777,cheap_confidence_option__logreg,0.06330129984934448,0.036734958296440245,0.026566341552904226,0.12916666666666668,0.8708333333333333,0.06111111111111111,0.9388888888888889,0.016666666666666666,0.9833333333333333,0.5303030303030303,0.8333333333333334,0.9696969696969697
falcon3_7b_instruct,Falcon,commonsenseqa,777,cheap_confidence_option__mlp,0.06636808680046227,0.03980174524755804,0.026566341552904226,0.1375,0.8625,0.07222222222222222,0.9277777777777778,0.041666666666666664,0.9583333333333334,0.5,0.803030303030303,0.9242424242424242
falcon3_7b_instruct,Falcon,commonsenseqa,777,cheap_confidence_option__extratrees,0.07093743440713526,0.044371092854231034,0.026566341552904226,0.14166666666666666,0.8583333333333334,0.07222222222222222,0.9277777777777778,0.03333333333333333,0.9666666666666667,0.48484848484848486,0.803030303030303,0.9393939393939394
falcon3_7b_instruct,Falcon,commonsenseqa,777,cheap_confidence_option__hgb,0.08678299399053145,0.06021665243762722,0.026566341552904226,0.15833333333333333,0.8416666666666667,0.10555555555555556,0.8944444444444445,0.058333333333333334,0.9416666666666667,0.42424242424242425,0.7121212121212122,0.8939393939393939
falcon3_7b_instruct,Falcon,commonsenseqa,777,hidden_summary_only__logreg,0.09796000476502692,0.07139366321212269,0.026566341552904226,0.15833333333333333,0.8416666666666667,0.10555555555555556,0.8944444444444445,0.08333333333333333,0.9166666666666666,0.42424242424242425,0.7121212121212122,0.8484848484848485
falcon3_7b_instruct,Falcon,commonsenseqa,777,hidden_summary_only__mlp,0.24688427910674296,0.22031793755383874,0.026566341552904226,0.2375,0.7625,0.24444444444444444,0.7555555555555555,0.25,0.75,0.13636363636363635,0.3333333333333333,0.5454545454545454
falcon3_7b_instruct,Falcon,commonsenseqa,777,hidden_summary_only__extratrees,0.09348233862439202,0.06691599707148779,0.026566341552904226,0.15416666666666667,0.8458333333333333,0.12777777777777777,0.8722222222222222,0.075,0.925,0.4393939393939394,0.6515151515151515,0.8636363636363636
falcon3_7b_instruct,Falcon,commonsenseqa,777,hidden_summary_only__hgb,0.11092782355288927,0.08436148199998504,0.026566341552904226,0.1625,0.8375,0.12222222222222222,0.8777777777777778,0.1,0.9,0.4090909090909091,0.6666666666666666,0.8181818181818182
falcon3_7b_instruct,Falcon,commonsenseqa,777,cheap_plus_hidden_summary__logreg,0.07313453379633576,0.04656819224343153,0.026566341552904226,0.1375,0.8625,0.07777777777777778,0.9222222222222223,0.058333333333333334,0.9416666666666667,0.5,0.7878787878787878,0.8939393939393939
falcon3_7b_instruct,Falcon,commonsenseqa,777,cheap_plus_hidden_summary__mlp,0.07472564438580814,0.048159302832903914,0.026566341552904226,0.12916666666666668,0.8708333333333333,0.07777777777777778,0.9222222222222223,0.05,0.95,0.5303030303030303,0.7878787878787878,0.9090909090909091
falcon3_7b_instruct,Falcon,commonsenseqa,777,cheap_plus_hidden_summary__extratrees,0.06180402231445852,0.0352376807615543,0.026566341552904226,0.1375,0.8625,0.05,0.95,0.03333333333333333,0.9666666666666667,0.5,0.8636363636363636,0.9393939393939394
falcon3_7b_instruct,Falcon,commonsenseqa,777,cheap_plus_hidden_summary__hgb,0.07315372532744739,0.04658738377454316,0.026566341552904226,0.12916666666666668,0.8708333333333333,0.1,0.9,0.025,0.975,0.5303030303030303,0.7272727272727273,0.9545454545454546
falcon3_7b_instruct,Falcon,commonsenseqa,777,pca_hidden_embeddings__logreg,0.07931805642165908,0.05275171486875485,0.026566341552904226,0.14583333333333334,0.8541666666666666,0.09444444444444444,0.9055555555555556,0.058333333333333334,0.9416666666666667,0.4696969696969697,0.7424242424242424,0.8939393939393939
falcon3_7b_instruct,Falcon,commonsenseqa,777,pca_hidden_embeddings__mlp,0.09540038084331501,0.06883403929041078,0.026566341552904226,0.15416666666666667,0.8458333333333333,0.1111111111111111,0.8888888888888888,0.06666666666666667,0.9333333333333333,0.4393939393939394,0.696969696969697,0.8787878787878788
falcon3_7b_instruct,Falcon,commonsenseqa,777,pca_hidden_embeddings__extratrees,0.07987304553793315,0.053306703985028916,0.026566341552904226,0.15,0.85,0.08888888888888889,0.9111111111111111,0.025,0.975,0.45454545454545453,0.7575757575757576,0.9545454545454546
falcon3_7b_instruct,Falcon,commonsenseqa,777,pca_hidden_embeddings__hgb,0.09081027292774545,0.06424393137484122,0.026566341552904226,0.17083333333333334,0.8291666666666666,0.10555555555555556,0.8944444444444445,0.05,0.95,0.3787878787878788,0.7121212121212122,0.9090909090909091
falcon3_7b_instruct,Falcon,commonsenseqa,777,cheap_plus_pca_hidden__logreg,0.07325330968606229,0.04668696813315806,0.026566341552904226,0.13333333333333333,0.8666666666666667,0.07222222222222222,0.9277777777777778,0.041666666666666664,0.9583333333333334,0.5151515151515151,0.803030303030303,0.9242424242424242
falcon3_7b_instruct,Falcon,commonsenseqa,777,cheap_plus_pca_hidden__mlp,0.11755198301176108,0.09098564145885685,0.026566341552904226,0.14583333333333334,0.8541666666666666,0.12222222222222222,0.8777777777777778,0.11666666666666667,0.8833333333333333,0.4696969696969697,0.6666666666666666,0.7878787878787878
falcon3_7b_instruct,Falcon,commonsenseqa,777,cheap_plus_pca_hidden__extratrees,0.0618526998636367,0.03528635831073247,0.026566341552904226,0.125,0.875,0.06666666666666667,0.9333333333333333,0.016666666666666666,0.9833333333333333,0.5454545454545454,0.8181818181818182,0.9696969696969697
falcon3_7b_instruct,Falcon,commonsenseqa,777,cheap_plus_pca_hidden__hgb,0.08295156809815908,0.05638522654525485,0.026566341552904226,0.15,0.85,0.09444444444444444,0.9055555555555556,0.05,0.95,0.45454545454545453,0.7424242424242424,0.9090909090909091
falcon3_7b_instruct,Falcon,commonsenseqa,2025,direct_pmax,0.06726945888680308,0.04070311733389885,0.026566341552904226,0.12916666666666668,0.8708333333333333,0.06666666666666667,0.9333333333333333,0.025,0.975,0.5303030303030303,0.8181818181818182,0.9545454545454546
falcon3_7b_instruct,Falcon,commonsenseqa,2025,cheap_confidence_option__logreg,0.07189868454973361,0.04533234299682938,0.026566341552904226,0.12083333333333333,0.8791666666666667,0.06666666666666667,0.9333333333333333,0.05,0.95,0.5606060606060606,0.8181818181818182,0.9090909090909091
falcon3_7b_instruct,Falcon,commonsenseqa,2025,cheap_confidence_option__mlp,0.09593999545839733,0.0693736539054931,0.026566341552904226,0.1625,0.8375,0.1,0.9,0.05,0.95,0.4090909090909091,0.7272727272727273,0.9090909090909091
falcon3_7b_instruct,Falcon,commonsenseqa,2025,cheap_confidence_option__extratrees,0.0786022535971872,0.05203591204428297,0.026566341552904226,0.15416666666666667,0.8458333333333333,0.07222222222222222,0.9277777777777778,0.041666666666666664,0.9583333333333334,0.4393939393939394,0.803030303030303,0.9242424242424242
falcon3_7b_instruct,Falcon,commonsenseqa,2025,cheap_confidence_option__hgb,0.07893974394779756,0.052373402394893326,0.026566341552904226,0.15,0.85,0.07777777777777778,0.9222222222222223,0.03333333333333333,0.9666666666666667,0.45454545454545453,0.7878787878787878,0.9393939393939394
falcon3_7b_instruct,Falcon,commonsenseqa,2025,hidden_summary_only__logreg,0.09236788760645302,0.06580154605354879,0.026566341552904226,0.1625,0.8375,0.1111111111111111,0.8888888888888888,0.03333333333333333,0.9666666666666667,0.4090909090909091,0.696969696969697,0.9393939393939394
falcon3_7b_instruct,Falcon,commonsenseqa,2025,hidden_summary_only__mlp,0.11269037993749056,0.08612403838458633,0.026566341552904226,0.1625,0.8375,0.14444444444444443,0.8555555555555556,0.1,0.9,0.4090909090909091,0.6060606060606061,0.8181818181818182
falcon3_7b_instruct,Falcon,commonsenseqa,2025,hidden_summary_only__extratrees,0.09209067353870641,0.06552433198580218,0.026566341552904226,0.16666666666666666,0.8333333333333334,0.11666666666666667,0.8833333333333333,0.05,0.95,0.3939393939393939,0.6818181818181818,0.9090909090909091
falcon3_7b_instruct,Falcon,commonsenseqa,2025,hidden_summary_only__hgb,0.11004435649284516,0.08347801493994093,0.026566341552904226,0.175,0.825,0.14444444444444443,0.8555555555555556,0.1,0.9,0.36363636363636365,0.6060606060606061,0.8181818181818182
falcon3_7b_instruct,Falcon,commonsenseqa,2025,cheap_plus_hidden_summary__logreg,0.07565785913881629,0.049091517585912056,0.026566341552904226,0.13333333333333333,0.8666666666666667,0.07222222222222222,0.9277777777777778,0.03333333333333333,0.9666666666666667,0.5151515151515151,0.803030303030303,0.9393939393939394
falcon3_7b_instruct,Falcon,commonsenseqa,2025,cheap_plus_hidden_summary__mlp,0.10023701673574069,0.07367067518283646,0.026566341552904226,0.15,0.85,0.10555555555555556,0.8944444444444445,0.1,0.9,0.45454545454545453,0.7121212121212122,0.8181818181818182
falcon3_7b_instruct,Falcon,commonsenseqa,2025,cheap_plus_hidden_summary__extratrees,0.06827486447110519,0.04170852291820096,0.026566341552904226,0.12916666666666668,0.8708333333333333,0.06111111111111111,0.9388888888888889,0.041666666666666664,0.9583333333333334,0.5303030303030303,0.8333333333333334,0.9242424242424242
falcon3_7b_instruct,Falcon,commonsenseqa,2025,cheap_plus_hidden_summary__hgb,0.08540593049200217,0.058839588939097937,0.026566341552904226,0.14583333333333334,0.8541666666666666,0.07777777777777778,0.9222222222222223,0.041666666666666664,0.9583333333333334,0.4696969696969697,0.7878787878787878,0.9242424242424242
falcon3_7b_instruct,Falcon,commonsenseqa,2025,pca_hidden_embeddings__logreg,0.10360394293112117,0.07703760137821694,0.026566341552904226,0.16666666666666666,0.8333333333333334,0.1111111111111111,0.8888888888888888,0.058333333333333334,0.9416666666666667,0.3939393939393939,0.696969696969697,0.8939393939393939
falcon3_7b_instruct,Falcon,commonsenseqa,2025,pca_hidden_embeddings__mlp,0.14120842265080363,0.1146420810978994,0.026566341552904226,0.19166666666666668,0.8083333333333333,0.12777777777777777,0.8722222222222222,0.1,0.9,0.30303030303030304,0.6515151515151515,0.8181818181818182
falcon3_7b_instruct,Falcon,commonsenseqa,2025,pca_hidden_embeddings__extratrees,0.08849582108657858,0.06192947953367435,0.026566341552904226,0.14583333333333334,0.8541666666666666,0.1,0.9,0.041666666666666664,0.9583333333333334,0.4696969696969697,0.7272727272727273,0.9242424242424242
falcon3_7b_instruct,Falcon,commonsenseqa,2025,pca_hidden_embeddings__hgb,0.11342530214151772,0.08685896058861349,0.026566341552904226,0.15833333333333333,0.8416666666666667,0.14444444444444443,0.8555555555555556,0.08333333333333333,0.9166666666666666,0.42424242424242425,0.6060606060606061,0.8484848484848485
falcon3_7b_instruct,Falcon,commonsenseqa,2025,cheap_plus_pca_hidden__logreg,0.0846035616478652,0.05803722009496097,0.026566341552904226,0.12916666666666668,0.8708333333333333,0.08888888888888889,0.9111111111111111,0.05,0.95,0.5303030303030303,0.7575757575757576,0.9090909090909091
falcon3_7b_instruct,Falcon,commonsenseqa,2025,cheap_plus_pca_hidden__mlp,0.12949589660687139,0.10292955505396716,0.026566341552904226,0.1875,0.8125,0.15555555555555556,0.8444444444444444,0.09166666666666666,0.9083333333333333,0.3181818181818182,0.5757575757575758,0.8333333333333334
falcon3_7b_instruct,Falcon,commonsenseqa,2025,cheap_plus_pca_hidden__extratrees,0.0684887545182837,0.04192241296537948,0.026566341552904226,0.12083333333333333,0.8791666666666667,0.06111111111111111,0.9388888888888889,0.041666666666666664,0.9583333333333334,0.5606060606060606,0.8333333333333334,0.9242424242424242
falcon3_7b_instruct,Falcon,commonsenseqa,2025,cheap_plus_pca_hidden__hgb,0.07427892276939226,0.047712581216488026,0.026566341552904226,0.1375,0.8625,0.08888888888888889,0.9111111111111111,0.041666666666666664,0.9583333333333334,0.5,0.7575757575757576,0.9242424242424242
falcon3_7b_instruct,Falcon,hellaswag,42,direct_pmax,0.129402223153962,0.09757474050562112,0.03182748264834087,0.18333333333333332,0.8166666666666667,0.15,0.85,0.10833333333333334,0.8916666666666666,0.3888888888888889,0.625,0.8194444444444444
falcon3_7b_instruct,Falcon,hellaswag,42,cheap_confidence_option__logreg,0.09360498185683194,0.06177749920849107,0.03182748264834087,0.1625,0.8375,0.1111111111111111,0.8888888888888888,0.058333333333333334,0.9416666666666667,0.4583333333333333,0.7222222222222222,0.9027777777777778
falcon3_7b_instruct,Falcon,hellaswag,42,cheap_confidence_option__mlp,0.111785549845472,0.07995806719713112,0.03182748264834087,0.175,0.825,0.1111111111111111,0.8888888888888888,0.08333333333333333,0.9166666666666666,0.4166666666666667,0.7222222222222222,0.8611111111111112
falcon3_7b_instruct,Falcon,hellaswag,42,cheap_confidence_option__extratrees,0.11226895431025281,0.08044147166191194,0.03182748264834087,0.17083333333333334,0.8291666666666666,0.11666666666666667,0.8833333333333333,0.06666666666666667,0.9333333333333333,0.4305555555555556,0.7083333333333334,0.8888888888888888
falcon3_7b_instruct,Falcon,hellaswag,42,cheap_confidence_option__hgb,0.12471822815621322,0.09289074550787235,0.03182748264834087,0.175,0.825,0.08333333333333333,0.9166666666666666,0.075,0.925,0.4166666666666667,0.7916666666666666,0.875
falcon3_7b_instruct,Falcon,hellaswag,42,hidden_summary_only__logreg,0.13026189125346083,0.09843440860511996,0.03182748264834087,0.19166666666666668,0.8083333333333333,0.1111111111111111,0.8888888888888888,0.11666666666666667,0.8833333333333333,0.3611111111111111,0.7222222222222222,0.8055555555555556
falcon3_7b_instruct,Falcon,hellaswag,42,hidden_summary_only__mlp,0.18344628959030446,0.15161880694196359,0.03182748264834087,0.2375,0.7625,0.22777777777777777,0.7722222222222223,0.14166666666666666,0.8583333333333334,0.20833333333333334,0.4305555555555556,0.7638888888888888
falcon3_7b_instruct,Falcon,hellaswag,42,hidden_summary_only__extratrees,0.14044312504478298,0.10861564239644211,0.03182748264834087,0.19166666666666668,0.8083333333333333,0.14444444444444443,0.8555555555555556,0.14166666666666666,0.8583333333333334,0.3611111111111111,0.6388888888888888,0.7638888888888888
falcon3_7b_instruct,Falcon,hellaswag,42,hidden_summary_only__hgb,0.17969893599210898,0.1478714533437681,0.03182748264834087,0.20416666666666666,0.7958333333333334,0.16111111111111112,0.8388888888888889,0.13333333333333333,0.8666666666666667,0.3194444444444444,0.5972222222222222,0.7777777777777778
falcon3_7b_instruct,Falcon,hellaswag,42,cheap_plus_hidden_summary__logreg,0.08619556612662282,0.05436808347828195,0.03182748264834087,0.15833333333333333,0.8416666666666667,0.10555555555555556,0.8944444444444445,0.041666666666666664,0.9583333333333334,0.4722222222222222,0.7361111111111112,0.9305555555555556
falcon3_7b_instruct,Falcon,hellaswag,42,cheap_plus_hidden_summary__mlp,0.12109931654335043,0.08927183389500956,0.03182748264834087,0.18333333333333332,0.8166666666666667,0.1388888888888889,0.8611111111111112,0.075,0.925,0.3888888888888889,0.6527777777777778,0.875
falcon3_7b_instruct,Falcon,hellaswag,42,cheap_plus_hidden_summary__extratrees,0.10196745637126035,0.07013997372291948,0.03182748264834087,0.16666666666666666,0.8333333333333334,0.10555555555555556,0.8944444444444445,0.058333333333333334,0.9416666666666667,0.4444444444444444,0.7361111111111112,0.9027777777777778
falcon3_7b_instruct,Falcon,hellaswag,42,cheap_plus_hidden_summary__hgb,0.11799083581740237,0.0861633531690615,0.03182748264834087,0.18333333333333332,0.8166666666666667,0.1111111111111111,0.8888888888888888,0.06666666666666667,0.9333333333333333,0.3888888888888889,0.7222222222222222,0.8888888888888888
falcon3_7b_instruct,Falcon,hellaswag,42,pca_hidden_embeddings__logreg,0.11530428371240721,0.08347680106406634,0.03182748264834087,0.16666666666666666,0.8333333333333334,0.12222222222222222,0.8777777777777778,0.08333333333333333,0.9166666666666666,0.4444444444444444,0.6944444444444444,0.8611111111111112
falcon3_7b_instruct,Falcon,hellaswag,42,pca_hidden_embeddings__mlp,0.13231414341494768,0.10048666076660681,0.03182748264834087,0.17916666666666667,0.8208333333333333,0.14444444444444443,0.8555555555555556,0.14166666666666666,0.8583333333333334,0.4027777777777778,0.6388888888888888,0.7638888888888888
falcon3_7b_instruct,Falcon,hellaswag,42,pca_hidden_embeddings__extratrees,0.10097591497133147,0.0691484323229906,0.03182748264834087,0.175,0.825,0.1,0.9,0.06666666666666667,0.9333333333333333,0.4166666666666667,0.75,0.8888888888888888
falcon3_7b_instruct,Falcon,hellaswag,42,pca_hidden_embeddings__hgb,0.11760154571200805,0.08577406306366718,0.03182748264834087,0.16666666666666666,0.8333333333333334,0.1111111111111111,0.8888888888888888,0.1,0.9,0.4444444444444444,0.7222222222222222,0.8333333333333334
falcon3_7b_instruct,Falcon,hellaswag,42,cheap_plus_pca_hidden__logreg,0.09035293341437134,0.05852545076603047,0.03182748264834087,0.1625,0.8375,0.09444444444444444,0.9055555555555556,0.041666666666666664,0.9583333333333334,0.4583333333333333,0.7638888888888888,0.9305555555555556
falcon3_7b_instruct,Falcon,hellaswag,42,cheap_plus_pca_hidden__mlp,0.1705368040727353,0.13870932142439443,0.03182748264834087,0.20416666666666666,0.7958333333333334,0.18333333333333332,0.8166666666666667,0.15,0.85,0.3194444444444444,0.5416666666666666,0.75
falcon3_7b_instruct,Falcon,hellaswag,42,cheap_plus_pca_hidden__extratrees,0.09946247181755205,0.06763498916921118,0.03182748264834087,0.16666666666666666,0.8333333333333334,0.12222222222222222,0.8777777777777778,0.06666666666666667,0.9333333333333333,0.4444444444444444,0.6944444444444444,0.8888888888888888
falcon3_7b_instruct,Falcon,hellaswag,42,cheap_plus_pca_hidden__hgb,0.10661940551273885,0.07479192286439798,0.03182748264834087,0.15,0.85,0.1111111111111111,0.8888888888888888,0.058333333333333334,0.9416666666666667,0.5,0.7222222222222222,0.9027777777777778
falcon3_7b_instruct,Falcon,hellaswag,7,direct_pmax,0.12812825532363253,0.09630077267529166,0.03182748264834087,0.1625,0.8375,0.1388888888888889,0.8611111111111112,0.14166666666666666,0.8583333333333334,0.4583333333333333,0.6527777777777778,0.7638888888888888
falcon3_7b_instruct,Falcon,hellaswag,7,cheap_confidence_option__logreg,0.07849743866895276,0.046669956020611886,0.03182748264834087,0.13333333333333333,0.8666666666666667,0.07777777777777778,0.9222222222222223,0.03333333333333333,0.9666666666666667,0.5555555555555556,0.8055555555555556,0.9444444444444444
falcon3_7b_instruct,Falcon,hellaswag,7,cheap_confidence_option__mlp,0.07937546117715621,0.04754797852881534,0.03182748264834087,0.1375,0.8625,0.06666666666666667,0.9333333333333333,0.041666666666666664,0.9583333333333334,0.5416666666666666,0.8333333333333334,0.9305555555555556
falcon3_7b_instruct,Falcon,hellaswag,7,cheap_confidence_option__extratrees,0.07725376646768015,0.045426283819339275,0.03182748264834087,0.14583333333333334,0.8541666666666666,0.06666666666666667,0.9333333333333333,0.025,0.975,0.5138888888888888,0.8333333333333334,0.9583333333333334
falcon3_7b_instruct,Falcon,hellaswag,7,cheap_confidence_option__hgb,0.0897174058057897,0.05788992315744883,0.03182748264834087,0.1875,0.8125,0.1,0.9,0.03333333333333333,0.9666666666666667,0.375,0.75,0.9444444444444444
falcon3_7b_instruct,Falcon,hellaswag,7,hidden_summary_only__logreg,0.08699408456253802,0.055166601914197144,0.03182748264834087,0.1625,0.8375,0.08888888888888889,0.9111111111111111,0.058333333333333334,0.9416666666666667,0.4583333333333333,0.7777777777777778,0.9027777777777778
falcon3_7b_instruct,Falcon,hellaswag,7,hidden_summary_only__mlp,0.23278621410370837,0.2009587314553675,0.03182748264834087,0.2375,0.7625,0.22777777777777777,0.7722222222222223,0.23333333333333334,0.7666666666666666,0.20833333333333334,0.4305555555555556,0.6111111111111112
falcon3_7b_instruct,Falcon,hellaswag,7,hidden_summary_only__extratrees,0.11642404444299104,0.08459656179465017,0.03182748264834087,0.1875,0.8125,0.12777777777777777,0.8722222222222222,0.08333333333333333,0.9166666666666666,0.375,0.6805555555555556,0.8611111111111112
falcon3_7b_instruct,Falcon,hellaswag,7,hidden_summary_only__hgb,0.1071357247693264,0.07530824212098552,0.03182748264834087,0.1875,0.8125,0.1111111111111111,0.8888888888888888,0.09166666666666666,0.9083333333333333,0.375,0.7222222222222222,0.8472222222222222
falcon3_7b_instruct,Falcon,hellaswag,7,cheap_plus_hidden_summary__logreg,0.07329889323716768,0.04147141058882681,0.03182748264834087,0.14166666666666666,0.8583333333333334,0.044444444444444446,0.9555555555555556,0.025,0.975,0.5277777777777778,0.8888888888888888,0.9583333333333334
falcon3_7b_instruct,Falcon,hellaswag,7,cheap_plus_hidden_summary__mlp,0.07705334427440387,0.045225861626063,0.03182748264834087,0.14583333333333334,0.8541666666666666,0.05,0.95,0.03333333333333333,0.9666666666666667,0.5138888888888888,0.875,0.9444444444444444
falcon3_7b_instruct,Falcon,hellaswag,7,cheap_plus_hidden_summary__extratrees,0.07217374789963248,0.040346265251291605,0.03182748264834087,0.1375,0.8625,0.05,0.95,0.03333333333333333,0.9666666666666667,0.5416666666666666,0.875,0.9444444444444444
falcon3_7b_instruct,Falcon,hellaswag,7,cheap_plus_hidden_summary__hgb,0.07761668938812172,0.04578920673978085,0.03182748264834087,0.15833333333333333,0.8416666666666667,0.08333333333333333,0.9166666666666666,0.03333333333333333,0.9666666666666667,0.4722222222222222,0.7916666666666666,0.9444444444444444
falcon3_7b_instruct,Falcon,hellaswag,7,pca_hidden_embeddings__logreg,0.09428468469358257,0.0624572020452417,0.03182748264834087,0.16666666666666666,0.8333333333333334,0.09444444444444444,0.9055555555555556,0.05,0.95,0.4444444444444444,0.7638888888888888,0.9166666666666666
falcon3_7b_instruct,Falcon,hellaswag,7,pca_hidden_embeddings__mlp,0.135621118610678,0.10379363596233712,0.03182748264834087,0.18333333333333332,0.8166666666666667,0.15555555555555556,0.8444444444444444,0.11666666666666667,0.8833333333333333,0.3888888888888889,0.6111111111111112,0.8055555555555556
falcon3_7b_instruct,Falcon,hellaswag,7,pca_hidden_embeddings__extratrees,0.0893058980922233,0.05747841544388242,0.03182748264834087,0.15833333333333333,0.8416666666666667,0.07777777777777778,0.9222222222222223,0.05,0.95,0.4722222222222222,0.8055555555555556,0.9166666666666666
falcon3_7b_instruct,Falcon,hellaswag,7,pca_hidden_embeddings__hgb,0.08940035573050217,0.0575728730821613,0.03182748264834087,0.15833333333333333,0.8416666666666667,0.10555555555555556,0.8944444444444445,0.05,0.95,0.4722222222222222,0.7361111111111112,0.9166666666666666
falcon3_7b_instruct,Falcon,hellaswag,7,cheap_plus_pca_hidden__logreg,0.07519045520729768,0.04336297255895681,0.03182748264834087,0.14166666666666666,0.8583333333333334,0.05555555555555555,0.9444444444444444,0.03333333333333333,0.9666666666666667,0.5277777777777778,0.8611111111111112,0.9444444444444444
falcon3_7b_instruct,Falcon,hellaswag,7,cheap_plus_pca_hidden__mlp,0.10385245072245874,0.07202496807411787,0.03182748264834087,0.14583333333333334,0.8541666666666666,0.07777777777777778,0.9222222222222223,0.08333333333333333,0.9166666666666666,0.5138888888888888,0.8055555555555556,0.8611111111111112
falcon3_7b_instruct,Falcon,hellaswag,7,cheap_plus_pca_hidden__extratrees,0.07365191265326067,0.041824430004919796,0.03182748264834087,0.1375,0.8625,0.05555555555555555,0.9444444444444444,0.03333333333333333,0.9666666666666667,0.5416666666666666,0.8611111111111112,0.9444444444444444
falcon3_7b_instruct,Falcon,hellaswag,7,cheap_plus_pca_hidden__hgb,0.08036414591402964,0.04853666326568877,0.03182748264834087,0.14583333333333334,0.8541666666666666,0.07222222222222222,0.9277777777777778,0.03333333333333333,0.9666666666666667,0.5138888888888888,0.8194444444444444,0.9444444444444444
falcon3_7b_instruct,Falcon,hellaswag,123,direct_pmax,0.1400019267944278,0.10817444414608693,0.03182748264834087,0.1875,0.8125,0.1388888888888889,0.8611111111111112,0.125,0.875,0.375,0.6527777777777778,0.7916666666666666
falcon3_7b_instruct,Falcon,hellaswag,123,cheap_confidence_option__logreg,0.09227435586905876,0.06044687322071789,0.03182748264834087,0.16666666666666666,0.8333333333333334,0.1,0.9,0.041666666666666664,0.9583333333333334,0.4444444444444444,0.75,0.9305555555555556
falcon3_7b_instruct,Falcon,hellaswag,123,cheap_confidence_option__mlp,0.11125426565793935,0.07942678300959848,0.03182748264834087,0.17083333333333334,0.8291666666666666,0.12777777777777777,0.8722222222222222,0.075,0.925,0.4305555555555556,0.6805555555555556,0.875
falcon3_7b_instruct,Falcon,hellaswag,123,cheap_confidence_option__extratrees,0.09021391760986587,0.058386434961525,0.03182748264834087,0.17083333333333334,0.8291666666666666,0.1,0.9,0.041666666666666664,0.9583333333333334,0.4305555555555556,0.75,0.9305555555555556
falcon3_7b_instruct,Falcon,hellaswag,123,cheap_confidence_option__hgb,0.09918330624043377,0.0673558235920929,0.03182748264834087,0.16666666666666666,0.8333333333333334,0.10555555555555556,0.8944444444444445,0.075,0.925,0.4444444444444444,0.7361111111111112,0.875
falcon3_7b_instruct,Falcon,hellaswag,123,hidden_summary_only__logreg,0.11856749765246438,0.08674001500412351,0.03182748264834087,0.1875,0.8125,0.13333333333333333,0.8666666666666667,0.075,0.925,0.375,0.6666666666666666,0.875
falcon3_7b_instruct,Falcon,hellaswag,123,hidden_summary_only__mlp,0.15521247557637377,0.1233849929280329,0.03182748264834087,0.2125,0.7875,0.16666666666666666,0.8333333333333334,0.13333333333333333,0.8666666666666667,0.2916666666666667,0.5833333333333334,0.7777777777777778
falcon3_7b_instruct,Falcon,hellaswag,123,hidden_summary_only__extratrees,0.14376352515800547,0.1119360425096646,0.03182748264834087,0.2,0.8,0.16666666666666666,0.8333333333333334,0.13333333333333333,0.8666666666666667,0.3333333333333333,0.5833333333333334,0.7777777777777778
falcon3_7b_instruct,Falcon,hellaswag,123,hidden_summary_only__hgb,0.15330424157768674,0.12147675892934587,0.03182748264834087,0.20833333333333334,0.7916666666666666,0.17777777777777778,0.8222222222222222,0.14166666666666666,0.8583333333333334,0.3055555555555556,0.5555555555555556,0.7638888888888888
falcon3_7b_instruct,Falcon,hellaswag,123,cheap_plus_hidden_summary__logreg,0.08585244455794802,0.05402496190960715,0.03182748264834087,0.16666666666666666,0.8333333333333334,0.1,0.9,0.05,0.95,0.4444444444444444,0.75,0.9166666666666666
falcon3_7b_instruct,Falcon,hellaswag,123,cheap_plus_hidden_summary__mlp,0.11302035272114573,0.08119287007280486,0.03182748264834087,0.2,0.8,0.12777777777777777,0.8722222222222222,0.1,0.9,0.3333333333333333,0.6805555555555556,0.8333333333333334
falcon3_7b_instruct,Falcon,hellaswag,123,cheap_plus_hidden_summary__extratrees,0.0852062678134979,0.053378785165157025,0.03182748264834087,0.1625,0.8375,0.10555555555555556,0.8944444444444445,0.041666666666666664,0.9583333333333334,0.4583333333333333,0.7361111111111112,0.9305555555555556
falcon3_7b_instruct,Falcon,hellaswag,123,cheap_plus_hidden_summary__hgb,0.09633506157151002,0.06450757892316915,0.03182748264834087,0.17083333333333334,0.8291666666666666,0.11666666666666667,0.8833333333333333,0.075,0.925,0.4305555555555556,0.7083333333333334,0.875
falcon3_7b_instruct,Falcon,hellaswag,123,pca_hidden_embeddings__logreg,0.09833773061907289,0.06651024797073202,0.03182748264834087,0.17083333333333334,0.8291666666666666,0.12777777777777777,0.8722222222222222,0.06666666666666667,0.9333333333333333,0.4305555555555556,0.6805555555555556,0.8888888888888888
falcon3_7b_instruct,Falcon,hellaswag,123,pca_hidden_embeddings__mlp,0.22871801238294964,0.19689052973460877,0.03182748264834087,0.25833333333333336,0.7416666666666667,0.2388888888888889,0.7611111111111111,0.25833333333333336,0.7416666666666667,0.1388888888888889,0.4027777777777778,0.5694444444444444
falcon3_7b_instruct,Falcon,hellaswag,123,pca_hidden_embeddings__extratrees,0.09677189132987635,0.06494440868153548,0.03182748264834087,0.19583333333333333,0.8041666666666667,0.1111111111111111,0.8888888888888888,0.041666666666666664,0.9583333333333334,0.3472222222222222,0.7222222222222222,0.9305555555555556
falcon3_7b_instruct,Falcon,hellaswag,123,pca_hidden_embeddings__hgb,0.11206010182483472,0.08023261917649385,0.03182748264834087,0.19166666666666668,0.8083333333333333,0.11666666666666667,0.8833333333333333,0.08333333333333333,0.9166666666666666,0.3611111111111111,0.7083333333333334,0.8611111111111112
falcon3_7b_instruct,Falcon,hellaswag,123,cheap_plus_pca_hidden__logreg,0.08450800811019826,0.05268052546185739,0.03182748264834087,0.16666666666666666,0.8333333333333334,0.1111111111111111,0.8888888888888888,0.03333333333333333,0.9666666666666667,0.4444444444444444,0.7222222222222222,0.9444444444444444
falcon3_7b_instruct,Falcon,hellaswag,123,cheap_plus_pca_hidden__mlp,0.12419702343397745,0.09236954078563658,0.03182748264834087,0.18333333333333332,0.8166666666666667,0.15555555555555556,0.8444444444444444,0.10833333333333334,0.8916666666666666,0.3888888888888889,0.6111111111111112,0.8194444444444444
falcon3_7b_instruct,Falcon,hellaswag,123,cheap_plus_pca_hidden__extratrees,0.08453840218715633,0.05271091953881546,0.03182748264834087,0.16666666666666666,0.8333333333333334,0.1,0.9,0.03333333333333333,0.9666666666666667,0.4444444444444444,0.75,0.9444444444444444
falcon3_7b_instruct,Falcon,hellaswag,123,cheap_plus_pca_hidden__hgb,0.1048281062829108,0.07300062363456992,0.03182748264834087,0.17916666666666667,0.8208333333333333,0.11666666666666667,0.8833333333333333,0.058333333333333334,0.9416666666666667,0.4027777777777778,0.7083333333333334,0.9027777777777778
falcon3_7b_instruct,Falcon,hellaswag,777,direct_pmax,0.14739981113942502,0.11557232849108415,0.03182748264834087,0.19583333333333333,0.8041666666666667,0.17222222222222222,0.8277777777777777,0.15833333333333333,0.8416666666666667,0.3472222222222222,0.5694444444444444,0.7361111111111112
falcon3_7b_instruct,Falcon,hellaswag,777,cheap_confidence_option__logreg,0.10142087023745608,0.06959338758911521,0.03182748264834087,0.17083333333333334,0.8291666666666666,0.11666666666666667,0.8833333333333333,0.08333333333333333,0.9166666666666666,0.4305555555555556,0.7083333333333334,0.8611111111111112
falcon3_7b_instruct,Falcon,hellaswag,777,cheap_confidence_option__mlp,0.11941964530631449,0.08759216265797362,0.03182748264834087,0.17083333333333334,0.8291666666666666,0.1111111111111111,0.8888888888888888,0.08333333333333333,0.9166666666666666,0.4305555555555556,0.7222222222222222,0.8611111111111112
falcon3_7b_instruct,Falcon,hellaswag,777,cheap_confidence_option__extratrees,0.10366727230634865,0.07183978965800777,0.03182748264834087,0.175,0.825,0.11666666666666667,0.8833333333333333,0.05,0.95,0.4166666666666667,0.7083333333333334,0.9166666666666666
falcon3_7b_instruct,Falcon,hellaswag,777,cheap_confidence_option__hgb,0.1161976820590053,0.08437019941066443,0.03182748264834087,0.17916666666666667,0.8208333333333333,0.10555555555555556,0.8944444444444445,0.058333333333333334,0.9416666666666667,0.4027777777777778,0.7361111111111112,0.9027777777777778
falcon3_7b_instruct,Falcon,hellaswag,777,hidden_summary_only__logreg,0.12833732645226265,0.09650984380392177,0.03182748264834087,0.19166666666666668,0.8083333333333333,0.16111111111111112,0.8388888888888889,0.1,0.9,0.3611111111111111,0.5972222222222222,0.8333333333333334
falcon3_7b_instruct,Falcon,hellaswag,777,hidden_summary_only__mlp,0.12380067947512403,0.09197319682678316,0.03182748264834087,0.1875,0.8125,0.15,0.85,0.11666666666666667,0.8833333333333333,0.375,0.625,0.8055555555555556
falcon3_7b_instruct,Falcon,hellaswag,777,hidden_summary_only__extratrees,0.12059489238711812,0.08876740973877725,0.03182748264834087,0.20416666666666666,0.7958333333333334,0.12222222222222222,0.8777777777777778,0.1,0.9,0.3194444444444444,0.6944444444444444,0.8333333333333334
falcon3_7b_instruct,Falcon,hellaswag,777,hidden_summary_only__hgb,0.13824274370756018,0.10641526105921931,0.03182748264834087,0.2,0.8,0.15555555555555556,0.8444444444444444,0.09166666666666666,0.9083333333333333,0.3333333333333333,0.6111111111111112,0.8472222222222222
falcon3_7b_instruct,Falcon,hellaswag,777,cheap_plus_hidden_summary__logreg,0.093607684971836,0.061780202323495126,0.03182748264834087,0.175,0.825,0.11666666666666667,0.8833333333333333,0.05,0.95,0.4166666666666667,0.7083333333333334,0.9166666666666666
falcon3_7b_instruct,Falcon,hellaswag,777,cheap_plus_hidden_summary__mlp,0.15935312239547986,0.12752563974713899,0.03182748264834087,0.19166666666666668,0.8083333333333333,0.17222222222222222,0.8277777777777777,0.14166666666666666,0.8583333333333334,0.3611111111111111,0.5694444444444444,0.7638888888888888
falcon3_7b_instruct,Falcon,hellaswag,777,cheap_plus_hidden_summary__extratrees,0.09083070181200478,0.05900321916366391,0.03182748264834087,0.17083333333333334,0.8291666666666666,0.1,0.9,0.041666666666666664,0.9583333333333334,0.4305555555555556,0.75,0.9305555555555556
falcon3_7b_instruct,Falcon,hellaswag,777,cheap_plus_hidden_summary__hgb,0.10363370530043298,0.0718062226520921,0.03182748264834087,0.18333333333333332,0.8166666666666667,0.11666666666666667,0.8833333333333333,0.06666666666666667,0.9333333333333333,0.3888888888888889,0.7083333333333334,0.8888888888888888
falcon3_7b_instruct,Falcon,hellaswag,777,pca_hidden_embeddings__logreg,0.10974659028912666,0.07791910764078579,0.03182748264834087,0.175,0.825,0.12777777777777777,0.8722222222222222,0.08333333333333333,0.9166666666666666,0.4166666666666667,0.6805555555555556,0.8611111111111112
falcon3_7b_instruct,Falcon,hellaswag,777,pca_hidden_embeddings__mlp,0.16999610453410863,0.13816862188576776,0.03182748264834087,0.2125,0.7875,0.18888888888888888,0.8111111111111111,0.175,0.825,0.2916666666666667,0.5277777777777778,0.7083333333333334
falcon3_7b_instruct,Falcon,hellaswag,777,pca_hidden_embeddings__extratrees,0.10235884806865134,0.07053136542031047,0.03182748264834087,0.17916666666666667,0.8208333333333333,0.13333333333333333,0.8666666666666667,0.058333333333333334,0.9416666666666667,0.4027777777777778,0.6666666666666666,0.9027777777777778
falcon3_7b_instruct,Falcon,hellaswag,777,pca_hidden_embeddings__hgb,0.11009383239022934,0.07826634974188847,0.03182748264834087,0.18333333333333332,0.8166666666666667,0.11666666666666667,0.8833333333333333,0.08333333333333333,0.9166666666666666,0.3888888888888889,0.7083333333333334,0.8611111111111112
falcon3_7b_instruct,Falcon,hellaswag,777,cheap_plus_pca_hidden__logreg,0.09296228791531319,0.06113480526697232,0.03182748264834087,0.19166666666666668,0.8083333333333333,0.10555555555555556,0.8944444444444445,0.06666666666666667,0.9333333333333333,0.3611111111111111,0.7361111111111112,0.8888888888888888
falcon3_7b_instruct,Falcon,hellaswag,777,cheap_plus_pca_hidden__mlp,0.1433334485015164,0.11150596585317551,0.03182748264834087,0.1875,0.8125,0.1388888888888889,0.8611111111111112,0.10833333333333334,0.8916666666666666,0.375,0.6527777777777778,0.8194444444444444
falcon3_7b_instruct,Falcon,hellaswag,777,cheap_plus_pca_hidden__extratrees,0.09297958356567633,0.06115210091733546,0.03182748264834087,0.17083333333333334,0.8291666666666666,0.10555555555555556,0.8944444444444445,0.041666666666666664,0.9583333333333334,0.4305555555555556,0.7361111111111112,0.9305555555555556
falcon3_7b_instruct,Falcon,hellaswag,777,cheap_plus_pca_hidden__hgb,0.10152092332893356,0.06969344068059269,0.03182748264834087,0.1625,0.8375,0.12222222222222222,0.8777777777777778,0.075,0.925,0.4583333333333333,0.6944444444444444,0.875
falcon3_7b_instruct,Falcon,hellaswag,2025,direct_pmax,0.13048911721993198,0.0986616345715911,0.03182748264834087,0.18333333333333332,0.8166666666666667,0.12777777777777777,0.8722222222222222,0.09166666666666666,0.9083333333333333,0.3888888888888889,0.6805555555555556,0.8472222222222222
falcon3_7b_instruct,Falcon,hellaswag,2025,cheap_confidence_option__logreg,0.08670780145252423,0.054880318804183356,0.03182748264834087,0.14166666666666666,0.8583333333333334,0.08333333333333333,0.9166666666666666,0.05,0.95,0.5277777777777778,0.7916666666666666,0.9166666666666666
falcon3_7b_instruct,Falcon,hellaswag,2025,cheap_confidence_option__mlp,0.08078616696311848,0.04895868431477761,0.03182748264834087,0.12083333333333333,0.8791666666666667,0.09444444444444444,0.9055555555555556,0.06666666666666667,0.9333333333333333,0.5972222222222222,0.7638888888888888,0.8888888888888888
falcon3_7b_instruct,Falcon,hellaswag,2025,cheap_confidence_option__extratrees,0.09531863144752659,0.06349114879918571,0.03182748264834087,0.14583333333333334,0.8541666666666666,0.08333333333333333,0.9166666666666666,0.058333333333333334,0.9416666666666667,0.5138888888888888,0.7916666666666666,0.9027777777777778
falcon3_7b_instruct,Falcon,hellaswag,2025,cheap_confidence_option__hgb,0.11254554098424516,0.08071805833590429,0.03182748264834087,0.16666666666666666,0.8333333333333334,0.08888888888888889,0.9111111111111111,0.058333333333333334,0.9416666666666667,0.4444444444444444,0.7777777777777778,0.9027777777777778
falcon3_7b_instruct,Falcon,hellaswag,2025,hidden_summary_only__logreg,0.1158414652131839,0.08401398256484303,0.03182748264834087,0.18333333333333332,0.8166666666666667,0.11666666666666667,0.8833333333333333,0.10833333333333334,0.8916666666666666,0.3888888888888889,0.7083333333333334,0.8194444444444444
falcon3_7b_instruct,Falcon,hellaswag,2025,hidden_summary_only__mlp,0.1371523560266941,0.10532487337835322,0.03182748264834087,0.19583333333333333,0.8041666666666667,0.17222222222222222,0.8277777777777777,0.125,0.875,0.3472222222222222,0.5694444444444444,0.7916666666666666
falcon3_7b_instruct,Falcon,hellaswag,2025,hidden_summary_only__extratrees,0.13160810780499566,0.09978062515665478,0.03182748264834087,0.20416666666666666,0.7958333333333334,0.14444444444444443,0.8555555555555556,0.125,0.875,0.3194444444444444,0.6388888888888888,0.7916666666666666
falcon3_7b_instruct,Falcon,hellaswag,2025,hidden_summary_only__hgb,0.157076804306781,0.12524932165844013,0.03182748264834087,0.19166666666666668,0.8083333333333333,0.16666666666666666,0.8333333333333334,0.14166666666666666,0.8583333333333334,0.3611111111111111,0.5833333333333334,0.7638888888888888
falcon3_7b_instruct,Falcon,hellaswag,2025,cheap_plus_hidden_summary__logreg,0.07596794504722372,0.04414046239888285,0.03182748264834087,0.1375,0.8625,0.06666666666666667,0.9333333333333333,0.03333333333333333,0.9666666666666667,0.5416666666666666,0.8333333333333334,0.9444444444444444
falcon3_7b_instruct,Falcon,hellaswag,2025,cheap_plus_hidden_summary__mlp,0.08308922154866129,0.05126173890032042,0.03182748264834087,0.14583333333333334,0.8541666666666666,0.08333333333333333,0.9166666666666666,0.041666666666666664,0.9583333333333334,0.5138888888888888,0.7916666666666666,0.9305555555555556
falcon3_7b_instruct,Falcon,hellaswag,2025,cheap_plus_hidden_summary__extratrees,0.09294000921346512,0.06111252656512425,0.03182748264834087,0.14166666666666666,0.8583333333333334,0.07222222222222222,0.9277777777777778,0.06666666666666667,0.9333333333333333,0.5277777777777778,0.8194444444444444,0.8888888888888888
falcon3_7b_instruct,Falcon,hellaswag,2025,cheap_plus_hidden_summary__hgb,0.09217778128218082,0.06035029863383995,0.03182748264834087,0.1625,0.8375,0.1,0.9,0.075,0.925,0.4583333333333333,0.75,0.875
falcon3_7b_instruct,Falcon,hellaswag,2025,pca_hidden_embeddings__logreg,0.11180976270710616,0.07998228005876529,0.03182748264834087,0.17083333333333334,0.8291666666666666,0.12222222222222222,0.8777777777777778,0.1,0.9,0.4305555555555556,0.6944444444444444,0.8333333333333334
falcon3_7b_instruct,Falcon,hellaswag,2025,pca_hidden_embeddings__mlp,0.19240918413355948,0.1605817014852186,0.03182748264834087,0.225,0.775,0.2222222222222222,0.7777777777777778,0.21666666666666667,0.7833333333333333,0.25,0.4444444444444444,0.6388888888888888
falcon3_7b_instruct,Falcon,hellaswag,2025,pca_hidden_embeddings__extratrees,0.11180900663846818,0.07998152399012731,0.03182748264834087,0.17916666666666667,0.8208333333333333,0.11666666666666667,0.8833333333333333,0.09166666666666666,0.9083333333333333,0.4027777777777778,0.7083333333333334,0.8472222222222222
falcon3_7b_instruct,Falcon,hellaswag,2025,pca_hidden_embeddings__hgb,0.11016824358094589,0.07834076093260502,0.03182748264834087,0.175,0.825,0.10555555555555556,0.8944444444444445,0.058333333333333334,0.9416666666666667,0.4166666666666667,0.7361111111111112,0.9027777777777778
falcon3_7b_instruct,Falcon,hellaswag,2025,cheap_plus_pca_hidden__logreg,0.0858471149616657,0.05401963231332482,0.03182748264834087,0.15,0.85,0.07777777777777778,0.9222222222222223,0.041666666666666664,0.9583333333333334,0.5,0.8055555555555556,0.9305555555555556
falcon3_7b_instruct,Falcon,hellaswag,2025,cheap_plus_pca_hidden__mlp,0.0956676921259948,0.06384020947765393,0.03182748264834087,0.15833333333333333,0.8416666666666667,0.08333333333333333,0.9166666666666666,0.08333333333333333,0.9166666666666666,0.4722222222222222,0.7916666666666666,0.8611111111111112
falcon3_7b_instruct,Falcon,hellaswag,2025,cheap_plus_pca_hidden__extratrees,0.07867182937680922,0.04684434672846835,0.03182748264834087,0.1375,0.8625,0.07222222222222222,0.9277777777777778,0.058333333333333334,0.9416666666666667,0.5416666666666666,0.8194444444444444,0.9027777777777778
falcon3_7b_instruct,Falcon,hellaswag,2025,cheap_plus_pca_hidden__hgb,0.10705285252732698,0.0752253698789861,0.03182748264834087,0.15416666666666667,0.8458333333333333,0.06666666666666667,0.9333333333333333,0.058333333333333334,0.9416666666666667,0.4861111111111111,0.8333333333333334,0.9027777777777778
falcon3_7b_instruct,Falcon,mmlu_all,42,direct_pmax,0.17301965198824582,0.08222903875001075,0.09079061323823506,0.2875,0.7125,0.22777777777777777,0.7722222222222223,0.125,0.875,0.4152542372881356,0.652542372881356,0.8728813559322034
falcon3_7b_instruct,Falcon,mmlu_all,42,cheap_confidence_option__logreg,0.16396339994904718,0.07317278671081212,0.09079061323823506,0.3,0.7,0.19444444444444445,0.8055555555555556,0.10833333333333334,0.8916666666666666,0.3898305084745763,0.7033898305084746,0.8898305084745762
falcon3_7b_instruct,Falcon,mmlu_all,42,cheap_confidence_option__mlp,0.16136875653491042,0.07057814329667536,0.09079061323823506,0.2833333333333333,0.7166666666666667,0.17777777777777778,0.8222222222222222,0.11666666666666667,0.8833333333333333,0.423728813559322,0.7288135593220338,0.8813559322033898
falcon3_7b_instruct,Falcon,mmlu_all,42,cheap_confidence_option__extratrees,0.16454857405971146,0.0737579608214764,0.09079061323823506,0.30833333333333335,0.6916666666666667,0.2111111111111111,0.7888888888888889,0.08333333333333333,0.9166666666666666,0.3728813559322034,0.6779661016949152,0.9152542372881356
falcon3_7b_instruct,Falcon,mmlu_all,42,cheap_confidence_option__hgb,0.1787599058345405,0.08796929259630543,0.09079061323823506,0.32916666666666666,0.6708333333333334,0.2111111111111111,0.7888888888888889,0.125,0.875,0.3305084745762712,0.6779661016949152,0.8728813559322034
falcon3_7b_instruct,Falcon,mmlu_all,42,hidden_summary_only__logreg,0.1702641236095827,0.07947351037134764,0.09079061323823506,0.2916666666666667,0.7083333333333333,0.2,0.8,0.11666666666666667,0.8833333333333333,0.4067796610169492,0.6949152542372882,0.8813559322033898
falcon3_7b_instruct,Falcon,mmlu_all,42,hidden_summary_only__mlp,0.19997090894498862,0.10918029570675356,0.09079061323823506,0.3125,0.6875,0.22777777777777777,0.7722222222222223,0.15,0.85,0.3644067796610169,0.652542372881356,0.847457627118644
falcon3_7b_instruct,Falcon,mmlu_all,42,hidden_summary_only__extratrees,0.18296054233007117,0.0921699290918361,0.09079061323823506,0.31666666666666665,0.6833333333333333,0.20555555555555555,0.7944444444444445,0.11666666666666667,0.8833333333333333,0.3559322033898305,0.6864406779661016,0.8813559322033898
falcon3_7b_instruct,Falcon,mmlu_all,42,hidden_summary_only__hgb,0.18430819288867675,0.09351757965044169,0.09079061323823506,0.30416666666666664,0.6958333333333333,0.21666666666666667,0.7833333333333333,0.10833333333333334,0.8916666666666666,0.3813559322033898,0.6694915254237288,0.8898305084745762
falcon3_7b_instruct,Falcon,mmlu_all,42,cheap_plus_hidden_summary__logreg,0.16193160637953796,0.0711409931413029,0.09079061323823506,0.2875,0.7125,0.18888888888888888,0.8111111111111111,0.11666666666666667,0.8833333333333333,0.4152542372881356,0.711864406779661,0.8813559322033898
falcon3_7b_instruct,Falcon,mmlu_all,42,cheap_plus_hidden_summary__mlp,0.16339043772687337,0.0725998244886383,0.09079061323823506,0.2875,0.7125,0.18333333333333332,0.8166666666666667,0.11666666666666667,0.8833333333333333,0.4152542372881356,0.7203389830508474,0.8813559322033898
falcon3_7b_instruct,Falcon,mmlu_all,42,cheap_plus_hidden_summary__extratrees,0.15695971888799426,0.0661691056497592,0.09079061323823506,0.3,0.7,0.17222222222222222,0.8277777777777777,0.1,0.9,0.3898305084745763,0.7372881355932204,0.8983050847457628
falcon3_7b_instruct,Falcon,mmlu_all,42,cheap_plus_hidden_summary__hgb,0.1634056218074676,0.07261500856923253,0.09079061323823506,0.30416666666666664,0.6958333333333333,0.19444444444444445,0.8055555555555556,0.09166666666666666,0.9083333333333333,0.3813559322033898,0.7033898305084746,0.9067796610169492
falcon3_7b_instruct,Falcon,mmlu_all,42,pca_hidden_embeddings__logreg,0.16746415604182288,0.07667354280358782,0.09079061323823506,0.29583333333333334,0.7041666666666666,0.19444444444444445,0.8055555555555556,0.10833333333333334,0.8916666666666666,0.3983050847457627,0.7033898305084746,0.8898305084745762
falcon3_7b_instruct,Falcon,mmlu_all,42,pca_hidden_embeddings__mlp,0.253913753775331,0.16312314053709592,0.09079061323823506,0.35,0.65,0.3111111111111111,0.6888888888888889,0.23333333333333334,0.7666666666666666,0.288135593220339,0.5254237288135594,0.7627118644067796
falcon3_7b_instruct,Falcon,mmlu_all,42,pca_hidden_embeddings__extratrees,0.17020485546468941,0.07941424222645435,0.09079061323823506,0.30833333333333335,0.6916666666666667,0.18888888888888888,0.8111111111111111,0.11666666666666667,0.8833333333333333,0.3728813559322034,0.711864406779661,0.8813559322033898
falcon3_7b_instruct,Falcon,mmlu_all,42,pca_hidden_embeddings__hgb,0.18808619442971508,0.09729558119148002,0.09079061323823506,0.3,0.7,0.2222222222222222,0.7777777777777778,0.15833333333333333,0.8416666666666667,0.3898305084745763,0.6610169491525424,0.8389830508474576
falcon3_7b_instruct,Falcon,mmlu_all,42,cheap_plus_pca_hidden__logreg,0.16784125662610602,0.07705064338787096,0.09079061323823506,0.2875,0.7125,0.18888888888888888,0.8111111111111111,0.125,0.875,0.4152542372881356,0.711864406779661,0.8728813559322034
falcon3_7b_instruct,Falcon,mmlu_all,42,cheap_plus_pca_hidden__mlp,0.1621693096190758,0.07137869638084074,0.09079061323823506,0.2916666666666667,0.7083333333333333,0.18333333333333332,0.8166666666666667,0.10833333333333334,0.8916666666666666,0.4067796610169492,0.7203389830508474,0.8898305084745762
falcon3_7b_instruct,Falcon,mmlu_all,42,cheap_plus_pca_hidden__extratrees,0.15967102953369786,0.06888041629546279,0.09079061323823506,0.3,0.7,0.19444444444444445,0.8055555555555556,0.10833333333333334,0.8916666666666666,0.3898305084745763,0.7033898305084746,0.8898305084745762
falcon3_7b_instruct,Falcon,mmlu_all,42,cheap_plus_pca_hidden__hgb,0.17726707205652986,0.0864764588182948,0.09079061323823506,0.3,0.7,0.21666666666666667,0.7833333333333333,0.11666666666666667,0.8833333333333333,0.3898305084745763,0.6694915254237288,0.8813559322033898
falcon3_7b_instruct,Falcon,mmlu_all,7,direct_pmax,0.18636916538381845,0.09557855214558339,0.09079061323823506,0.30833333333333335,0.6916666666666667,0.2611111111111111,0.7388888888888889,0.14166666666666666,0.8583333333333334,0.3728813559322034,0.6016949152542372,0.8559322033898306
falcon3_7b_instruct,Falcon,mmlu_all,7,cheap_confidence_option__logreg,0.16892927386103873,0.07813866062280367,0.09079061323823506,0.32083333333333336,0.6791666666666667,0.2111111111111111,0.7888888888888889,0.11666666666666667,0.8833333333333333,0.3474576271186441,0.6779661016949152,0.8813559322033898
falcon3_7b_instruct,Falcon,mmlu_all,7,cheap_confidence_option__mlp,0.19617948783318795,0.10538887459495289,0.09079061323823506,0.3125,0.6875,0.2611111111111111,0.7388888888888889,0.175,0.825,0.3644067796610169,0.6016949152542372,0.8220338983050848
falcon3_7b_instruct,Falcon,mmlu_all,7,cheap_confidence_option__extratrees,0.15747747513819144,0.06668686189995637,0.09079061323823506,0.30833333333333335,0.6916666666666667,0.19444444444444445,0.8055555555555556,0.1,0.9,0.3728813559322034,0.7033898305084746,0.8983050847457628
falcon3_7b_instruct,Falcon,mmlu_all,7,cheap_confidence_option__hgb,0.16636300027890527,0.07557238704067021,0.09079061323823506,0.30416666666666664,0.6958333333333333,0.2111111111111111,0.7888888888888889,0.1,0.9,0.3813559322033898,0.6779661016949152,0.8983050847457628
falcon3_7b_instruct,Falcon,mmlu_all,7,hidden_summary_only__logreg,0.19845663533007005,0.10766602209183498,0.09079061323823506,0.32916666666666666,0.6708333333333334,0.2388888888888889,0.7611111111111111,0.13333333333333333,0.8666666666666667,0.3305084745762712,0.635593220338983,0.864406779661017
falcon3_7b_instruct,Falcon,mmlu_all,7,hidden_summary_only__mlp,0.19177393472321702,0.10098332148498196,0.09079061323823506,0.3125,0.6875,0.2222222222222222,0.7777777777777778,0.15833333333333333,0.8416666666666667,0.3644067796610169,0.6610169491525424,0.8389830508474576
falcon3_7b_instruct,Falcon,mmlu_all,7,hidden_summary_only__extratrees,0.17968499304378444,0.08889437980554937,0.09079061323823506,0.32083333333333336,0.6791666666666667,0.2222222222222222,0.7777777777777778,0.13333333333333333,0.8666666666666667,0.3474576271186441,0.6610169491525424,0.864406779661017
falcon3_7b_instruct,Falcon,mmlu_all,7,hidden_summary_only__hgb,0.19140462135816058,0.10061400811992552,0.09079061323823506,0.3416666666666667,0.6583333333333333,0.25,0.75,0.125,0.875,0.3050847457627119,0.6186440677966102,0.8728813559322034
falcon3_7b_instruct,Falcon,mmlu_all,7,cheap_plus_hidden_summary__logreg,0.17751930312553044,0.08672868988729537,0.09079061323823506,0.32083333333333336,0.6791666666666667,0.2,0.8,0.15,0.85,0.3474576271186441,0.6949152542372882,0.847457627118644
falcon3_7b_instruct,Falcon,mmlu_all,7,cheap_plus_hidden_summary__mlp,0.16753389717003195,0.07674328393179689,0.09079061323823506,0.30833333333333335,0.6916666666666667,0.20555555555555555,0.7944444444444445,0.125,0.875,0.3728813559322034,0.6864406779661016,0.8728813559322034
falcon3_7b_instruct,Falcon,mmlu_all,7,cheap_plus_hidden_summary__extratrees,0.15885980231459818,0.06806918907636311,0.09079061323823506,0.3,0.7,0.19444444444444445,0.8055555555555556,0.10833333333333334,0.8916666666666666,0.3898305084745763,0.7033898305084746,0.8898305084745762
falcon3_7b_instruct,Falcon,mmlu_all,7,cheap_plus_hidden_summary__hgb,0.16674193593425496,0.0759513226960199,0.09079061323823506,0.31666666666666665,0.6833333333333333,0.20555555555555555,0.7944444444444445,0.14166666666666666,0.8583333333333334,0.3559322033898305,0.6864406779661016,0.8559322033898306
falcon3_7b_instruct,Falcon,mmlu_all,7,pca_hidden_embeddings__logreg,0.17177137730443007,0.080980764066195,0.09079061323823506,0.31666666666666665,0.6833333333333333,0.20555555555555555,0.7944444444444445,0.125,0.875,0.3559322033898305,0.6864406779661016,0.8728813559322034
falcon3_7b_instruct,Falcon,mmlu_all,7,pca_hidden_embeddings__mlp,0.18260641868288388,0.09181580544464882,0.09079061323823506,0.29583333333333334,0.7041666666666666,0.22777777777777777,0.7722222222222223,0.16666666666666666,0.8333333333333334,0.3983050847457627,0.652542372881356,0.8305084745762712
falcon3_7b_instruct,Falcon,mmlu_all,7,pca_hidden_embeddings__extratrees,0.16457651186915614,0.07378589863092108,0.09079061323823506,0.31666666666666665,0.6833333333333333,0.20555555555555555,0.7944444444444445,0.10833333333333334,0.8916666666666666,0.3559322033898305,0.6864406779661016,0.8898305084745762
falcon3_7b_instruct,Falcon,mmlu_all,7,pca_hidden_embeddings__hgb,0.17634373530609165,0.08555312206785659,0.09079061323823506,0.32083333333333336,0.6791666666666667,0.2,0.8,0.11666666666666667,0.8833333333333333,0.3474576271186441,0.6949152542372882,0.8813559322033898
falcon3_7b_instruct,Falcon,mmlu_all,7,cheap_plus_pca_hidden__logreg,0.16744877021768811,0.07665815697945305,0.09079061323823506,0.30833333333333335,0.6916666666666667,0.20555555555555555,0.7944444444444445,0.125,0.875,0.3728813559322034,0.6864406779661016,0.8728813559322034
falcon3_7b_instruct,Falcon,mmlu_all,7,cheap_plus_pca_hidden__mlp,0.1685450708983656,0.07775445766013053,0.09079061323823506,0.3,0.7,0.2,0.8,0.14166666666666666,0.8583333333333334,0.3898305084745763,0.6949152542372882,0.8559322033898306
falcon3_7b_instruct,Falcon,mmlu_all,7,cheap_plus_pca_hidden__extratrees,0.15577785390186197,0.0649872406636269,0.09079061323823506,0.30416666666666664,0.6958333333333333,0.18888888888888888,0.8111111111111111,0.10833333333333334,0.8916666666666666,0.3813559322033898,0.711864406779661,0.8898305084745762
falcon3_7b_instruct,Falcon,mmlu_all,7,cheap_plus_pca_hidden__hgb,0.16631817350707073,0.07552756026883567,0.09079061323823506,0.32916666666666666,0.6708333333333334,0.2111111111111111,0.7888888888888889,0.1,0.9,0.3305084745762712,0.6779661016949152,0.8983050847457628
falcon3_7b_instruct,Falcon,mmlu_all,123,direct_pmax,0.20486553131341442,0.11407491807517936,0.09079061323823506,0.3458333333333333,0.6541666666666667,0.2611111111111111,0.7388888888888889,0.16666666666666666,0.8333333333333334,0.2966101694915254,0.6016949152542372,0.8305084745762712
falcon3_7b_instruct,Falcon,mmlu_all,123,cheap_confidence_option__logreg,0.18809324371747627,0.0973026304792412,0.09079061323823506,0.35833333333333334,0.6416666666666666,0.23333333333333334,0.7666666666666666,0.13333333333333333,0.8666666666666667,0.2711864406779661,0.6440677966101694,0.864406779661017
falcon3_7b_instruct,Falcon,mmlu_all,123,cheap_confidence_option__mlp,0.18581348404521936,0.0950228708069843,0.09079061323823506,0.35,0.65,0.22777777777777777,0.7722222222222223,0.13333333333333333,0.8666666666666667,0.288135593220339,0.652542372881356,0.864406779661017
falcon3_7b_instruct,Falcon,mmlu_all,123,cheap_confidence_option__extratrees,0.18683075233733118,0.09604013909909612,0.09079061323823506,0.3416666666666667,0.6583333333333333,0.2388888888888889,0.7611111111111111,0.125,0.875,0.3050847457627119,0.635593220338983,0.8728813559322034
falcon3_7b_instruct,Falcon,mmlu_all,123,cheap_confidence_option__hgb,0.19924487249331274,0.10845425925507768,0.09079061323823506,0.3416666666666667,0.6583333333333333,0.24444444444444444,0.7555555555555555,0.16666666666666666,0.8333333333333334,0.3050847457627119,0.6271186440677966,0.8305084745762712
falcon3_7b_instruct,Falcon,mmlu_all,123,hidden_summary_only__logreg,0.20615704685205338,0.11536643361381832,0.09079061323823506,0.35,0.65,0.26666666666666666,0.7333333333333334,0.16666666666666666,0.8333333333333334,0.288135593220339,0.5932203389830508,0.8305084745762712
falcon3_7b_instruct,Falcon,mmlu_all,123,hidden_summary_only__mlp,0.1968905201786421,0.10609990694040702,0.09079061323823506,0.3416666666666667,0.6583333333333333,0.23333333333333334,0.7666666666666666,0.14166666666666666,0.8583333333333334,0.3050847457627119,0.6440677966101694,0.8559322033898306
falcon3_7b_instruct,Falcon,mmlu_all,123,hidden_summary_only__extratrees,0.19098960507637647,0.1001989918381414,0.09079061323823506,0.3375,0.6625,0.23333333333333334,0.7666666666666666,0.14166666666666666,0.8583333333333334,0.3135593220338983,0.6440677966101694,0.8559322033898306
falcon3_7b_instruct,Falcon,mmlu_all,123,hidden_summary_only__hgb,0.20599981477557766,0.1152092015373426,0.09079061323823506,0.325,0.675,0.2833333333333333,0.7166666666666667,0.16666666666666666,0.8333333333333334,0.3389830508474576,0.5677966101694916,0.8305084745762712
falcon3_7b_instruct,Falcon,mmlu_all,123,cheap_plus_hidden_summary__logreg,0.19493196783098418,0.10414135459274912,0.09079061323823506,0.35,0.65,0.24444444444444444,0.7555555555555555,0.14166666666666666,0.8583333333333334,0.288135593220339,0.6271186440677966,0.8559322033898306
falcon3_7b_instruct,Falcon,mmlu_all,123,cheap_plus_hidden_summary__mlp,0.1879014231366849,0.09711080989844983,0.09079061323823506,0.3458333333333333,0.6541666666666667,0.23333333333333334,0.7666666666666666,0.13333333333333333,0.8666666666666667,0.2966101694915254,0.6440677966101694,0.864406779661017
falcon3_7b_instruct,Falcon,mmlu_all,123,cheap_plus_hidden_summary__extratrees,0.1844963396872734,0.09370572644903832,0.09079061323823506,0.3375,0.6625,0.2388888888888889,0.7611111111111111,0.14166666666666666,0.8583333333333334,0.3135593220338983,0.635593220338983,0.8559322033898306
falcon3_7b_instruct,Falcon,mmlu_all,123,cheap_plus_hidden_summary__hgb,0.20385193097530294,0.11306131773706787,0.09079061323823506,0.325,0.675,0.2777777777777778,0.7222222222222222,0.175,0.825,0.3389830508474576,0.576271186440678,0.8220338983050848
falcon3_7b_instruct,Falcon,mmlu_all,123,pca_hidden_embeddings__logreg,0.19583308393876764,0.10504247070053258,0.09079061323823506,0.325,0.675,0.25,0.75,0.16666666666666666,0.8333333333333334,0.3389830508474576,0.6186440677966102,0.8305084745762712
falcon3_7b_instruct,Falcon,mmlu_all,123,pca_hidden_embeddings__mlp,0.19100766599641833,0.10021705275818327,0.09079061323823506,0.3416666666666667,0.6583333333333333,0.25,0.75,0.15,0.85,0.3050847457627119,0.6186440677966102,0.847457627118644
falcon3_7b_instruct,Falcon,mmlu_all,123,pca_hidden_embeddings__extratrees,0.17482993112448222,0.08403931788624716,0.09079061323823506,0.32083333333333336,0.6791666666666667,0.2222222222222222,0.7777777777777778,0.11666666666666667,0.8833333333333333,0.3474576271186441,0.6610169491525424,0.8813559322033898
falcon3_7b_instruct,Falcon,mmlu_all,123,pca_hidden_embeddings__hgb,0.1876272552365288,0.09683664199829373,0.09079061323823506,0.32083333333333336,0.6791666666666667,0.22777777777777777,0.7722222222222223,0.125,0.875,0.3474576271186441,0.652542372881356,0.8728813559322034
falcon3_7b_instruct,Falcon,mmlu_all,123,cheap_plus_pca_hidden__logreg,0.19487775049823153,0.10408713725999647,0.09079061323823506,0.3541666666666667,0.6458333333333333,0.2388888888888889,0.7611111111111111,0.15833333333333333,0.8416666666666667,0.2796610169491525,0.635593220338983,0.8389830508474576
falcon3_7b_instruct,Falcon,mmlu_all,123,cheap_plus_pca_hidden__mlp,0.19711196777794945,0.10632135453971439,0.09079061323823506,0.3416666666666667,0.6583333333333333,0.21666666666666667,0.7833333333333333,0.15833333333333333,0.8416666666666667,0.3050847457627119,0.6694915254237288,0.8389830508474576
falcon3_7b_instruct,Falcon,mmlu_all,123,cheap_plus_pca_hidden__extratrees,0.17761350011285312,0.08682288687461806,0.09079061323823506,0.32916666666666666,0.6708333333333334,0.24444444444444444,0.7555555555555555,0.14166666666666666,0.8583333333333334,0.3305084745762712,0.6271186440677966,0.8559322033898306
falcon3_7b_instruct,Falcon,mmlu_all,123,cheap_plus_pca_hidden__hgb,0.19864419420707333,0.10785358096883826,0.09079061323823506,0.35833333333333334,0.6416666666666666,0.2611111111111111,0.7388888888888889,0.175,0.825,0.2711864406779661,0.6016949152542372,0.8220338983050848
falcon3_7b_instruct,Falcon,mmlu_all,777,direct_pmax,0.2064838374200006,0.11569322418176553,0.09079061323823506,0.32083333333333336,0.6791666666666667,0.2777777777777778,0.7222222222222222,0.15833333333333333,0.8416666666666667,0.3474576271186441,0.576271186440678,0.8389830508474576
falcon3_7b_instruct,Falcon,mmlu_all,777,cheap_confidence_option__logreg,0.1793573086072818,0.08856669536904674,0.09079061323823506,0.32916666666666666,0.6708333333333334,0.22777777777777777,0.7722222222222223,0.10833333333333334,0.8916666666666666,0.3305084745762712,0.652542372881356,0.8898305084745762
falcon3_7b_instruct,Falcon,mmlu_all,777,cheap_confidence_option__mlp,0.1829368492707514,0.09214623603251634,0.09079061323823506,0.3375,0.6625,0.23333333333333334,0.7666666666666666,0.10833333333333334,0.8916666666666666,0.3135593220338983,0.6440677966101694,0.8898305084745762
falcon3_7b_instruct,Falcon,mmlu_all,777,cheap_confidence_option__extratrees,0.1826909306695539,0.09190031743131885,0.09079061323823506,0.32083333333333336,0.6791666666666667,0.23333333333333334,0.7666666666666666,0.13333333333333333,0.8666666666666667,0.3474576271186441,0.6440677966101694,0.864406779661017
falcon3_7b_instruct,Falcon,mmlu_all,777,cheap_confidence_option__hgb,0.1896575548376365,0.09886694159940143,0.09079061323823506,0.3333333333333333,0.6666666666666667,0.25,0.75,0.16666666666666666,0.8333333333333334,0.3220338983050847,0.6186440677966102,0.8305084745762712
falcon3_7b_instruct,Falcon,mmlu_all,777,hidden_summary_only__logreg,0.1775982884474836,0.08680767520924854,0.09079061323823506,0.32916666666666666,0.6708333333333334,0.2222222222222222,0.7777777777777778,0.10833333333333334,0.8916666666666666,0.3305084745762712,0.6610169491525424,0.8898305084745762
falcon3_7b_instruct,Falcon,mmlu_all,777,hidden_summary_only__mlp,0.20226554474207262,0.11147493150383755,0.09079061323823506,0.32916666666666666,0.6708333333333334,0.2388888888888889,0.7611111111111111,0.11666666666666667,0.8833333333333333,0.3305084745762712,0.635593220338983,0.8813559322033898
falcon3_7b_instruct,Falcon,mmlu_all,777,hidden_summary_only__extratrees,0.1792631871982983,0.08847257396006325,0.09079061323823506,0.325,0.675,0.23333333333333334,0.7666666666666666,0.1,0.9,0.3389830508474576,0.6440677966101694,0.8983050847457628
falcon3_7b_instruct,Falcon,mmlu_all,777,hidden_summary_only__hgb,0.182029722140403,0.09123910890216794,0.09079061323823506,0.30833333333333335,0.6916666666666667,0.2388888888888889,0.7611111111111111,0.125,0.875,0.3728813559322034,0.635593220338983,0.8728813559322034
falcon3_7b_instruct,Falcon,mmlu_all,777,cheap_plus_hidden_summary__logreg,0.1802418245359486,0.08945121129771355,0.09079061323823506,0.32083333333333336,0.6791666666666667,0.2222222222222222,0.7777777777777778,0.125,0.875,0.3474576271186441,0.6610169491525424,0.8728813559322034
falcon3_7b_instruct,Falcon,mmlu_all,777,cheap_plus_hidden_summary__mlp,0.20477207681868678,0.11398146358045172,0.09079061323823506,0.31666666666666665,0.6833333333333333,0.21666666666666667,0.7833333333333333,0.13333333333333333,0.8666666666666667,0.3559322033898305,0.6694915254237288,0.864406779661017
falcon3_7b_instruct,Falcon,mmlu_all,777,cheap_plus_hidden_summary__extratrees,0.1803189347445562,0.08952832150632115,0.09079061323823506,0.32083333333333336,0.6791666666666667,0.21666666666666667,0.7833333333333333,0.10833333333333334,0.8916666666666666,0.3474576271186441,0.6694915254237288,0.8898305084745762
falcon3_7b_instruct,Falcon,mmlu_all,777,cheap_plus_hidden_summary__hgb,0.1864475168938267,0.09565690365559162,0.09079061323823506,0.3125,0.6875,0.23333333333333334,0.7666666666666666,0.15,0.85,0.3644067796610169,0.6440677966101694,0.847457627118644
falcon3_7b_instruct,Falcon,mmlu_all,777,pca_hidden_embeddings__logreg,0.1824241329340009,0.09163351969576583,0.09079061323823506,0.325,0.675,0.2,0.8,0.125,0.875,0.3389830508474576,0.6949152542372882,0.8728813559322034
falcon3_7b_instruct,Falcon,mmlu_all,777,pca_hidden_embeddings__mlp,0.1958475516046422,0.10505693836640714,0.09079061323823506,0.3125,0.6875,0.21666666666666667,0.7833333333333333,0.13333333333333333,0.8666666666666667,0.3644067796610169,0.6694915254237288,0.864406779661017
falcon3_7b_instruct,Falcon,mmlu_all,777,pca_hidden_embeddings__extratrees,0.1755827745696956,0.08479216133146053,0.09079061323823506,0.32083333333333336,0.6791666666666667,0.2111111111111111,0.7888888888888889,0.125,0.875,0.3474576271186441,0.6779661016949152,0.8728813559322034
falcon3_7b_instruct,Falcon,mmlu_all,777,pca_hidden_embeddings__hgb,0.2004789457874527,0.10968833254921764,0.09079061323823506,0.32916666666666666,0.6708333333333334,0.21666666666666667,0.7833333333333333,0.15833333333333333,0.8416666666666667,0.3305084745762712,0.6694915254237288,0.8389830508474576
falcon3_7b_instruct,Falcon,mmlu_all,777,cheap_plus_pca_hidden__logreg,0.17729135321161574,0.08650073997338067,0.09079061323823506,0.31666666666666665,0.6833333333333333,0.2111111111111111,0.7888888888888889,0.10833333333333334,0.8916666666666666,0.3559322033898305,0.6779661016949152,0.8898305084745762
falcon3_7b_instruct,Falcon,mmlu_all,777,cheap_plus_pca_hidden__mlp,0.1884145609003683,0.09762394766213323,0.09079061323823506,0.32916666666666666,0.6708333333333334,0.22777777777777777,0.7722222222222223,0.1,0.9,0.3305084745762712,0.652542372881356,0.8983050847457628
falcon3_7b_instruct,Falcon,mmlu_all,777,cheap_plus_pca_hidden__extratrees,0.18081252510430118,0.09002191186606612,0.09079061323823506,0.3125,0.6875,0.23333333333333334,0.7666666666666666,0.1,0.9,0.3644067796610169,0.6440677966101694,0.8983050847457628
falcon3_7b_instruct,Falcon,mmlu_all,777,cheap_plus_pca_hidden__hgb,0.20105371532015173,0.11026310208191667,0.09079061323823506,0.32916666666666666,0.6708333333333334,0.2611111111111111,0.7388888888888889,0.13333333333333333,0.8666666666666667,0.3305084745762712,0.6016949152542372,0.864406779661017
falcon3_7b_instruct,Falcon,mmlu_all,2025,direct_pmax,0.17609125831541597,0.08530064507718091,0.09079061323823506,0.31666666666666665,0.6833333333333333,0.2222222222222222,0.7777777777777778,0.13333333333333333,0.8666666666666667,0.3559322033898305,0.6610169491525424,0.864406779661017
falcon3_7b_instruct,Falcon,mmlu_all,2025,cheap_confidence_option__logreg,0.16638350508532576,0.0755928918470907,0.09079061323823506,0.30833333333333335,0.6916666666666667,0.2111111111111111,0.7888888888888889,0.13333333333333333,0.8666666666666667,0.3728813559322034,0.6779661016949152,0.864406779661017
falcon3_7b_instruct,Falcon,mmlu_all,2025,cheap_confidence_option__mlp,0.1634527472016215,0.07266213396338644,0.09079061323823506,0.325,0.675,0.20555555555555555,0.7944444444444445,0.09166666666666666,0.9083333333333333,0.3389830508474576,0.6864406779661016,0.9067796610169492
falcon3_7b_instruct,Falcon,mmlu_all,2025,cheap_confidence_option__extratrees,0.1730406437699586,0.08225003053172353,0.09079061323823506,0.32916666666666666,0.6708333333333334,0.2222222222222222,0.7777777777777778,0.125,0.875,0.3305084745762712,0.6610169491525424,0.8728813559322034
falcon3_7b_instruct,Falcon,mmlu_all,2025,cheap_confidence_option__hgb,0.19256416491244988,0.10177355167421481,0.09079061323823506,0.3375,0.6625,0.2833333333333333,0.7166666666666667,0.125,0.875,0.3135593220338983,0.5677966101694916,0.8728813559322034
falcon3_7b_instruct,Falcon,mmlu_all,2025,hidden_summary_only__logreg,0.1914635368242907,0.10067292358605565,0.09079061323823506,0.30833333333333335,0.6916666666666667,0.23333333333333334,0.7666666666666666,0.125,0.875,0.3728813559322034,0.6440677966101694,0.8728813559322034
falcon3_7b_instruct,Falcon,mmlu_all,2025,hidden_summary_only__mlp,0.21673926245936173,0.12594864922112667,0.09079061323823506,0.31666666666666665,0.6833333333333333,0.2388888888888889,0.7611111111111111,0.15833333333333333,0.8416666666666667,0.3559322033898305,0.635593220338983,0.8389830508474576
falcon3_7b_instruct,Falcon,mmlu_all,2025,hidden_summary_only__extratrees,0.17511537473916639,0.08432476150093132,0.09079061323823506,0.3333333333333333,0.6666666666666667,0.21666666666666667,0.7833333333333333,0.09166666666666666,0.9083333333333333,0.3220338983050847,0.6694915254237288,0.9067796610169492
falcon3_7b_instruct,Falcon,mmlu_all,2025,hidden_summary_only__hgb,0.18735607365421483,0.09656546041597977,0.09079061323823506,0.325,0.675,0.23333333333333334,0.7666666666666666,0.13333333333333333,0.8666666666666667,0.3389830508474576,0.6440677966101694,0.864406779661017
falcon3_7b_instruct,Falcon,mmlu_all,2025,cheap_plus_hidden_summary__logreg,0.17324653081879587,0.08245591758056081,0.09079061323823506,0.30833333333333335,0.6916666666666667,0.20555555555555555,0.7944444444444445,0.11666666666666667,0.8833333333333333,0.3728813559322034,0.6864406779661016,0.8813559322033898
falcon3_7b_instruct,Falcon,mmlu_all,2025,cheap_plus_hidden_summary__mlp,0.16955766948790932,0.07876705624967426,0.09079061323823506,0.3125,0.6875,0.2,0.8,0.075,0.925,0.3644067796610169,0.6949152542372882,0.923728813559322
falcon3_7b_instruct,Falcon,mmlu_all,2025,cheap_plus_hidden_summary__extratrees,0.16482101366761479,0.07403040042937972,0.09079061323823506,0.325,0.675,0.2,0.8,0.10833333333333334,0.8916666666666666,0.3389830508474576,0.6949152542372882,0.8898305084745762
falcon3_7b_instruct,Falcon,mmlu_all,2025,cheap_plus_hidden_summary__hgb,0.18604168022818052,0.09525106698994545,0.09079061323823506,0.3375,0.6625,0.25,0.75,0.11666666666666667,0.8833333333333333,0.3135593220338983,0.6186440677966102,0.8813559322033898
falcon3_7b_instruct,Falcon,mmlu_all,2025,pca_hidden_embeddings__logreg,0.18484105084675118,0.09405043760851611,0.09079061323823506,0.3125,0.6875,0.2111111111111111,0.7888888888888889,0.13333333333333333,0.8666666666666667,0.3644067796610169,0.6779661016949152,0.864406779661017
falcon3_7b_instruct,Falcon,mmlu_all,2025,pca_hidden_embeddings__mlp,0.21686300953546228,0.12607239629722722,0.09079061323823506,0.32083333333333336,0.6791666666666667,0.22777777777777777,0.7722222222222223,0.16666666666666666,0.8333333333333334,0.3474576271186441,0.652542372881356,0.8305084745762712
falcon3_7b_instruct,Falcon,mmlu_all,2025,pca_hidden_embeddings__extratrees,0.16801713119895603,0.07722651796072097,0.09079061323823506,0.32083333333333336,0.6791666666666667,0.2,0.8,0.09166666666666666,0.9083333333333333,0.3474576271186441,0.6949152542372882,0.9067796610169492
falcon3_7b_instruct,Falcon,mmlu_all,2025,pca_hidden_embeddings__hgb,0.20000397214818189,0.10921335890994682,0.09079061323823506,0.325,0.675,0.25,0.75,0.14166666666666666,0.8583333333333334,0.3389830508474576,0.6186440677966102,0.8559322033898306
falcon3_7b_instruct,Falcon,mmlu_all,2025,cheap_plus_pca_hidden__logreg,0.1827787028633595,0.09198808962512445,0.09079061323823506,0.32083333333333336,0.6791666666666667,0.21666666666666667,0.7833333333333333,0.14166666666666666,0.8583333333333334,0.3474576271186441,0.6694915254237288,0.8559322033898306
falcon3_7b_instruct,Falcon,mmlu_all,2025,cheap_plus_pca_hidden__mlp,0.17820270466380464,0.08741209142556958,0.09079061323823506,0.30833333333333335,0.6916666666666667,0.23333333333333334,0.7666666666666666,0.11666666666666667,0.8833333333333333,0.3728813559322034,0.6440677966101694,0.8813559322033898
falcon3_7b_instruct,Falcon,mmlu_all,2025,cheap_plus_pca_hidden__extratrees,0.1621640373520062,0.07137342411377115,0.09079061323823506,0.31666666666666665,0.6833333333333333,0.2,0.8,0.10833333333333334,0.8916666666666666,0.3559322033898305,0.6949152542372882,0.8898305084745762
falcon3_7b_instruct,Falcon,mmlu_all,2025,cheap_plus_pca_hidden__hgb,0.18306982421790857,0.09227921097967351,0.09079061323823506,0.3333333333333333,0.6666666666666667,0.24444444444444444,0.7555555555555555,0.11666666666666667,0.8833333333333333,0.3220338983050847,0.6271186440677966,0.8813559322033898
mistral7b_v03,Mistral,arc_challenge,42,direct_pmax,0.1246137743708635,0.09662898731231977,0.027984787058543736,0.19444444444444445,0.8055555555555556,0.14814814814814814,0.8518518518518519,0.08333333333333333,0.9166666666666666,0.3,0.6,0.85
mistral7b_v03,Mistral,arc_challenge,42,cheap_confidence_option__logreg,0.13608690110855695,0.10810211405001321,0.027984787058543736,0.18055555555555555,0.8194444444444444,0.16666666666666666,0.8333333333333334,0.1111111111111111,0.8888888888888888,0.35,0.55,0.8
mistral7b_v03,Mistral,arc_challenge,42,cheap_confidence_option__mlp,0.1410951626520858,0.11311037559354206,0.027984787058543736,0.18055555555555555,0.8194444444444444,0.16666666666666666,0.8333333333333334,0.1111111111111111,0.8888888888888888,0.35,0.55,0.8
mistral7b_v03,Mistral,arc_challenge,42,cheap_confidence_option__extratrees,0.1550284357178084,0.12704364865926465,0.027984787058543736,0.16666666666666666,0.8333333333333334,0.16666666666666666,0.8333333333333334,0.08333333333333333,0.9166666666666666,0.4,0.55,0.85
mistral7b_v03,Mistral,arc_challenge,42,cheap_confidence_option__hgb,0.12106301721555422,0.09307823015701049,0.027984787058543736,0.2222222222222222,0.7777777777777778,0.14814814814814814,0.8518518518518519,0.05555555555555555,0.9444444444444444,0.2,0.6,0.9
mistral7b_v03,Mistral,arc_challenge,42,hidden_summary_only__logreg,0.1459397374202128,0.11795495036166906,0.027984787058543736,0.20833333333333334,0.7916666666666666,0.2222222222222222,0.7777777777777778,0.1111111111111111,0.8888888888888888,0.25,0.4,0.8
mistral7b_v03,Mistral,arc_challenge,42,hidden_summary_only__mlp,0.20676112241942618,0.17877633536088244,0.027984787058543736,0.20833333333333334,0.7916666666666666,0.2037037037037037,0.7962962962962963,0.1388888888888889,0.8611111111111112,0.25,0.45,0.75
mistral7b_v03,Mistral,arc_challenge,42,hidden_summary_only__extratrees,0.1067208419872817,0.07873605492873796,0.027984787058543736,0.18055555555555555,0.8194444444444444,0.12962962962962962,0.8703703703703703,0.08333333333333333,0.9166666666666666,0.35,0.65,0.85
mistral7b_v03,Mistral,arc_challenge,42,hidden_summary_only__hgb,0.21238094704196644,0.1843961599834227,0.027984787058543736,0.25,0.75,0.25925925925925924,0.7407407407407407,0.25,0.75,0.1,0.3,0.55
mistral7b_v03,Mistral,arc_challenge,42,cheap_plus_hidden_summary__logreg,0.13791761463373733,0.1099328275751936,0.027984787058543736,0.18055555555555555,0.8194444444444444,0.2037037037037037,0.7962962962962963,0.1111111111111111,0.8888888888888888,0.35,0.45,0.8
mistral7b_v03,Mistral,arc_challenge,42,cheap_plus_hidden_summary__mlp,0.16716844942978928,0.13918366237124555,0.027984787058543736,0.19444444444444445,0.8055555555555556,0.12962962962962962,0.8703703703703703,0.1388888888888889,0.8611111111111112,0.3,0.65,0.75
mistral7b_v03,Mistral,arc_challenge,42,cheap_plus_hidden_summary__extratrees,0.12871943870386343,0.1007346516453197,0.027984787058543736,0.18055555555555555,0.8194444444444444,0.14814814814814814,0.8518518518518519,0.1111111111111111,0.8888888888888888,0.35,0.6,0.8
mistral7b_v03,Mistral,arc_challenge,42,cheap_plus_hidden_summary__hgb,0.13127357560084327,0.10328878854229953,0.027984787058543736,0.19444444444444445,0.8055555555555556,0.12962962962962962,0.8703703703703703,0.1111111111111111,0.8888888888888888,0.3,0.65,0.8
mistral7b_v03,Mistral,arc_challenge,42,pca_hidden_embeddings__logreg,0.22517219096055155,0.1971874039020078,0.027984787058543736,0.19444444444444445,0.8055555555555556,0.2222222222222222,0.7777777777777778,0.2222222222222222,0.7777777777777778,0.3,0.4,0.6
mistral7b_v03,Mistral,arc_challenge,42,pca_hidden_embeddings__mlp,0.14527460037346282,0.11728981331491908,0.027984787058543736,0.18055555555555555,0.8194444444444444,0.18518518518518517,0.8148148148148149,0.16666666666666666,0.8333333333333334,0.35,0.5,0.7
mistral7b_v03,Mistral,arc_challenge,42,pca_hidden_embeddings__extratrees,0.13729639127175422,0.10931160421321048,0.027984787058543736,0.1527777777777778,0.8472222222222222,0.14814814814814814,0.8518518518518519,0.1111111111111111,0.8888888888888888,0.45,0.6,0.8
mistral7b_v03,Mistral,arc_challenge,42,pca_hidden_embeddings__hgb,0.1574039087280452,0.12941912166950145,0.027984787058543736,0.19444444444444445,0.8055555555555556,0.16666666666666666,0.8333333333333334,0.1388888888888889,0.8611111111111112,0.3,0.55,0.75
mistral7b_v03,Mistral,arc_challenge,42,cheap_plus_pca_hidden__logreg,0.25677638965000676,0.22879160259146303,0.027984787058543736,0.19444444444444445,0.8055555555555556,0.2222222222222222,0.7777777777777778,0.2222222222222222,0.7777777777777778,0.3,0.4,0.6
mistral7b_v03,Mistral,arc_challenge,42,cheap_plus_pca_hidden__mlp,0.14247632576699037,0.11449153870844664,0.027984787058543736,0.18055555555555555,0.8194444444444444,0.18518518518518517,0.8148148148148149,0.1388888888888889,0.8611111111111112,0.35,0.5,0.75
mistral7b_v03,Mistral,arc_challenge,42,cheap_plus_pca_hidden__extratrees,0.12498477789536683,0.09699999083682309,0.027984787058543736,0.16666666666666666,0.8333333333333334,0.14814814814814814,0.8518518518518519,0.1111111111111111,0.8888888888888888,0.4,0.6,0.8
mistral7b_v03,Mistral,arc_challenge,42,cheap_plus_pca_hidden__hgb,0.15092573403261064,0.1229409469740669,0.027984787058543736,0.16666666666666666,0.8333333333333334,0.14814814814814814,0.8518518518518519,0.1388888888888889,0.8611111111111112,0.4,0.6,0.75
mistral7b_v03,Mistral,arc_challenge,7,direct_pmax,0.08950156580887282,0.061516778750329085,0.027984787058543736,0.1527777777777778,0.8472222222222222,0.1111111111111111,0.8888888888888888,0.05555555555555555,0.9444444444444444,0.45,0.7,0.9
mistral7b_v03,Mistral,arc_challenge,7,cheap_confidence_option__logreg,0.10987367354078442,0.08188888648224069,0.027984787058543736,0.16666666666666666,0.8333333333333334,0.12962962962962962,0.8703703703703703,0.1111111111111111,0.8888888888888888,0.4,0.65,0.8
mistral7b_v03,Mistral,arc_challenge,7,cheap_confidence_option__mlp,0.1527837448059615,0.12479895774741775,0.027984787058543736,0.19444444444444445,0.8055555555555556,0.18518518518518517,0.8148148148148149,0.08333333333333333,0.9166666666666666,0.3,0.5,0.85
mistral7b_v03,Mistral,arc_challenge,7,cheap_confidence_option__extratrees,0.10837842001117354,0.0803936329526298,0.027984787058543736,0.1527777777777778,0.8472222222222222,0.12962962962962962,0.8703703703703703,0.08333333333333333,0.9166666666666666,0.45,0.65,0.85
mistral7b_v03,Mistral,arc_challenge,7,cheap_confidence_option__hgb,0.10949577649078782,0.08151098943224408,0.027984787058543736,0.16666666666666666,0.8333333333333334,0.14814814814814814,0.8518518518518519,0.05555555555555555,0.9444444444444444,0.4,0.6,0.9
mistral7b_v03,Mistral,arc_challenge,7,hidden_summary_only__logreg,0.12837611140603,0.10039132434748627,0.027984787058543736,0.1527777777777778,0.8472222222222222,0.09259259259259259,0.9074074074074074,0.08333333333333333,0.9166666666666666,0.45,0.75,0.85
mistral7b_v03,Mistral,arc_challenge,7,hidden_summary_only__mlp,0.21613640268019887,0.18815161562165514,0.027984787058543736,0.25,0.75,0.2222222222222222,0.7777777777777778,0.2222222222222222,0.7777777777777778,0.1,0.4,0.6
mistral7b_v03,Mistral,arc_challenge,7,hidden_summary_only__extratrees,0.15694026247457787,0.12895547541603414,0.027984787058543736,0.1527777777777778,0.8472222222222222,0.12962962962962962,0.8703703703703703,0.1111111111111111,0.8888888888888888,0.45,0.65,0.8
mistral7b_v03,Mistral,arc_challenge,7,hidden_summary_only__hgb,0.1547679077717781,0.12678312071323436,0.027984787058543736,0.16666666666666666,0.8333333333333334,0.12962962962962962,0.8703703703703703,0.1111111111111111,0.8888888888888888,0.4,0.65,0.8
mistral7b_v03,Mistral,arc_challenge,7,cheap_plus_hidden_summary__logreg,0.11468177271591373,0.08669698565737,0.027984787058543736,0.18055555555555555,0.8194444444444444,0.12962962962962962,0.8703703703703703,0.08333333333333333,0.9166666666666666,0.35,0.65,0.85
mistral7b_v03,Mistral,arc_challenge,7,cheap_plus_hidden_summary__mlp,0.23302659947689403,0.2050418124183503,0.027984787058543736,0.2361111111111111,0.7638888888888888,0.2222222222222222,0.7777777777777778,0.2222222222222222,0.7777777777777778,0.15,0.4,0.6
mistral7b_v03,Mistral,arc_challenge,7,cheap_plus_hidden_summary__extratrees,0.09570393810191866,0.06771915104337492,0.027984787058543736,0.1388888888888889,0.8611111111111112,0.12962962962962962,0.8703703703703703,0.1111111111111111,0.8888888888888888,0.5,0.65,0.8
mistral7b_v03,Mistral,arc_challenge,7,cheap_plus_hidden_summary__hgb,0.13098295831907036,0.10299817126052663,0.027984787058543736,0.18055555555555555,0.8194444444444444,0.14814814814814814,0.8518518518518519,0.05555555555555555,0.9444444444444444,0.35,0.6,0.9
mistral7b_v03,Mistral,arc_challenge,7,pca_hidden_embeddings__logreg,0.13938754391607816,0.11140275685753442,0.027984787058543736,0.16666666666666666,0.8333333333333334,0.1111111111111111,0.8888888888888888,0.1111111111111111,0.8888888888888888,0.4,0.7,0.8
mistral7b_v03,Mistral,arc_challenge,7,pca_hidden_embeddings__mlp,0.2063642804147136,0.17837949335616987,0.027984787058543736,0.19444444444444445,0.8055555555555556,0.18518518518518517,0.8148148148148149,0.2222222222222222,0.7777777777777778,0.3,0.5,0.6
mistral7b_v03,Mistral,arc_challenge,7,pca_hidden_embeddings__extratrees,0.1476815814332377,0.11969679437469397,0.027984787058543736,0.18055555555555555,0.8194444444444444,0.14814814814814814,0.8518518518518519,0.1388888888888889,0.8611111111111112,0.35,0.6,0.75
mistral7b_v03,Mistral,arc_challenge,7,pca_hidden_embeddings__hgb,0.15081841770696278,0.12283363064841904,0.027984787058543736,0.18055555555555555,0.8194444444444444,0.18518518518518517,0.8148148148148149,0.16666666666666666,0.8333333333333334,0.35,0.5,0.7
mistral7b_v03,Mistral,arc_challenge,7,cheap_plus_pca_hidden__logreg,0.1345565798015147,0.10657179274297096,0.027984787058543736,0.16666666666666666,0.8333333333333334,0.12962962962962962,0.8703703703703703,0.08333333333333333,0.9166666666666666,0.4,0.65,0.85
mistral7b_v03,Mistral,arc_challenge,7,cheap_plus_pca_hidden__mlp,0.18269677802997064,0.1547119909714269,0.027984787058543736,0.19444444444444445,0.8055555555555556,0.18518518518518517,0.8148148148148149,0.1388888888888889,0.8611111111111112,0.3,0.5,0.75
mistral7b_v03,Mistral,arc_challenge,7,cheap_plus_pca_hidden__extratrees,0.1055016339050429,0.07751684684649916,0.027984787058543736,0.1527777777777778,0.8472222222222222,0.14814814814814814,0.8518518518518519,0.08333333333333333,0.9166666666666666,0.45,0.6,0.85
mistral7b_v03,Mistral,arc_challenge,7,cheap_plus_pca_hidden__hgb,0.11917292698969785,0.09118813993115411,0.027984787058543736,0.1527777777777778,0.8472222222222222,0.14814814814814814,0.8518518518518519,0.1111111111111111,0.8888888888888888,0.45,0.6,0.8
mistral7b_v03,Mistral,arc_challenge,123,direct_pmax,0.1577453073871275,0.12976052032858376,0.027984787058543736,0.19444444444444445,0.8055555555555556,0.16666666666666666,0.8333333333333334,0.1388888888888889,0.8611111111111112,0.3,0.55,0.75
mistral7b_v03,Mistral,arc_challenge,123,cheap_confidence_option__logreg,0.1837555163868131,0.15577072932826935,0.027984787058543736,0.19444444444444445,0.8055555555555556,0.18518518518518517,0.8148148148148149,0.1388888888888889,0.8611111111111112,0.3,0.5,0.75
mistral7b_v03,Mistral,arc_challenge,123,cheap_confidence_option__mlp,0.23893404746746932,0.2109492604089256,0.027984787058543736,0.2361111111111111,0.7638888888888888,0.2777777777777778,0.7222222222222222,0.25,0.75,0.15,0.25,0.55
mistral7b_v03,Mistral,arc_challenge,123,cheap_confidence_option__extratrees,0.18863964292515384,0.1606548558666101,0.027984787058543736,0.19444444444444445,0.8055555555555556,0.16666666666666666,0.8333333333333334,0.16666666666666666,0.8333333333333334,0.3,0.55,0.7
mistral7b_v03,Mistral,arc_challenge,123,cheap_confidence_option__hgb,0.1789493326492187,0.15096454559067496,0.027984787058543736,0.20833333333333334,0.7916666666666666,0.18518518518518517,0.8148148148148149,0.1388888888888889,0.8611111111111112,0.25,0.5,0.75
mistral7b_v03,Mistral,arc_challenge,123,hidden_summary_only__logreg,0.14235555057714194,0.1143707635185982,0.027984787058543736,0.19444444444444445,0.8055555555555556,0.12962962962962962,0.8703703703703703,0.05555555555555555,0.9444444444444444,0.3,0.65,0.9
mistral7b_v03,Mistral,arc_challenge,123,hidden_summary_only__mlp,0.16290557603475744,0.1349207889762137,0.027984787058543736,0.16666666666666666,0.8333333333333334,0.16666666666666666,0.8333333333333334,0.1388888888888889,0.8611111111111112,0.4,0.55,0.75
mistral7b_v03,Mistral,arc_challenge,123,hidden_summary_only__extratrees,0.15884084492764303,0.1308560578690993,0.027984787058543736,0.19444444444444445,0.8055555555555556,0.16666666666666666,0.8333333333333334,0.08333333333333333,0.9166666666666666,0.3,0.55,0.85
mistral7b_v03,Mistral,arc_challenge,123,hidden_summary_only__hgb,0.13075554295932534,0.10277075590078161,0.027984787058543736,0.19444444444444445,0.8055555555555556,0.12962962962962962,0.8703703703703703,0.08333333333333333,0.9166666666666666,0.3,0.65,0.85
mistral7b_v03,Mistral,arc_challenge,123,cheap_plus_hidden_summary__logreg,0.13580687611619127,0.10782208905764754,0.027984787058543736,0.19444444444444445,0.8055555555555556,0.18518518518518517,0.8148148148148149,0.16666666666666666,0.8333333333333334,0.3,0.5,0.7
mistral7b_v03,Mistral,arc_challenge,123,cheap_plus_hidden_summary__mlp,0.130811818922541,0.10282703186399728,0.027984787058543736,0.16666666666666666,0.8333333333333334,0.18518518518518517,0.8148148148148149,0.1388888888888889,0.8611111111111112,0.4,0.5,0.75
mistral7b_v03,Mistral,arc_challenge,123,cheap_plus_hidden_summary__extratrees,0.13615652215257987,0.10817173509403613,0.027984787058543736,0.19444444444444445,0.8055555555555556,0.16666666666666666,0.8333333333333334,0.16666666666666666,0.8333333333333334,0.3,0.55,0.7
mistral7b_v03,Mistral,arc_challenge,123,cheap_plus_hidden_summary__hgb,0.15524960636256752,0.12726481930402378,0.027984787058543736,0.16666666666666666,0.8333333333333334,0.18518518518518517,0.8148148148148149,0.16666666666666666,0.8333333333333334,0.4,0.5,0.7
mistral7b_v03,Mistral,arc_challenge,123,pca_hidden_embeddings__logreg,0.1896353937024743,0.16165060664393055,0.027984787058543736,0.20833333333333334,0.7916666666666666,0.2222222222222222,0.7777777777777778,0.19444444444444445,0.8055555555555556,0.25,0.4,0.65
mistral7b_v03,Mistral,arc_challenge,123,pca_hidden_embeddings__mlp,0.18417384383561802,0.1561890567770743,0.027984787058543736,0.20833333333333334,0.7916666666666666,0.14814814814814814,0.8518518518518519,0.1388888888888889,0.8611111111111112,0.25,0.6,0.75
mistral7b_v03,Mistral,arc_challenge,123,pca_hidden_embeddings__extratrees,0.1602195919598021,0.13223480490125836,0.027984787058543736,0.19444444444444445,0.8055555555555556,0.14814814814814814,0.8518518518518519,0.1388888888888889,0.8611111111111112,0.3,0.6,0.75
mistral7b_v03,Mistral,arc_challenge,123,pca_hidden_embeddings__hgb,0.19441849477190382,0.16643370771336008,0.027984787058543736,0.19444444444444445,0.8055555555555556,0.16666666666666666,0.8333333333333334,0.19444444444444445,0.8055555555555556,0.3,0.55,0.65
mistral7b_v03,Mistral,arc_challenge,123,cheap_plus_pca_hidden__logreg,0.17635373215710076,0.14836894509855703,0.027984787058543736,0.19444444444444445,0.8055555555555556,0.2037037037037037,0.7962962962962963,0.2222222222222222,0.7777777777777778,0.3,0.45,0.6
mistral7b_v03,Mistral,arc_challenge,123,cheap_plus_pca_hidden__mlp,0.22744823233380462,0.1994634452752609,0.027984787058543736,0.20833333333333334,0.7916666666666666,0.2222222222222222,0.7777777777777778,0.25,0.75,0.25,0.4,0.55
mistral7b_v03,Mistral,arc_challenge,123,cheap_plus_pca_hidden__extratrees,0.14532178224199266,0.11733699518344892,0.027984787058543736,0.18055555555555555,0.8194444444444444,0.18518518518518517,0.8148148148148149,0.16666666666666666,0.8333333333333334,0.35,0.5,0.7
mistral7b_v03,Mistral,arc_challenge,123,cheap_plus_pca_hidden__hgb,0.20062262207566978,0.17263783501712604,0.027984787058543736,0.20833333333333334,0.7916666666666666,0.2222222222222222,0.7777777777777778,0.16666666666666666,0.8333333333333334,0.25,0.4,0.7
mistral7b_v03,Mistral,arc_challenge,777,direct_pmax,0.09101492292497267,0.06303013586642893,0.027984787058543736,0.18055555555555555,0.8194444444444444,0.09259259259259259,0.9074074074074074,0.05555555555555555,0.9444444444444444,0.35,0.75,0.9
mistral7b_v03,Mistral,arc_challenge,777,cheap_confidence_option__logreg,0.103923273279071,0.07593848622052726,0.027984787058543736,0.18055555555555555,0.8194444444444444,0.1111111111111111,0.8888888888888888,0.08333333333333333,0.9166666666666666,0.35,0.7,0.85
mistral7b_v03,Mistral,arc_challenge,777,cheap_confidence_option__mlp,0.12918971991458014,0.1012049328560364,0.027984787058543736,0.18055555555555555,0.8194444444444444,0.14814814814814814,0.8518518518518519,0.1111111111111111,0.8888888888888888,0.35,0.6,0.8
mistral7b_v03,Mistral,arc_challenge,777,cheap_confidence_option__extratrees,0.1309247431138759,0.10293995605533215,0.027984787058543736,0.16666666666666666,0.8333333333333334,0.12962962962962962,0.8703703703703703,0.05555555555555555,0.9444444444444444,0.4,0.65,0.9
mistral7b_v03,Mistral,arc_challenge,777,cheap_confidence_option__hgb,0.09834010802783139,0.07035532096928765,0.027984787058543736,0.19444444444444445,0.8055555555555556,0.14814814814814814,0.8518518518518519,0.05555555555555555,0.9444444444444444,0.3,0.6,0.9
mistral7b_v03,Mistral,arc_challenge,777,hidden_summary_only__logreg,0.14714346321609661,0.11915867615755288,0.027984787058543736,0.18055555555555555,0.8194444444444444,0.16666666666666666,0.8333333333333334,0.1388888888888889,0.8611111111111112,0.35,0.55,0.75
mistral7b_v03,Mistral,arc_challenge,777,hidden_summary_only__mlp,0.17391534953650392,0.14593056247796019,0.027984787058543736,0.2222222222222222,0.7777777777777778,0.2037037037037037,0.7962962962962963,0.16666666666666666,0.8333333333333334,0.2,0.45,0.7
mistral7b_v03,Mistral,arc_challenge,777,hidden_summary_only__extratrees,0.14838569366805027,0.12040090660950653,0.027984787058543736,0.18055555555555555,0.8194444444444444,0.1111111111111111,0.8888888888888888,0.1111111111111111,0.8888888888888888,0.35,0.7,0.8
mistral7b_v03,Mistral,arc_challenge,777,hidden_summary_only__hgb,0.18651869383961642,0.15853390678107268,0.027984787058543736,0.1527777777777778,0.8472222222222222,0.14814814814814814,0.8518518518518519,0.16666666666666666,0.8333333333333334,0.45,0.6,0.7
mistral7b_v03,Mistral,arc_challenge,777,cheap_plus_hidden_summary__logreg,0.1183194472452784,0.09033466018673467,0.027984787058543736,0.16666666666666666,0.8333333333333334,0.16666666666666666,0.8333333333333334,0.1388888888888889,0.8611111111111112,0.4,0.55,0.75
mistral7b_v03,Mistral,arc_challenge,777,cheap_plus_hidden_summary__mlp,0.16930749211847348,0.14132270505992975,0.027984787058543736,0.19444444444444445,0.8055555555555556,0.2037037037037037,0.7962962962962963,0.19444444444444445,0.8055555555555556,0.3,0.45,0.65
mistral7b_v03,Mistral,arc_challenge,777,cheap_plus_hidden_summary__extratrees,0.10492643184791148,0.07694164478936774,0.027984787058543736,0.18055555555555555,0.8194444444444444,0.12962962962962962,0.8703703703703703,0.08333333333333333,0.9166666666666666,0.35,0.65,0.85
mistral7b_v03,Mistral,arc_challenge,777,cheap_plus_hidden_summary__hgb,0.1125924173703698,0.08460763031182607,0.027984787058543736,0.16666666666666666,0.8333333333333334,0.12962962962962962,0.8703703703703703,0.1111111111111111,0.8888888888888888,0.4,0.65,0.8
mistral7b_v03,Mistral,arc_challenge,777,pca_hidden_embeddings__logreg,0.1468598671305018,0.11887508007195807,0.027984787058543736,0.1527777777777778,0.8472222222222222,0.14814814814814814,0.8518518518518519,0.19444444444444445,0.8055555555555556,0.45,0.6,0.65
mistral7b_v03,Mistral,arc_challenge,777,pca_hidden_embeddings__mlp,0.20267747453323287,0.17469268747468913,0.027984787058543736,0.2222222222222222,0.7777777777777778,0.2222222222222222,0.7777777777777778,0.2222222222222222,0.7777777777777778,0.2,0.4,0.6
mistral7b_v03,Mistral,arc_challenge,777,pca_hidden_embeddings__extratrees,0.13384563323237525,0.10586084617383151,0.027984787058543736,0.16666666666666666,0.8333333333333334,0.14814814814814814,0.8518518518518519,0.16666666666666666,0.8333333333333334,0.4,0.6,0.7
mistral7b_v03,Mistral,arc_challenge,777,pca_hidden_embeddings__hgb,0.14971095156694525,0.12172616450840151,0.027984787058543736,0.18055555555555555,0.8194444444444444,0.16666666666666666,0.8333333333333334,0.19444444444444445,0.8055555555555556,0.35,0.55,0.65
mistral7b_v03,Mistral,arc_challenge,777,cheap_plus_pca_hidden__logreg,0.14114796293388782,0.11316317587534408,0.027984787058543736,0.1388888888888889,0.8611111111111112,0.16666666666666666,0.8333333333333334,0.16666666666666666,0.8333333333333334,0.5,0.55,0.7
mistral7b_v03,Mistral,arc_challenge,777,cheap_plus_pca_hidden__mlp,0.15644379794155555,0.12845901088301181,0.027984787058543736,0.18055555555555555,0.8194444444444444,0.2037037037037037,0.7962962962962963,0.19444444444444445,0.8055555555555556,0.35,0.45,0.65
mistral7b_v03,Mistral,arc_challenge,777,cheap_plus_pca_hidden__extratrees,0.09277952941648909,0.06479474235794536,0.027984787058543736,0.16666666666666666,0.8333333333333334,0.12962962962962962,0.8703703703703703,0.05555555555555555,0.9444444444444444,0.4,0.65,0.9
mistral7b_v03,Mistral,arc_challenge,777,cheap_plus_pca_hidden__hgb,0.1385873150772248,0.11060252801868106,0.027984787058543736,0.16666666666666666,0.8333333333333334,0.12962962962962962,0.8703703703703703,0.1111111111111111,0.8888888888888888,0.4,0.65,0.8
mistral7b_v03,Mistral,arc_challenge,2025,direct_pmax,0.12227497919016456,0.09429019213162082,0.027984787058543736,0.18055555555555555,0.8194444444444444,0.14814814814814814,0.8518518518518519,0.1111111111111111,0.8888888888888888,0.35,0.6,0.8
mistral7b_v03,Mistral,arc_challenge,2025,cheap_confidence_option__logreg,0.15803192824069806,0.13004714118215432,0.027984787058543736,0.19444444444444445,0.8055555555555556,0.16666666666666666,0.8333333333333334,0.1388888888888889,0.8611111111111112,0.3,0.55,0.75
mistral7b_v03,Mistral,arc_challenge,2025,cheap_confidence_option__mlp,0.16319966426819482,0.13521487720965109,0.027984787058543736,0.18055555555555555,0.8194444444444444,0.2037037037037037,0.7962962962962963,0.16666666666666666,0.8333333333333334,0.35,0.45,0.7
mistral7b_v03,Mistral,arc_challenge,2025,cheap_confidence_option__extratrees,0.1502105419256562,0.12222575486711246,0.027984787058543736,0.16666666666666666,0.8333333333333334,0.16666666666666666,0.8333333333333334,0.1111111111111111,0.8888888888888888,0.4,0.55,0.8
mistral7b_v03,Mistral,arc_challenge,2025,cheap_confidence_option__hgb,0.18084431186883734,0.1528595248102936,0.027984787058543736,0.20833333333333334,0.7916666666666666,0.2037037037037037,0.7962962962962963,0.08333333333333333,0.9166666666666666,0.25,0.45,0.85
mistral7b_v03,Mistral,arc_challenge,2025,hidden_summary_only__logreg,0.15362258584479277,0.12563779878624903,0.027984787058543736,0.16666666666666666,0.8333333333333334,0.1111111111111111,0.8888888888888888,0.05555555555555555,0.9444444444444444,0.4,0.7,0.9
mistral7b_v03,Mistral,arc_challenge,2025,hidden_summary_only__mlp,0.20523409309735863,0.1772493060388149,0.027984787058543736,0.20833333333333334,0.7916666666666666,0.16666666666666666,0.8333333333333334,0.16666666666666666,0.8333333333333334,0.25,0.55,0.7
mistral7b_v03,Mistral,arc_challenge,2025,hidden_summary_only__extratrees,0.17843610720265343,0.1504513201441097,0.027984787058543736,0.19444444444444445,0.8055555555555556,0.16666666666666666,0.8333333333333334,0.1388888888888889,0.8611111111111112,0.3,0.55,0.75
mistral7b_v03,Mistral,arc_challenge,2025,hidden_summary_only__hgb,0.17279319799757856,0.14480841093903482,0.027984787058543736,0.19444444444444445,0.8055555555555556,0.16666666666666666,0.8333333333333334,0.1388888888888889,0.8611111111111112,0.3,0.55,0.75
mistral7b_v03,Mistral,arc_challenge,2025,cheap_plus_hidden_summary__logreg,0.11875150094505628,0.09076671388651254,0.027984787058543736,0.19444444444444445,0.8055555555555556,0.12962962962962962,0.8703703703703703,0.08333333333333333,0.9166666666666666,0.3,0.65,0.85
mistral7b_v03,Mistral,arc_challenge,2025,cheap_plus_hidden_summary__mlp,0.20407019546133223,0.1760854084027885,0.027984787058543736,0.19444444444444445,0.8055555555555556,0.16666666666666666,0.8333333333333334,0.19444444444444445,0.8055555555555556,0.3,0.55,0.65
mistral7b_v03,Mistral,arc_challenge,2025,cheap_plus_hidden_summary__extratrees,0.15014549625517346,0.12216070919662972,0.027984787058543736,0.18055555555555555,0.8194444444444444,0.16666666666666666,0.8333333333333334,0.16666666666666666,0.8333333333333334,0.35,0.55,0.7
mistral7b_v03,Mistral,arc_challenge,2025,cheap_plus_hidden_summary__hgb,0.14621209225753248,0.11822730519898875,0.027984787058543736,0.18055555555555555,0.8194444444444444,0.14814814814814814,0.8518518518518519,0.08333333333333333,0.9166666666666666,0.35,0.6,0.85
mistral7b_v03,Mistral,arc_challenge,2025,pca_hidden_embeddings__logreg,0.1331364446050119,0.10515165754646816,0.027984787058543736,0.18055555555555555,0.8194444444444444,0.12962962962962962,0.8703703703703703,0.1388888888888889,0.8611111111111112,0.35,0.65,0.75
mistral7b_v03,Mistral,arc_challenge,2025,pca_hidden_embeddings__mlp,0.17582635781754563,0.1478415707590019,0.027984787058543736,0.2222222222222222,0.7777777777777778,0.2037037037037037,0.7962962962962963,0.19444444444444445,0.8055555555555556,0.2,0.45,0.65
mistral7b_v03,Mistral,arc_challenge,2025,pca_hidden_embeddings__extratrees,0.15838508529036385,0.13040029823182012,0.027984787058543736,0.20833333333333334,0.7916666666666666,0.18518518518518517,0.8148148148148149,0.1388888888888889,0.8611111111111112,0.25,0.5,0.75
mistral7b_v03,Mistral,arc_challenge,2025,pca_hidden_embeddings__hgb,0.14266720212767348,0.11468241506912974,0.027984787058543736,0.20833333333333334,0.7916666666666666,0.18518518518518517,0.8148148148148149,0.1388888888888889,0.8611111111111112,0.25,0.5,0.75
mistral7b_v03,Mistral,arc_challenge,2025,cheap_plus_pca_hidden__logreg,0.13961333202092988,0.11162854496238614,0.027984787058543736,0.20833333333333334,0.7916666666666666,0.18518518518518517,0.8148148148148149,0.1388888888888889,0.8611111111111112,0.25,0.5,0.75
mistral7b_v03,Mistral,arc_challenge,2025,cheap_plus_pca_hidden__mlp,0.24617677183312,0.21819198477457627,0.027984787058543736,0.2361111111111111,0.7638888888888888,0.24074074074074073,0.7592592592592593,0.19444444444444445,0.8055555555555556,0.15,0.35,0.65
mistral7b_v03,Mistral,arc_challenge,2025,cheap_plus_pca_hidden__extratrees,0.14468630365936727,0.11670151660082353,0.027984787058543736,0.18055555555555555,0.8194444444444444,0.14814814814814814,0.8518518518518519,0.1388888888888889,0.8611111111111112,0.35,0.6,0.75
mistral7b_v03,Mistral,arc_challenge,2025,cheap_plus_pca_hidden__hgb,0.14182523535667224,0.1138404482981285,0.027984787058543736,0.18055555555555555,0.8194444444444444,0.16666666666666666,0.8333333333333334,0.1388888888888889,0.8611111111111112,0.35,0.55,0.75
mistral7b_v03,Mistral,commonsenseqa,42,direct_pmax,0.18164912690571616,0.13317954195501464,0.04846958495070153,0.25,0.75,0.19444444444444445,0.8055555555555556,0.13333333333333333,0.8666666666666667,0.3181818181818182,0.6022727272727273,0.8181818181818182
mistral7b_v03,Mistral,commonsenseqa,42,cheap_confidence_option__logreg,0.1703600936502934,0.12189050869959187,0.04846958495070153,0.24583333333333332,0.7541666666666667,0.19444444444444445,0.8055555555555556,0.14166666666666666,0.8583333333333334,0.32954545454545453,0.6022727272727273,0.8068181818181818
mistral7b_v03,Mistral,commonsenseqa,42,cheap_confidence_option__mlp,0.18573866940497707,0.13726908445427555,0.04846958495070153,0.23333333333333334,0.7666666666666666,0.17777777777777778,0.8222222222222222,0.175,0.825,0.36363636363636365,0.6363636363636364,0.7613636363636364
mistral7b_v03,Mistral,commonsenseqa,42,cheap_confidence_option__extratrees,0.17711462745819978,0.12864504250749825,0.04846958495070153,0.25416666666666665,0.7458333333333333,0.2111111111111111,0.7888888888888889,0.15,0.85,0.3068181818181818,0.5681818181818182,0.7954545454545454
mistral7b_v03,Mistral,commonsenseqa,42,cheap_confidence_option__hgb,0.1992578462121877,0.15078826126148617,0.04846958495070153,0.2625,0.7375,0.2222222222222222,0.7777777777777778,0.15833333333333333,0.8416666666666667,0.2840909090909091,0.5454545454545454,0.7840909090909091
mistral7b_v03,Mistral,commonsenseqa,42,hidden_summary_only__logreg,0.18703849709663056,0.13856891214592904,0.04846958495070153,0.2375,0.7625,0.2,0.8,0.18333333333333332,0.8166666666666667,0.3522727272727273,0.5909090909090909,0.75
mistral7b_v03,Mistral,commonsenseqa,42,hidden_summary_only__mlp,0.23561950680662525,0.18714992185592372,0.04846958495070153,0.275,0.725,0.24444444444444444,0.7555555555555555,0.24166666666666667,0.7583333333333333,0.25,0.5,0.6704545454545454
mistral7b_v03,Mistral,commonsenseqa,42,hidden_summary_only__extratrees,0.19427119137704638,0.14580160642634485,0.04846958495070153,0.2375,0.7625,0.18333333333333332,0.8166666666666667,0.15833333333333333,0.8416666666666667,0.3522727272727273,0.625,0.7840909090909091
mistral7b_v03,Mistral,commonsenseqa,42,hidden_summary_only__hgb,0.2108905304707883,0.16242094552008676,0.04846958495070153,0.2375,0.7625,0.2111111111111111,0.7888888888888889,0.19166666666666668,0.8083333333333333,0.3522727272727273,0.5681818181818182,0.7386363636363636
mistral7b_v03,Mistral,commonsenseqa,42,cheap_plus_hidden_summary__logreg,0.17273626902407804,0.12426668407337652,0.04846958495070153,0.24583333333333332,0.7541666666666667,0.18333333333333332,0.8166666666666667,0.125,0.875,0.32954545454545453,0.625,0.8295454545454546
mistral7b_v03,Mistral,commonsenseqa,42,cheap_plus_hidden_summary__mlp,0.17724257955149578,0.12877299460079425,0.04846958495070153,0.225,0.775,0.17777777777777778,0.8222222222222222,0.175,0.825,0.38636363636363635,0.6363636363636364,0.7613636363636364
mistral7b_v03,Mistral,commonsenseqa,42,cheap_plus_hidden_summary__extratrees,0.1592451525703936,0.11077556761969207,0.04846958495070153,0.25416666666666665,0.7458333333333333,0.16666666666666666,0.8333333333333334,0.125,0.875,0.3068181818181818,0.6590909090909091,0.8295454545454546
mistral7b_v03,Mistral,commonsenseqa,42,cheap_plus_hidden_summary__hgb,0.177485920388083,0.12901633543738147,0.04846958495070153,0.25416666666666665,0.7458333333333333,0.18333333333333332,0.8166666666666667,0.15,0.85,0.3068181818181818,0.625,0.7954545454545454
mistral7b_v03,Mistral,commonsenseqa,42,pca_hidden_embeddings__logreg,0.16502967032906907,0.11656008537836754,0.04846958495070153,0.2375,0.7625,0.17777777777777778,0.8222222222222222,0.125,0.875,0.3522727272727273,0.6363636363636364,0.8295454545454546
mistral7b_v03,Mistral,commonsenseqa,42,pca_hidden_embeddings__mlp,0.1728352365337218,0.12436565158302026,0.04846958495070153,0.25416666666666665,0.7458333333333333,0.19444444444444445,0.8055555555555556,0.175,0.825,0.3068181818181818,0.6022727272727273,0.7613636363636364
mistral7b_v03,Mistral,commonsenseqa,42,pca_hidden_embeddings__extratrees,0.16956897928475612,0.12109939433405459,0.04846958495070153,0.25416666666666665,0.7458333333333333,0.2,0.8,0.13333333333333333,0.8666666666666667,0.3068181818181818,0.5909090909090909,0.8181818181818182
mistral7b_v03,Mistral,commonsenseqa,42,pca_hidden_embeddings__hgb,0.1957550223026431,0.14728543735194158,0.04846958495070153,0.24583333333333332,0.7541666666666667,0.2222222222222222,0.7777777777777778,0.15,0.85,0.32954545454545453,0.5454545454545454,0.7954545454545454
mistral7b_v03,Mistral,commonsenseqa,42,cheap_plus_pca_hidden__logreg,0.17483795329360038,0.12636836834289886,0.04846958495070153,0.23333333333333334,0.7666666666666666,0.2,0.8,0.14166666666666666,0.8583333333333334,0.36363636363636365,0.5909090909090909,0.8068181818181818
mistral7b_v03,Mistral,commonsenseqa,42,cheap_plus_pca_hidden__mlp,0.18743818163047016,0.13896859667976863,0.04846958495070153,0.25,0.75,0.20555555555555555,0.7944444444444445,0.15833333333333333,0.8416666666666667,0.3181818181818182,0.5795454545454546,0.7840909090909091
mistral7b_v03,Mistral,commonsenseqa,42,cheap_plus_pca_hidden__extratrees,0.1641199522628593,0.11565036731215778,0.04846958495070153,0.25,0.75,0.18333333333333332,0.8166666666666667,0.10833333333333334,0.8916666666666666,0.3181818181818182,0.625,0.8522727272727273
mistral7b_v03,Mistral,commonsenseqa,42,cheap_plus_pca_hidden__hgb,0.17174708835260602,0.12327750340190449,0.04846958495070153,0.2375,0.7625,0.21666666666666667,0.7833333333333333,0.13333333333333333,0.8666666666666667,0.3522727272727273,0.5568181818181818,0.8181818181818182
mistral7b_v03,Mistral,commonsenseqa,7,direct_pmax,0.17222588687607862,0.1237563019253771,0.04846958495070153,0.25,0.75,0.16666666666666666,0.8333333333333334,0.1,0.9,0.3181818181818182,0.6590909090909091,0.8636363636363636
mistral7b_v03,Mistral,commonsenseqa,7,cheap_confidence_option__logreg,0.1409781931640282,0.09250860821332668,0.04846958495070153,0.22916666666666666,0.7708333333333334,0.16666666666666666,0.8333333333333334,0.09166666666666666,0.9083333333333333,0.375,0.6590909090909091,0.875
mistral7b_v03,Mistral,commonsenseqa,7,cheap_confidence_option__mlp,0.15746739932970932,0.1089978143790078,0.04846958495070153,0.2375,0.7625,0.17222222222222222,0.8277777777777777,0.10833333333333334,0.8916666666666666,0.3522727272727273,0.6477272727272727,0.8522727272727273
mistral7b_v03,Mistral,commonsenseqa,7,cheap_confidence_option__extratrees,0.1595159732237009,0.11104638827299937,0.04846958495070153,0.24166666666666667,0.7583333333333333,0.18888888888888888,0.8111111111111111,0.11666666666666667,0.8833333333333333,0.3409090909090909,0.6136363636363636,0.8409090909090909
mistral7b_v03,Mistral,commonsenseqa,7,cheap_confidence_option__hgb,0.1901904355988882,0.14172085064818668,0.04846958495070153,0.2375,0.7625,0.19444444444444445,0.8055555555555556,0.15833333333333333,0.8416666666666667,0.3522727272727273,0.6022727272727273,0.7840909090909091
mistral7b_v03,Mistral,commonsenseqa,7,hidden_summary_only__logreg,0.17405434695167357,0.12558476200097204,0.04846958495070153,0.25833333333333336,0.7416666666666667,0.21666666666666667,0.7833333333333333,0.175,0.825,0.29545454545454547,0.5568181818181818,0.7613636363636364
mistral7b_v03,Mistral,commonsenseqa,7,hidden_summary_only__mlp,0.21881197300402125,0.17034238805331972,0.04846958495070153,0.2375,0.7625,0.23333333333333334,0.7666666666666666,0.225,0.775,0.3522727272727273,0.5227272727272727,0.6931818181818182
mistral7b_v03,Mistral,commonsenseqa,7,hidden_summary_only__extratrees,0.21381212025461935,0.16534253530391782,0.04846958495070153,0.24583333333333332,0.7541666666666667,0.2,0.8,0.19166666666666668,0.8083333333333333,0.32954545454545453,0.5909090909090909,0.7386363636363636
mistral7b_v03,Mistral,commonsenseqa,7,hidden_summary_only__hgb,0.20889232352968953,0.160422738578988,0.04846958495070153,0.25,0.75,0.22777777777777777,0.7722222222222223,0.225,0.775,0.3181818181818182,0.5340909090909091,0.6931818181818182
mistral7b_v03,Mistral,commonsenseqa,7,cheap_plus_hidden_summary__logreg,0.14024516956091262,0.0917755846102111,0.04846958495070153,0.24583333333333332,0.7541666666666667,0.1388888888888889,0.8611111111111112,0.09166666666666666,0.9083333333333333,0.32954545454545453,0.7159090909090909,0.875
mistral7b_v03,Mistral,commonsenseqa,7,cheap_plus_hidden_summary__mlp,0.17027820716743458,0.12180862221673305,0.04846958495070153,0.25,0.75,0.17777777777777778,0.8222222222222222,0.15,0.85,0.3181818181818182,0.6363636363636364,0.7954545454545454
mistral7b_v03,Mistral,commonsenseqa,7,cheap_plus_hidden_summary__extratrees,0.1504895598118499,0.10201997486114836,0.04846958495070153,0.24166666666666667,0.7583333333333333,0.15555555555555556,0.8444444444444444,0.11666666666666667,0.8833333333333333,0.3409090909090909,0.6818181818181818,0.8409090909090909
mistral7b_v03,Mistral,commonsenseqa,7,cheap_plus_hidden_summary__hgb,0.1624200541902114,0.11395046923950988,0.04846958495070153,0.2375,0.7625,0.17222222222222222,0.8277777777777777,0.13333333333333333,0.8666666666666667,0.3522727272727273,0.6477272727272727,0.8181818181818182
mistral7b_v03,Mistral,commonsenseqa,7,pca_hidden_embeddings__logreg,0.14667030378973686,0.09820071883903533,0.04846958495070153,0.24583333333333332,0.7541666666666667,0.17222222222222222,0.8277777777777777,0.1,0.9,0.32954545454545453,0.6477272727272727,0.8636363636363636
mistral7b_v03,Mistral,commonsenseqa,7,pca_hidden_embeddings__mlp,0.15712935715558024,0.10865977220487871,0.04846958495070153,0.25,0.75,0.2,0.8,0.13333333333333333,0.8666666666666667,0.3181818181818182,0.5909090909090909,0.8181818181818182
mistral7b_v03,Mistral,commonsenseqa,7,pca_hidden_embeddings__extratrees,0.15307842059170476,0.10460883564100323,0.04846958495070153,0.25416666666666665,0.7458333333333333,0.17777777777777778,0.8222222222222222,0.14166666666666666,0.8583333333333334,0.3068181818181818,0.6363636363636364,0.8068181818181818
mistral7b_v03,Mistral,commonsenseqa,7,pca_hidden_embeddings__hgb,0.17196735347969214,0.12349776852899061,0.04846958495070153,0.2375,0.7625,0.21666666666666667,0.7833333333333333,0.175,0.825,0.3522727272727273,0.5568181818181818,0.7613636363636364
mistral7b_v03,Mistral,commonsenseqa,7,cheap_plus_pca_hidden__logreg,0.13799584711904553,0.089526262168344,0.04846958495070153,0.23333333333333334,0.7666666666666666,0.17777777777777778,0.8222222222222222,0.09166666666666666,0.9083333333333333,0.36363636363636365,0.6363636363636364,0.875
mistral7b_v03,Mistral,commonsenseqa,7,cheap_plus_pca_hidden__mlp,0.1536722426109986,0.10520265766029707,0.04846958495070153,0.24166666666666667,0.7583333333333333,0.18333333333333332,0.8166666666666667,0.14166666666666666,0.8583333333333334,0.3409090909090909,0.625,0.8068181818181818
mistral7b_v03,Mistral,commonsenseqa,7,cheap_plus_pca_hidden__extratrees,0.1430195494782413,0.09454996452753978,0.04846958495070153,0.25,0.75,0.16111111111111112,0.8388888888888889,0.075,0.925,0.3181818181818182,0.6704545454545454,0.8977272727272727
mistral7b_v03,Mistral,commonsenseqa,7,cheap_plus_pca_hidden__hgb,0.1734152259128108,0.12494564096210928,0.04846958495070153,0.25416666666666665,0.7458333333333333,0.18333333333333332,0.8166666666666667,0.11666666666666667,0.8833333333333333,0.3068181818181818,0.625,0.8409090909090909
mistral7b_v03,Mistral,commonsenseqa,123,direct_pmax,0.15125828155417062,0.10278869660346909,0.04846958495070153,0.22083333333333333,0.7791666666666667,0.16111111111111112,0.8388888888888889,0.1,0.9,0.3977272727272727,0.6704545454545454,0.8636363636363636
mistral7b_v03,Mistral,commonsenseqa,123,cheap_confidence_option__logreg,0.14583246876088693,0.0973628838101854,0.04846958495070153,0.22916666666666666,0.7708333333333334,0.15555555555555556,0.8444444444444444,0.10833333333333334,0.8916666666666666,0.375,0.6818181818181818,0.8522727272727273
mistral7b_v03,Mistral,commonsenseqa,123,cheap_confidence_option__mlp,0.13930155468531288,0.09083196973461136,0.04846958495070153,0.22083333333333333,0.7791666666666667,0.15555555555555556,0.8444444444444444,0.10833333333333334,0.8916666666666666,0.3977272727272727,0.6818181818181818,0.8522727272727273
mistral7b_v03,Mistral,commonsenseqa,123,cheap_confidence_option__extratrees,0.16244604582172792,0.11397646087102639,0.04846958495070153,0.24166666666666667,0.7583333333333333,0.17222222222222222,0.8277777777777777,0.13333333333333333,0.8666666666666667,0.3409090909090909,0.6477272727272727,0.8181818181818182
mistral7b_v03,Mistral,commonsenseqa,123,cheap_confidence_option__hgb,0.18926457172800468,0.14079498677730315,0.04846958495070153,0.2625,0.7375,0.18888888888888888,0.8111111111111111,0.13333333333333333,0.8666666666666667,0.2840909090909091,0.6136363636363636,0.8181818181818182
mistral7b_v03,Mistral,commonsenseqa,123,hidden_summary_only__logreg,0.17812872771376725,0.12965914276306573,0.04846958495070153,0.23333333333333334,0.7666666666666666,0.15555555555555556,0.8444444444444444,0.14166666666666666,0.8583333333333334,0.36363636363636365,0.6818181818181818,0.8068181818181818
mistral7b_v03,Mistral,commonsenseqa,123,hidden_summary_only__mlp,0.19651318653728533,0.1480436015865838,0.04846958495070153,0.2375,0.7625,0.2,0.8,0.15833333333333333,0.8416666666666667,0.3522727272727273,0.5909090909090909,0.7840909090909091
mistral7b_v03,Mistral,commonsenseqa,123,hidden_summary_only__extratrees,0.17363470435005157,0.12516511939935004,0.04846958495070153,0.24583333333333332,0.7541666666666667,0.20555555555555555,0.7944444444444445,0.15833333333333333,0.8416666666666667,0.32954545454545453,0.5795454545454546,0.7840909090909091
mistral7b_v03,Mistral,commonsenseqa,123,hidden_summary_only__hgb,0.18364137928056926,0.13517179432986773,0.04846958495070153,0.25,0.75,0.21666666666666667,0.7833333333333333,0.16666666666666666,0.8333333333333334,0.3181818181818182,0.5568181818181818,0.7727272727272727
mistral7b_v03,Mistral,commonsenseqa,123,cheap_plus_hidden_summary__logreg,0.1423401063683668,0.09387052141766528,0.04846958495070153,0.22916666666666666,0.7708333333333334,0.1388888888888889,0.8611111111111112,0.09166666666666666,0.9083333333333333,0.375,0.7159090909090909,0.875
mistral7b_v03,Mistral,commonsenseqa,123,cheap_plus_hidden_summary__mlp,0.16853821332749044,0.12006862837678892,0.04846958495070153,0.22916666666666666,0.7708333333333334,0.19444444444444445,0.8055555555555556,0.15833333333333333,0.8416666666666667,0.375,0.6022727272727273,0.7840909090909091
mistral7b_v03,Mistral,commonsenseqa,123,cheap_plus_hidden_summary__extratrees,0.1488721176318539,0.10040253268115237,0.04846958495070153,0.23333333333333334,0.7666666666666666,0.15555555555555556,0.8444444444444444,0.1,0.9,0.36363636363636365,0.6818181818181818,0.8636363636363636
mistral7b_v03,Mistral,commonsenseqa,123,cheap_plus_hidden_summary__hgb,0.14846399117611384,0.09999440622541231,0.04846958495070153,0.24166666666666667,0.7583333333333333,0.17777777777777778,0.8222222222222222,0.11666666666666667,0.8833333333333333,0.3409090909090909,0.6363636363636364,0.8409090909090909
mistral7b_v03,Mistral,commonsenseqa,123,pca_hidden_embeddings__logreg,0.1496495889532034,0.10118000400250188,0.04846958495070153,0.24166666666666667,0.7583333333333333,0.15555555555555556,0.8444444444444444,0.09166666666666666,0.9083333333333333,0.3409090909090909,0.6818181818181818,0.875
mistral7b_v03,Mistral,commonsenseqa,123,pca_hidden_embeddings__mlp,0.19356194822348313,0.1450923632727816,0.04846958495070153,0.24166666666666667,0.7583333333333333,0.2111111111111111,0.7888888888888889,0.175,0.825,0.3409090909090909,0.5681818181818182,0.7613636363636364
mistral7b_v03,Mistral,commonsenseqa,123,pca_hidden_embeddings__extratrees,0.15543526498720334,0.10696568003650181,0.04846958495070153,0.24583333333333332,0.7541666666666667,0.17777777777777778,0.8222222222222222,0.1,0.9,0.32954545454545453,0.6363636363636364,0.8636363636363636
mistral7b_v03,Mistral,commonsenseqa,123,pca_hidden_embeddings__hgb,0.1666807611635644,0.11821117621286287,0.04846958495070153,0.25833333333333336,0.7416666666666667,0.20555555555555555,0.7944444444444445,0.14166666666666666,0.8583333333333334,0.29545454545454547,0.5795454545454546,0.8068181818181818
mistral7b_v03,Mistral,commonsenseqa,123,cheap_plus_pca_hidden__logreg,0.147666165548579,0.09919658059787748,0.04846958495070153,0.24166666666666667,0.7583333333333333,0.17777777777777778,0.8222222222222222,0.11666666666666667,0.8833333333333333,0.3409090909090909,0.6363636363636364,0.8409090909090909
mistral7b_v03,Mistral,commonsenseqa,123,cheap_plus_pca_hidden__mlp,0.3004806173375538,0.2520110323868523,0.04846958495070153,0.2833333333333333,0.7166666666666667,0.29444444444444445,0.7055555555555555,0.3333333333333333,0.6666666666666667,0.22727272727272727,0.3977272727272727,0.5454545454545454
mistral7b_v03,Mistral,commonsenseqa,123,cheap_plus_pca_hidden__extratrees,0.14277798448267767,0.09430839953197614,0.04846958495070153,0.225,0.775,0.15,0.85,0.125,0.875,0.38636363636363635,0.6931818181818182,0.8295454545454546
mistral7b_v03,Mistral,commonsenseqa,123,cheap_plus_pca_hidden__hgb,0.15512364658687072,0.1066540616361692,0.04846958495070153,0.24583333333333332,0.7541666666666667,0.17222222222222222,0.8277777777777777,0.11666666666666667,0.8833333333333333,0.32954545454545453,0.6477272727272727,0.8409090909090909
mistral7b_v03,Mistral,commonsenseqa,777,direct_pmax,0.14456680073154682,0.09609721578084529,0.04846958495070153,0.2375,0.7625,0.16666666666666666,0.8333333333333334,0.08333333333333333,0.9166666666666666,0.3522727272727273,0.6590909090909091,0.8863636363636364
mistral7b_v03,Mistral,commonsenseqa,777,cheap_confidence_option__logreg,0.14079284063740516,0.09232325568670363,0.04846958495070153,0.24166666666666667,0.7583333333333333,0.14444444444444443,0.8555555555555556,0.1,0.9,0.3409090909090909,0.7045454545454546,0.8636363636363636
mistral7b_v03,Mistral,commonsenseqa,777,cheap_confidence_option__mlp,0.23851466172273508,0.19004507677203356,0.04846958495070153,0.25833333333333336,0.7416666666666667,0.25555555555555554,0.7444444444444445,0.26666666666666666,0.7333333333333334,0.29545454545454547,0.4772727272727273,0.6363636363636364
mistral7b_v03,Mistral,commonsenseqa,777,cheap_confidence_option__extratrees,0.16347020205541712,0.1150006171047156,0.04846958495070153,0.2375,0.7625,0.18333333333333332,0.8166666666666667,0.125,0.875,0.3522727272727273,0.625,0.8295454545454546
mistral7b_v03,Mistral,commonsenseqa,777,cheap_confidence_option__hgb,0.18268430031273433,0.1342147153620328,0.04846958495070153,0.2708333333333333,0.7291666666666667,0.19444444444444445,0.8055555555555556,0.15833333333333333,0.8416666666666667,0.26136363636363635,0.6022727272727273,0.7840909090909091
mistral7b_v03,Mistral,commonsenseqa,777,hidden_summary_only__logreg,0.1680882892221309,0.11961870427142937,0.04846958495070153,0.24583333333333332,0.7541666666666667,0.20555555555555555,0.7944444444444445,0.15833333333333333,0.8416666666666667,0.32954545454545453,0.5795454545454546,0.7840909090909091
mistral7b_v03,Mistral,commonsenseqa,777,hidden_summary_only__mlp,0.30172372331947106,0.25325413836876953,0.04846958495070153,0.2625,0.7375,0.22777777777777777,0.7722222222222223,0.24166666666666667,0.7583333333333333,0.2840909090909091,0.5340909090909091,0.6704545454545454
mistral7b_v03,Mistral,commonsenseqa,777,hidden_summary_only__extratrees,0.20008919979925183,0.1516196148485503,0.04846958495070153,0.24583333333333332,0.7541666666666667,0.2388888888888889,0.7611111111111111,0.18333333333333332,0.8166666666666667,0.32954545454545453,0.5113636363636364,0.75
mistral7b_v03,Mistral,commonsenseqa,777,hidden_summary_only__hgb,0.18326579489609804,0.1347962099453965,0.04846958495070153,0.2625,0.7375,0.2111111111111111,0.7888888888888889,0.175,0.825,0.2840909090909091,0.5681818181818182,0.7613636363636364
mistral7b_v03,Mistral,commonsenseqa,777,cheap_plus_hidden_summary__logreg,0.1432850901212087,0.09481550517050719,0.04846958495070153,0.22916666666666666,0.7708333333333334,0.18333333333333332,0.8166666666666667,0.09166666666666666,0.9083333333333333,0.375,0.625,0.875
mistral7b_v03,Mistral,commonsenseqa,777,cheap_plus_hidden_summary__mlp,0.16610279644390735,0.11763321149320582,0.04846958495070153,0.22916666666666666,0.7708333333333334,0.14444444444444443,0.8555555555555556,0.11666666666666667,0.8833333333333333,0.375,0.7045454545454546,0.8409090909090909
mistral7b_v03,Mistral,commonsenseqa,777,cheap_plus_hidden_summary__extratrees,0.15061788353755612,0.10214829858685459,0.04846958495070153,0.2125,0.7875,0.17222222222222222,0.8277777777777777,0.125,0.875,0.42045454545454547,0.6477272727272727,0.8295454545454546
mistral7b_v03,Mistral,commonsenseqa,777,cheap_plus_hidden_summary__hgb,0.16410851949242405,0.11563893454172253,0.04846958495070153,0.2375,0.7625,0.18888888888888888,0.8111111111111111,0.13333333333333333,0.8666666666666667,0.3522727272727273,0.6136363636363636,0.8181818181818182
mistral7b_v03,Mistral,commonsenseqa,777,pca_hidden_embeddings__logreg,0.15156186436577154,0.10309227941507002,0.04846958495070153,0.25,0.75,0.19444444444444445,0.8055555555555556,0.15833333333333333,0.8416666666666667,0.3181818181818182,0.6022727272727273,0.7840909090909091
mistral7b_v03,Mistral,commonsenseqa,777,pca_hidden_embeddings__mlp,0.19341106695930352,0.144941482008602,0.04846958495070153,0.25833333333333336,0.7416666666666667,0.21666666666666667,0.7833333333333333,0.16666666666666666,0.8333333333333334,0.29545454545454547,0.5568181818181818,0.7727272727272727
mistral7b_v03,Mistral,commonsenseqa,777,pca_hidden_embeddings__extratrees,0.1560665268547776,0.10759694190407607,0.04846958495070153,0.25416666666666665,0.7458333333333333,0.17777777777777778,0.8222222222222222,0.125,0.875,0.3068181818181818,0.6363636363636364,0.8295454545454546
mistral7b_v03,Mistral,commonsenseqa,777,pca_hidden_embeddings__hgb,0.18086473667279945,0.13239515172209793,0.04846958495070153,0.24583333333333332,0.7541666666666667,0.2,0.8,0.15833333333333333,0.8416666666666667,0.32954545454545453,0.5909090909090909,0.7840909090909091
mistral7b_v03,Mistral,commonsenseqa,777,cheap_plus_pca_hidden__logreg,0.14172858137429883,0.0932589964235973,0.04846958495070153,0.2375,0.7625,0.17777777777777778,0.8222222222222222,0.14166666666666666,0.8583333333333334,0.3522727272727273,0.6363636363636364,0.8068181818181818
mistral7b_v03,Mistral,commonsenseqa,777,cheap_plus_pca_hidden__mlp,0.2235947215104838,0.17512513655978226,0.04846958495070153,0.24583333333333332,0.7541666666666667,0.25,0.75,0.25833333333333336,0.7416666666666667,0.32954545454545453,0.48863636363636365,0.6477272727272727
mistral7b_v03,Mistral,commonsenseqa,777,cheap_plus_pca_hidden__extratrees,0.1376925267361652,0.08922294178546367,0.04846958495070153,0.23333333333333334,0.7666666666666666,0.16111111111111112,0.8388888888888889,0.075,0.925,0.36363636363636365,0.6704545454545454,0.8977272727272727
mistral7b_v03,Mistral,commonsenseqa,777,cheap_plus_pca_hidden__hgb,0.16083748051788008,0.11236789556717855,0.04846958495070153,0.25,0.75,0.2,0.8,0.11666666666666667,0.8833333333333333,0.3181818181818182,0.5909090909090909,0.8409090909090909
mistral7b_v03,Mistral,commonsenseqa,2025,direct_pmax,0.14861370919091654,0.10014412424021502,0.04846958495070153,0.225,0.775,0.16111111111111112,0.8388888888888889,0.11666666666666667,0.8833333333333333,0.38636363636363635,0.6704545454545454,0.8409090909090909
mistral7b_v03,Mistral,commonsenseqa,2025,cheap_confidence_option__logreg,0.14632458568250437,0.09785500073180284,0.04846958495070153,0.2375,0.7625,0.13333333333333333,0.8666666666666667,0.1,0.9,0.3522727272727273,0.7272727272727273,0.8636363636363636
mistral7b_v03,Mistral,commonsenseqa,2025,cheap_confidence_option__mlp,0.15381414431876017,0.10534455936805864,0.04846958495070153,0.225,0.775,0.17777777777777778,0.8222222222222222,0.10833333333333334,0.8916666666666666,0.38636363636363635,0.6363636363636364,0.8522727272727273
mistral7b_v03,Mistral,commonsenseqa,2025,cheap_confidence_option__extratrees,0.15541182448044788,0.10694223952974635,0.04846958495070153,0.2375,0.7625,0.16666666666666666,0.8333333333333334,0.13333333333333333,0.8666666666666667,0.3522727272727273,0.6590909090909091,0.8181818181818182
mistral7b_v03,Mistral,commonsenseqa,2025,cheap_confidence_option__hgb,0.1868407524859805,0.13837116753527898,0.04846958495070153,0.26666666666666666,0.7333333333333334,0.2111111111111111,0.7888888888888889,0.13333333333333333,0.8666666666666667,0.2727272727272727,0.5681818181818182,0.8181818181818182
mistral7b_v03,Mistral,commonsenseqa,2025,hidden_summary_only__logreg,0.1769918884062616,0.12852230345556007,0.04846958495070153,0.24583333333333332,0.7541666666666667,0.17222222222222222,0.8277777777777777,0.14166666666666666,0.8583333333333334,0.32954545454545453,0.6477272727272727,0.8068181818181818
mistral7b_v03,Mistral,commonsenseqa,2025,hidden_summary_only__mlp,0.18586813647026734,0.13739855151956581,0.04846958495070153,0.25,0.75,0.2,0.8,0.16666666666666666,0.8333333333333334,0.3181818181818182,0.5909090909090909,0.7727272727272727
mistral7b_v03,Mistral,commonsenseqa,2025,hidden_summary_only__extratrees,0.16974296657081786,0.12127338162011633,0.04846958495070153,0.24583333333333332,0.7541666666666667,0.17222222222222222,0.8277777777777777,0.15,0.85,0.32954545454545453,0.6477272727272727,0.7954545454545454
mistral7b_v03,Mistral,commonsenseqa,2025,hidden_summary_only__hgb,0.18550057628329872,0.1370309913325972,0.04846958495070153,0.2708333333333333,0.7291666666666667,0.22777777777777777,0.7722222222222223,0.15833333333333333,0.8416666666666667,0.26136363636363635,0.5340909090909091,0.7840909090909091
mistral7b_v03,Mistral,commonsenseqa,2025,cheap_plus_hidden_summary__logreg,0.14646456347400677,0.09799497852330524,0.04846958495070153,0.24166666666666667,0.7583333333333333,0.1388888888888889,0.8611111111111112,0.11666666666666667,0.8833333333333333,0.3409090909090909,0.7159090909090909,0.8409090909090909
mistral7b_v03,Mistral,commonsenseqa,2025,cheap_plus_hidden_summary__mlp,0.16828283427567442,0.11981324932497289,0.04846958495070153,0.22916666666666666,0.7708333333333334,0.17222222222222222,0.8277777777777777,0.13333333333333333,0.8666666666666667,0.375,0.6477272727272727,0.8181818181818182
mistral7b_v03,Mistral,commonsenseqa,2025,cheap_plus_hidden_summary__extratrees,0.13663570360176028,0.08816611865105875,0.04846958495070153,0.22916666666666666,0.7708333333333334,0.15555555555555556,0.8444444444444444,0.08333333333333333,0.9166666666666666,0.375,0.6818181818181818,0.8863636363636364
mistral7b_v03,Mistral,commonsenseqa,2025,cheap_plus_hidden_summary__hgb,0.170100769748131,0.12163118479742946,0.04846958495070153,0.24166666666666667,0.7583333333333333,0.2,0.8,0.13333333333333333,0.8666666666666667,0.3409090909090909,0.5909090909090909,0.8181818181818182
mistral7b_v03,Mistral,commonsenseqa,2025,pca_hidden_embeddings__logreg,0.15390257488067885,0.10543298992997732,0.04846958495070153,0.2375,0.7625,0.18333333333333332,0.8166666666666667,0.11666666666666667,0.8833333333333333,0.3522727272727273,0.625,0.8409090909090909
mistral7b_v03,Mistral,commonsenseqa,2025,pca_hidden_embeddings__mlp,0.15888702605389787,0.11041744110319635,0.04846958495070153,0.24583333333333332,0.7541666666666667,0.17222222222222222,0.8277777777777777,0.14166666666666666,0.8583333333333334,0.32954545454545453,0.6477272727272727,0.8068181818181818
mistral7b_v03,Mistral,commonsenseqa,2025,pca_hidden_embeddings__extratrees,0.15086746524820294,0.10239788029750141,0.04846958495070153,0.25,0.75,0.16666666666666666,0.8333333333333334,0.10833333333333334,0.8916666666666666,0.3181818181818182,0.6590909090909091,0.8522727272727273
mistral7b_v03,Mistral,commonsenseqa,2025,pca_hidden_embeddings__hgb,0.19024749240440944,0.1417779074537079,0.04846958495070153,0.25833333333333336,0.7416666666666667,0.21666666666666667,0.7833333333333333,0.175,0.825,0.29545454545454547,0.5568181818181818,0.7613636363636364
mistral7b_v03,Mistral,commonsenseqa,2025,cheap_plus_pca_hidden__logreg,0.1468340546439287,0.09836446969322718,0.04846958495070153,0.225,0.775,0.17777777777777778,0.8222222222222222,0.10833333333333334,0.8916666666666666,0.38636363636363635,0.6363636363636364,0.8522727272727273
mistral7b_v03,Mistral,commonsenseqa,2025,cheap_plus_pca_hidden__mlp,0.2016732042907298,0.15320361934002827,0.04846958495070153,0.2375,0.7625,0.2222222222222222,0.7777777777777778,0.18333333333333332,0.8166666666666667,0.3522727272727273,0.5454545454545454,0.75
mistral7b_v03,Mistral,commonsenseqa,2025,cheap_plus_pca_hidden__extratrees,0.1483008192310774,0.09983123428037588,0.04846958495070153,0.22916666666666666,0.7708333333333334,0.15,0.85,0.1,0.9,0.375,0.6931818181818182,0.8636363636363636
mistral7b_v03,Mistral,commonsenseqa,2025,cheap_plus_pca_hidden__hgb,0.16810553776325393,0.1196359528125524,0.04846958495070153,0.25416666666666665,0.7458333333333333,0.18333333333333332,0.8166666666666667,0.13333333333333333,0.8666666666666667,0.3068181818181818,0.625,0.8181818181818182
mistral7b_v03,Mistral,hellaswag,42,direct_pmax,0.17194455100025025,0.11869691388359477,0.05324763711665547,0.25833333333333336,0.7416666666666667,0.2222222222222222,0.7777777777777778,0.15,0.85,0.32608695652173914,0.5652173913043478,0.8043478260869565
mistral7b_v03,Mistral,hellaswag,42,cheap_confidence_option__logreg,0.17098003858410507,0.1177324014674496,0.05324763711665547,0.2625,0.7375,0.18888888888888888,0.8111111111111111,0.125,0.875,0.31521739130434784,0.6304347826086957,0.8369565217391305
mistral7b_v03,Mistral,hellaswag,42,cheap_confidence_option__mlp,0.17373505672915546,0.12048741961249998,0.05324763711665547,0.25833333333333336,0.7416666666666667,0.20555555555555555,0.7944444444444445,0.18333333333333332,0.8166666666666667,0.32608695652173914,0.5978260869565217,0.7608695652173914
mistral7b_v03,Mistral,hellaswag,42,cheap_confidence_option__extratrees,0.16462263111033115,0.11137499399367567,0.05324763711665547,0.25,0.75,0.18888888888888888,0.8111111111111111,0.125,0.875,0.34782608695652173,0.6304347826086957,0.8369565217391305
mistral7b_v03,Mistral,hellaswag,42,cheap_confidence_option__hgb,0.15399368369267255,0.10074604657601707,0.05324763711665547,0.25416666666666665,0.7458333333333333,0.19444444444444445,0.8055555555555556,0.1,0.9,0.33695652173913043,0.6195652173913043,0.8695652173913043
mistral7b_v03,Mistral,hellaswag,42,hidden_summary_only__logreg,0.14685447853543473,0.09360684141877926,0.05324763711665547,0.25,0.75,0.18888888888888888,0.8111111111111111,0.1,0.9,0.34782608695652173,0.6304347826086957,0.8695652173913043
mistral7b_v03,Mistral,hellaswag,42,hidden_summary_only__mlp,0.17137715494394617,0.1181295178272907,0.05324763711665547,0.24583333333333332,0.7541666666666667,0.19444444444444445,0.8055555555555556,0.15833333333333333,0.8416666666666667,0.358695652173913,0.6195652173913043,0.7934782608695652
mistral7b_v03,Mistral,hellaswag,42,hidden_summary_only__extratrees,0.15786809980253871,0.10462046268588324,0.05324763711665547,0.22916666666666666,0.7708333333333334,0.18888888888888888,0.8111111111111111,0.125,0.875,0.40217391304347827,0.6304347826086957,0.8369565217391305
mistral7b_v03,Mistral,hellaswag,42,hidden_summary_only__hgb,0.1919435508335214,0.13869591371686593,0.05324763711665547,0.25,0.75,0.21666666666666667,0.7833333333333333,0.16666666666666666,0.8333333333333334,0.34782608695652173,0.5760869565217391,0.782608695652174
mistral7b_v03,Mistral,hellaswag,42,cheap_plus_hidden_summary__logreg,0.13842210782978273,0.08517447071312725,0.05324763711665547,0.2708333333333333,0.7291666666666667,0.16666666666666666,0.8333333333333334,0.08333333333333333,0.9166666666666666,0.29347826086956524,0.6739130434782609,0.8913043478260869
mistral7b_v03,Mistral,hellaswag,42,cheap_plus_hidden_summary__mlp,0.1694245868388233,0.11617694972216783,0.05324763711665547,0.24583333333333332,0.7541666666666667,0.2,0.8,0.13333333333333333,0.8666666666666667,0.358695652173913,0.6086956521739131,0.8260869565217391
mistral7b_v03,Mistral,hellaswag,42,cheap_plus_hidden_summary__extratrees,0.1453856706060353,0.09213803348937982,0.05324763711665547,0.25416666666666665,0.7458333333333333,0.18888888888888888,0.8111111111111111,0.10833333333333334,0.8916666666666666,0.33695652173913043,0.6304347826086957,0.8586956521739131
mistral7b_v03,Mistral,hellaswag,42,cheap_plus_hidden_summary__hgb,0.15460040699136116,0.10135276987470568,0.05324763711665547,0.25416666666666665,0.7458333333333333,0.19444444444444445,0.8055555555555556,0.125,0.875,0.33695652173913043,0.6195652173913043,0.8369565217391305
mistral7b_v03,Mistral,hellaswag,42,pca_hidden_embeddings__logreg,0.14831803613290187,0.09507039901624639,0.05324763711665547,0.26666666666666666,0.7333333333333334,0.2111111111111111,0.7888888888888889,0.075,0.925,0.30434782608695654,0.5869565217391305,0.9021739130434783
mistral7b_v03,Mistral,hellaswag,42,pca_hidden_embeddings__mlp,0.20549956576389072,0.15225192864723525,0.05324763711665547,0.26666666666666666,0.7333333333333334,0.21666666666666667,0.7833333333333333,0.2,0.8,0.30434782608695654,0.5760869565217391,0.7391304347826086
mistral7b_v03,Mistral,hellaswag,42,pca_hidden_embeddings__extratrees,0.13082276527972064,0.07757512816306517,0.05324763711665547,0.24166666666666667,0.7583333333333333,0.17222222222222222,0.8277777777777777,0.08333333333333333,0.9166666666666666,0.3695652173913043,0.6630434782608695,0.8913043478260869
mistral7b_v03,Mistral,hellaswag,42,pca_hidden_embeddings__hgb,0.17715151175151175,0.12390387463485628,0.05324763711665547,0.24583333333333332,0.7541666666666667,0.18888888888888888,0.8111111111111111,0.15,0.85,0.358695652173913,0.6304347826086957,0.8043478260869565
mistral7b_v03,Mistral,hellaswag,42,cheap_plus_pca_hidden__logreg,0.1462379497401433,0.09299031262348784,0.05324763711665547,0.25,0.75,0.2111111111111111,0.7888888888888889,0.08333333333333333,0.9166666666666666,0.34782608695652173,0.5869565217391305,0.8913043478260869
mistral7b_v03,Mistral,hellaswag,42,cheap_plus_pca_hidden__mlp,0.14167177265058145,0.08842413553392597,0.05324763711665547,0.24583333333333332,0.7541666666666667,0.18333333333333332,0.8166666666666667,0.10833333333333334,0.8916666666666666,0.358695652173913,0.6413043478260869,0.8586956521739131
mistral7b_v03,Mistral,hellaswag,42,cheap_plus_pca_hidden__extratrees,0.14218689339662527,0.08893925627996979,0.05324763711665547,0.23333333333333334,0.7666666666666666,0.18333333333333332,0.8166666666666667,0.10833333333333334,0.8916666666666666,0.391304347826087,0.6413043478260869,0.8586956521739131
mistral7b_v03,Mistral,hellaswag,42,cheap_plus_pca_hidden__hgb,0.1560520560857137,0.10280441896905823,0.05324763711665547,0.25416666666666665,0.7458333333333333,0.19444444444444445,0.8055555555555556,0.13333333333333333,0.8666666666666667,0.33695652173913043,0.6195652173913043,0.8260869565217391
mistral7b_v03,Mistral,hellaswag,7,direct_pmax,0.18298945201818714,0.12974181490153167,0.05324763711665547,0.26666666666666666,0.7333333333333334,0.2,0.8,0.175,0.825,0.30434782608695654,0.6086956521739131,0.7717391304347826
mistral7b_v03,Mistral,hellaswag,7,cheap_confidence_option__logreg,0.17712979859028596,0.12388216147363049,0.05324763711665547,0.25833333333333336,0.7416666666666667,0.2,0.8,0.13333333333333333,0.8666666666666667,0.32608695652173914,0.6086956521739131,0.8260869565217391
mistral7b_v03,Mistral,hellaswag,7,cheap_confidence_option__mlp,0.18687197558479568,0.1336243384681402,0.05324763711665547,0.25,0.75,0.20555555555555555,0.7944444444444445,0.14166666666666666,0.8583333333333334,0.34782608695652173,0.5978260869565217,0.8152173913043478
mistral7b_v03,Mistral,hellaswag,7,cheap_confidence_option__extratrees,0.19760794288252193,0.14436030576586645,0.05324763711665547,0.24583333333333332,0.7541666666666667,0.2222222222222222,0.7777777777777778,0.15,0.85,0.358695652173913,0.5652173913043478,0.8043478260869565
mistral7b_v03,Mistral,hellaswag,7,cheap_confidence_option__hgb,0.19320448539311466,0.13995684827645918,0.05324763711665547,0.25,0.75,0.23333333333333334,0.7666666666666666,0.15,0.85,0.34782608695652173,0.5434782608695652,0.8043478260869565
mistral7b_v03,Mistral,hellaswag,7,hidden_summary_only__logreg,0.18034736338846685,0.12709972627181138,0.05324763711665547,0.26666666666666666,0.7333333333333334,0.2222222222222222,0.7777777777777778,0.15,0.85,0.30434782608695654,0.5652173913043478,0.8043478260869565
mistral7b_v03,Mistral,hellaswag,7,hidden_summary_only__mlp,0.19104897712002056,0.13780134000336508,0.05324763711665547,0.26666666666666666,0.7333333333333334,0.2222222222222222,0.7777777777777778,0.21666666666666667,0.7833333333333333,0.30434782608695654,0.5652173913043478,0.717391304347826
mistral7b_v03,Mistral,hellaswag,7,hidden_summary_only__extratrees,0.18056847847349197,0.1273208413568365,0.05324763711665547,0.2625,0.7375,0.2111111111111111,0.7888888888888889,0.15,0.85,0.31521739130434784,0.5869565217391305,0.8043478260869565
mistral7b_v03,Mistral,hellaswag,7,hidden_summary_only__hgb,0.18254934470203152,0.12930170758537604,0.05324763711665547,0.25833333333333336,0.7416666666666667,0.21666666666666667,0.7833333333333333,0.175,0.825,0.32608695652173914,0.5760869565217391,0.7717391304347826
mistral7b_v03,Mistral,hellaswag,7,cheap_plus_hidden_summary__logreg,0.150624996710494,0.09737735959383853,0.05324763711665547,0.24583333333333332,0.7541666666666667,0.17777777777777778,0.8222222222222222,0.13333333333333333,0.8666666666666667,0.358695652173913,0.6521739130434783,0.8260869565217391
mistral7b_v03,Mistral,hellaswag,7,cheap_plus_hidden_summary__mlp,0.16582590276249426,0.11257826564583878,0.05324763711665547,0.23333333333333334,0.7666666666666666,0.18888888888888888,0.8111111111111111,0.15,0.85,0.391304347826087,0.6304347826086957,0.8043478260869565
mistral7b_v03,Mistral,hellaswag,7,cheap_plus_hidden_summary__extratrees,0.16410267982777818,0.1108550427111227,0.05324763711665547,0.24583333333333332,0.7541666666666667,0.18333333333333332,0.8166666666666667,0.15,0.85,0.358695652173913,0.6413043478260869,0.8043478260869565
mistral7b_v03,Mistral,hellaswag,7,cheap_plus_hidden_summary__hgb,0.1690885727968199,0.11584093568016443,0.05324763711665547,0.2375,0.7625,0.18888888888888888,0.8111111111111111,0.15,0.85,0.3804347826086957,0.6304347826086957,0.8043478260869565
mistral7b_v03,Mistral,hellaswag,7,pca_hidden_embeddings__logreg,0.17522216701417528,0.1219745298975198,0.05324763711665547,0.24583333333333332,0.7541666666666667,0.20555555555555555,0.7944444444444445,0.19166666666666668,0.8083333333333333,0.358695652173913,0.5978260869565217,0.75
mistral7b_v03,Mistral,hellaswag,7,pca_hidden_embeddings__mlp,0.18975775457985306,0.13651011746319758,0.05324763711665547,0.25416666666666665,0.7458333333333333,0.22777777777777777,0.7722222222222223,0.19166666666666668,0.8083333333333333,0.33695652173913043,0.5543478260869565,0.75
mistral7b_v03,Mistral,hellaswag,7,pca_hidden_embeddings__extratrees,0.16491226222967661,0.11166462511302114,0.05324763711665547,0.24166666666666667,0.7583333333333333,0.19444444444444445,0.8055555555555556,0.13333333333333333,0.8666666666666667,0.3695652173913043,0.6195652173913043,0.8260869565217391
mistral7b_v03,Mistral,hellaswag,7,pca_hidden_embeddings__hgb,0.1731449326926404,0.11989729557598491,0.05324763711665547,0.24583333333333332,0.7541666666666667,0.2222222222222222,0.7777777777777778,0.16666666666666666,0.8333333333333334,0.358695652173913,0.5652173913043478,0.782608695652174
mistral7b_v03,Mistral,hellaswag,7,cheap_plus_pca_hidden__logreg,0.17266954238877547,0.11942190527211999,0.05324763711665547,0.24583333333333332,0.7541666666666667,0.2,0.8,0.19166666666666668,0.8083333333333333,0.358695652173913,0.6086956521739131,0.75
mistral7b_v03,Mistral,hellaswag,7,cheap_plus_pca_hidden__mlp,0.23126509271986231,0.17801745560320684,0.05324763711665547,0.2708333333333333,0.7291666666666667,0.25,0.75,0.24166666666666667,0.7583333333333333,0.29347826086956524,0.5108695652173914,0.6847826086956522
mistral7b_v03,Mistral,hellaswag,7,cheap_plus_pca_hidden__extratrees,0.15895606960624506,0.10570843248958958,0.05324763711665547,0.2375,0.7625,0.17222222222222222,0.8277777777777777,0.13333333333333333,0.8666666666666667,0.3804347826086957,0.6630434782608695,0.8260869565217391
mistral7b_v03,Mistral,hellaswag,7,cheap_plus_pca_hidden__hgb,0.16686093342533723,0.11361329630868175,0.05324763711665547,0.2625,0.7375,0.17777777777777778,0.8222222222222222,0.14166666666666666,0.8583333333333334,0.31521739130434784,0.6521739130434783,0.8152173913043478
mistral7b_v03,Mistral,hellaswag,123,direct_pmax,0.17093869852079782,0.11769106140414234,0.05324763711665547,0.25,0.75,0.2,0.8,0.14166666666666666,0.8583333333333334,0.34782608695652173,0.6086956521739131,0.8152173913043478
mistral7b_v03,Mistral,hellaswag,123,cheap_confidence_option__logreg,0.16782364101102118,0.1145760038943657,0.05324763711665547,0.275,0.725,0.20555555555555555,0.7944444444444445,0.10833333333333334,0.8916666666666666,0.2826086956521739,0.5978260869565217,0.8586956521739131
mistral7b_v03,Mistral,hellaswag,123,cheap_confidence_option__mlp,0.16909570363630938,0.1158480665196539,0.05324763711665547,0.25416666666666665,0.7458333333333333,0.2,0.8,0.13333333333333333,0.8666666666666667,0.33695652173913043,0.6086956521739131,0.8260869565217391
mistral7b_v03,Mistral,hellaswag,123,cheap_confidence_option__extratrees,0.16609797355444958,0.1128503364377941,0.05324763711665547,0.25,0.75,0.2,0.8,0.13333333333333333,0.8666666666666667,0.34782608695652173,0.6086956521739131,0.8260869565217391
mistral7b_v03,Mistral,hellaswag,123,cheap_confidence_option__hgb,0.18026064475384948,0.127013007637194,0.05324763711665547,0.2708333333333333,0.7291666666666667,0.2388888888888889,0.7611111111111111,0.16666666666666666,0.8333333333333334,0.29347826086956524,0.532608695652174,0.782608695652174
mistral7b_v03,Mistral,hellaswag,123,hidden_summary_only__logreg,0.15835692717158986,0.10510929005493438,0.05324763711665547,0.2625,0.7375,0.19444444444444445,0.8055555555555556,0.11666666666666667,0.8833333333333333,0.31521739130434784,0.6195652173913043,0.8478260869565217
mistral7b_v03,Mistral,hellaswag,123,hidden_summary_only__mlp,0.2049457381242159,0.15169810100756043,0.05324763711665547,0.2625,0.7375,0.20555555555555555,0.7944444444444445,0.2,0.8,0.31521739130434784,0.5978260869565217,0.7391304347826086
mistral7b_v03,Mistral,hellaswag,123,hidden_summary_only__extratrees,0.1605942446550766,0.10734660753842112,0.05324763711665547,0.25416666666666665,0.7458333333333333,0.18888888888888888,0.8111111111111111,0.14166666666666666,0.8583333333333334,0.33695652173913043,0.6304347826086957,0.8152173913043478
mistral7b_v03,Mistral,hellaswag,123,hidden_summary_only__hgb,0.17684374467411507,0.12359610755745959,0.05324763711665547,0.275,0.725,0.2388888888888889,0.7611111111111111,0.15833333333333333,0.8416666666666667,0.2826086956521739,0.532608695652174,0.7934782608695652
mistral7b_v03,Mistral,hellaswag,123,cheap_plus_hidden_summary__logreg,0.15408512366303265,0.10083748654637717,0.05324763711665547,0.2708333333333333,0.7291666666666667,0.20555555555555555,0.7944444444444445,0.11666666666666667,0.8833333333333333,0.29347826086956524,0.5978260869565217,0.8478260869565217
mistral7b_v03,Mistral,hellaswag,123,cheap_plus_hidden_summary__mlp,0.21203881244386089,0.1587911753272054,0.05324763711665547,0.2875,0.7125,0.25555555555555554,0.7444444444444445,0.2,0.8,0.25,0.5,0.7391304347826086
mistral7b_v03,Mistral,hellaswag,123,cheap_plus_hidden_summary__extratrees,0.14515826425395997,0.0919106271373045,0.05324763711665547,0.24166666666666667,0.7583333333333333,0.16111111111111112,0.8388888888888889,0.13333333333333333,0.8666666666666667,0.3695652173913043,0.6847826086956522,0.8260869565217391
mistral7b_v03,Mistral,hellaswag,123,cheap_plus_hidden_summary__hgb,0.16532751989951994,0.11207988278286446,0.05324763711665547,0.25833333333333336,0.7416666666666667,0.2111111111111111,0.7888888888888889,0.15833333333333333,0.8416666666666667,0.32608695652173914,0.5869565217391305,0.7934782608695652
mistral7b_v03,Mistral,hellaswag,123,pca_hidden_embeddings__logreg,0.17750244806797824,0.12425481095132276,0.05324763711665547,0.25833333333333336,0.7416666666666667,0.21666666666666667,0.7833333333333333,0.15,0.85,0.32608695652173914,0.5760869565217391,0.8043478260869565
mistral7b_v03,Mistral,hellaswag,123,pca_hidden_embeddings__mlp,0.27179651361141294,0.21854887649475746,0.05324763711665547,0.3,0.7,0.2777777777777778,0.7222222222222222,0.26666666666666666,0.7333333333333334,0.21739130434782608,0.45652173913043476,0.6521739130434783
mistral7b_v03,Mistral,hellaswag,123,pca_hidden_embeddings__extratrees,0.16250760830701264,0.10925997119035716,0.05324763711665547,0.2625,0.7375,0.2,0.8,0.10833333333333334,0.8916666666666666,0.31521739130434784,0.6086956521739131,0.8586956521739131
mistral7b_v03,Mistral,hellaswag,123,pca_hidden_embeddings__hgb,0.18856445379487013,0.13531681667821466,0.05324763711665547,0.2708333333333333,0.7291666666666667,0.2388888888888889,0.7611111111111111,0.18333333333333332,0.8166666666666667,0.29347826086956524,0.532608695652174,0.7608695652173914
mistral7b_v03,Mistral,hellaswag,123,cheap_plus_pca_hidden__logreg,0.16001516406130853,0.10676752694465305,0.05324763711665547,0.26666666666666666,0.7333333333333334,0.20555555555555555,0.7944444444444445,0.14166666666666666,0.8583333333333334,0.30434782608695654,0.5978260869565217,0.8152173913043478
mistral7b_v03,Mistral,hellaswag,123,cheap_plus_pca_hidden__mlp,0.1592751584738797,0.10602752135722424,0.05324763711665547,0.24166666666666667,0.7583333333333333,0.18888888888888888,0.8111111111111111,0.11666666666666667,0.8833333333333333,0.3695652173913043,0.6304347826086957,0.8478260869565217
mistral7b_v03,Mistral,hellaswag,123,cheap_plus_pca_hidden__extratrees,0.1430105204927895,0.08976288337613403,0.05324763711665547,0.25,0.75,0.15555555555555556,0.8444444444444444,0.125,0.875,0.34782608695652173,0.6956521739130435,0.8369565217391305
mistral7b_v03,Mistral,hellaswag,123,cheap_plus_pca_hidden__hgb,0.17577127597842104,0.12252363886176557,0.05324763711665547,0.2833333333333333,0.7166666666666667,0.2111111111111111,0.7888888888888889,0.15833333333333333,0.8416666666666667,0.2608695652173913,0.5869565217391305,0.7934782608695652
mistral7b_v03,Mistral,hellaswag,777,direct_pmax,0.15612204834504484,0.10287441122838936,0.05324763711665547,0.23333333333333334,0.7666666666666666,0.19444444444444445,0.8055555555555556,0.125,0.875,0.391304347826087,0.6195652173913043,0.8369565217391305
mistral7b_v03,Mistral,hellaswag,777,cheap_confidence_option__logreg,0.17007685164356134,0.11682921452690587,0.05324763711665547,0.25416666666666665,0.7458333333333333,0.17222222222222222,0.8277777777777777,0.125,0.875,0.33695652173913043,0.6630434782608695,0.8369565217391305
mistral7b_v03,Mistral,hellaswag,777,cheap_confidence_option__mlp,0.1625193407914826,0.10927170367482714,0.05324763711665547,0.2375,0.7625,0.17777777777777778,0.8222222222222222,0.125,0.875,0.3804347826086957,0.6521739130434783,0.8369565217391305
mistral7b_v03,Mistral,hellaswag,777,cheap_confidence_option__extratrees,0.18075004974796993,0.12750241263131445,0.05324763711665547,0.24583333333333332,0.7541666666666667,0.19444444444444445,0.8055555555555556,0.15,0.85,0.358695652173913,0.6195652173913043,0.8043478260869565
mistral7b_v03,Mistral,hellaswag,777,cheap_confidence_option__hgb,0.1877577628524233,0.13451012573576782,0.05324763711665547,0.2625,0.7375,0.2222222222222222,0.7777777777777778,0.175,0.825,0.31521739130434784,0.5652173913043478,0.7717391304347826
mistral7b_v03,Mistral,hellaswag,777,hidden_summary_only__logreg,0.15325628606687017,0.10000864895021469,0.05324763711665547,0.25,0.75,0.17777777777777778,0.8222222222222222,0.11666666666666667,0.8833333333333333,0.34782608695652173,0.6521739130434783,0.8478260869565217
mistral7b_v03,Mistral,hellaswag,777,hidden_summary_only__mlp,0.15106822823028043,0.09782059111362496,0.05324763711665547,0.25416666666666665,0.7458333333333333,0.18333333333333332,0.8166666666666667,0.09166666666666666,0.9083333333333333,0.33695652173913043,0.6413043478260869,0.8804347826086957
mistral7b_v03,Mistral,hellaswag,777,hidden_summary_only__extratrees,0.15863032923996695,0.10538269212331147,0.05324763711665547,0.25833333333333336,0.7416666666666667,0.17222222222222222,0.8277777777777777,0.10833333333333334,0.8916666666666666,0.32608695652173914,0.6630434782608695,0.8586956521739131
mistral7b_v03,Mistral,hellaswag,777,hidden_summary_only__hgb,0.17836857317582344,0.12512093605916796,0.05324763711665547,0.2625,0.7375,0.20555555555555555,0.7944444444444445,0.10833333333333334,0.8916666666666666,0.31521739130434784,0.5978260869565217,0.8586956521739131
mistral7b_v03,Mistral,hellaswag,777,cheap_plus_hidden_summary__logreg,0.14536063583574754,0.09211299871909207,0.05324763711665547,0.23333333333333334,0.7666666666666666,0.16111111111111112,0.8388888888888889,0.1,0.9,0.391304347826087,0.6847826086956522,0.8695652173913043
mistral7b_v03,Mistral,hellaswag,777,cheap_plus_hidden_summary__mlp,0.13821522598704541,0.08496758887038994,0.05324763711665547,0.22916666666666666,0.7708333333333334,0.18333333333333332,0.8166666666666667,0.1,0.9,0.40217391304347827,0.6413043478260869,0.8695652173913043
mistral7b_v03,Mistral,hellaswag,777,cheap_plus_hidden_summary__extratrees,0.14807883159857102,0.09483119448191554,0.05324763711665547,0.23333333333333334,0.7666666666666666,0.15555555555555556,0.8444444444444444,0.11666666666666667,0.8833333333333333,0.391304347826087,0.6956521739130435,0.8478260869565217
mistral7b_v03,Mistral,hellaswag,777,cheap_plus_hidden_summary__hgb,0.16182190791676257,0.10857427080010709,0.05324763711665547,0.25,0.75,0.18888888888888888,0.8111111111111111,0.13333333333333333,0.8666666666666667,0.34782608695652173,0.6304347826086957,0.8260869565217391
mistral7b_v03,Mistral,hellaswag,777,pca_hidden_embeddings__logreg,0.14455891576638039,0.09131127864972491,0.05324763711665547,0.22916666666666666,0.7708333333333334,0.16111111111111112,0.8388888888888889,0.10833333333333334,0.8916666666666666,0.40217391304347827,0.6847826086956522,0.8586956521739131
mistral7b_v03,Mistral,hellaswag,777,pca_hidden_embeddings__mlp,0.1687901380909682,0.11554250097431273,0.05324763711665547,0.24583333333333332,0.7541666666666667,0.18333333333333332,0.8166666666666667,0.125,0.875,0.358695652173913,0.6413043478260869,0.8369565217391305
mistral7b_v03,Mistral,hellaswag,777,pca_hidden_embeddings__extratrees,0.15364238824245974,0.10039475112580426,0.05324763711665547,0.24583333333333332,0.7541666666666667,0.18888888888888888,0.8111111111111111,0.10833333333333334,0.8916666666666666,0.358695652173913,0.6304347826086957,0.8586956521739131
mistral7b_v03,Mistral,hellaswag,777,pca_hidden_embeddings__hgb,0.18791772367973136,0.13467008656307589,0.05324763711665547,0.25,0.75,0.2111111111111111,0.7888888888888889,0.18333333333333332,0.8166666666666667,0.34782608695652173,0.5869565217391305,0.7608695652173914
mistral7b_v03,Mistral,hellaswag,777,cheap_plus_pca_hidden__logreg,0.14348813119989376,0.09024049408323828,0.05324763711665547,0.225,0.775,0.17777777777777778,0.8222222222222222,0.15,0.85,0.41304347826086957,0.6521739130434783,0.8043478260869565
mistral7b_v03,Mistral,hellaswag,777,cheap_plus_pca_hidden__mlp,0.19221097982978122,0.13896334271312574,0.05324763711665547,0.26666666666666666,0.7333333333333334,0.21666666666666667,0.7833333333333333,0.18333333333333332,0.8166666666666667,0.30434782608695654,0.5760869565217391,0.7608695652173914
mistral7b_v03,Mistral,hellaswag,777,cheap_plus_pca_hidden__extratrees,0.14598455466455357,0.09273691754789809,0.05324763711665547,0.24166666666666667,0.7583333333333333,0.15555555555555556,0.8444444444444444,0.125,0.875,0.3695652173913043,0.6956521739130435,0.8369565217391305
mistral7b_v03,Mistral,hellaswag,777,cheap_plus_pca_hidden__hgb,0.15425725072126506,0.10100961360460958,0.05324763711665547,0.25416666666666665,0.7458333333333333,0.17777777777777778,0.8222222222222222,0.11666666666666667,0.8833333333333333,0.33695652173913043,0.6521739130434783,0.8478260869565217
mistral7b_v03,Mistral,hellaswag,2025,direct_pmax,0.15856329907633573,0.10531566195968026,0.05324763711665547,0.2375,0.7625,0.19444444444444445,0.8055555555555556,0.14166666666666666,0.8583333333333334,0.3804347826086957,0.6195652173913043,0.8152173913043478
mistral7b_v03,Mistral,hellaswag,2025,cheap_confidence_option__logreg,0.14495782341445596,0.09171018629780048,0.05324763711665547,0.2375,0.7625,0.17222222222222222,0.8277777777777777,0.1,0.9,0.3804347826086957,0.6630434782608695,0.8695652173913043
mistral7b_v03,Mistral,hellaswag,2025,cheap_confidence_option__mlp,0.1790149196477907,0.12576728253113523,0.05324763711665547,0.2375,0.7625,0.18333333333333332,0.8166666666666667,0.15,0.85,0.3804347826086957,0.6413043478260869,0.8043478260869565
mistral7b_v03,Mistral,hellaswag,2025,cheap_confidence_option__extratrees,0.1550873033074902,0.10183966619083473,0.05324763711665547,0.24583333333333332,0.7541666666666667,0.18888888888888888,0.8111111111111111,0.13333333333333333,0.8666666666666667,0.358695652173913,0.6304347826086957,0.8260869565217391
mistral7b_v03,Mistral,hellaswag,2025,cheap_confidence_option__hgb,0.17588526991864845,0.12263763280199297,0.05324763711665547,0.24583333333333332,0.7541666666666667,0.22777777777777777,0.7722222222222223,0.2,0.8,0.358695652173913,0.5543478260869565,0.7391304347826086
mistral7b_v03,Mistral,hellaswag,2025,hidden_summary_only__logreg,0.16190517577298502,0.10865753865632954,0.05324763711665547,0.24583333333333332,0.7541666666666667,0.18888888888888888,0.8111111111111111,0.10833333333333334,0.8916666666666666,0.358695652173913,0.6304347826086957,0.8586956521739131
mistral7b_v03,Mistral,hellaswag,2025,hidden_summary_only__mlp,0.16347893259741508,0.1102312954807596,0.05324763711665547,0.23333333333333334,0.7666666666666666,0.17777777777777778,0.8222222222222222,0.125,0.875,0.391304347826087,0.6521739130434783,0.8369565217391305
mistral7b_v03,Mistral,hellaswag,2025,hidden_summary_only__extratrees,0.1634837912198134,0.11023615410315793,0.05324763711665547,0.24166666666666667,0.7583333333333333,0.16111111111111112,0.8388888888888889,0.13333333333333333,0.8666666666666667,0.3695652173913043,0.6847826086956522,0.8260869565217391
mistral7b_v03,Mistral,hellaswag,2025,hidden_summary_only__hgb,0.1841830356403641,0.1309353985237086,0.05324763711665547,0.2625,0.7375,0.20555555555555555,0.7944444444444445,0.15,0.85,0.31521739130434784,0.5978260869565217,0.8043478260869565
mistral7b_v03,Mistral,hellaswag,2025,cheap_plus_hidden_summary__logreg,0.12748023803235767,0.07423260091570219,0.05324763711665547,0.22916666666666666,0.7708333333333334,0.1388888888888889,0.8611111111111112,0.075,0.925,0.40217391304347827,0.7282608695652174,0.9021739130434783
mistral7b_v03,Mistral,hellaswag,2025,cheap_plus_hidden_summary__mlp,0.14567828914782055,0.09243065203116507,0.05324763711665547,0.22083333333333333,0.7791666666666667,0.15,0.85,0.10833333333333334,0.8916666666666666,0.42391304347826086,0.7065217391304348,0.8586956521739131
mistral7b_v03,Mistral,hellaswag,2025,cheap_plus_hidden_summary__extratrees,0.1375278497596945,0.08428021264303903,0.05324763711665547,0.22916666666666666,0.7708333333333334,0.1388888888888889,0.8611111111111112,0.1,0.9,0.40217391304347827,0.7282608695652174,0.8695652173913043
mistral7b_v03,Mistral,hellaswag,2025,cheap_plus_hidden_summary__hgb,0.14726296941179332,0.09401533229513784,0.05324763711665547,0.2375,0.7625,0.2,0.8,0.11666666666666667,0.8833333333333333,0.3804347826086957,0.6086956521739131,0.8478260869565217
mistral7b_v03,Mistral,hellaswag,2025,pca_hidden_embeddings__logreg,0.13638469972571143,0.08313706260905596,0.05324763711665547,0.25833333333333336,0.7416666666666667,0.16111111111111112,0.8388888888888889,0.06666666666666667,0.9333333333333333,0.32608695652173914,0.6847826086956522,0.9130434782608695
mistral7b_v03,Mistral,hellaswag,2025,pca_hidden_embeddings__mlp,0.2063071639292583,0.15305952681260282,0.05324763711665547,0.275,0.725,0.2388888888888889,0.7611111111111111,0.19166666666666668,0.8083333333333333,0.2826086956521739,0.532608695652174,0.75
mistral7b_v03,Mistral,hellaswag,2025,pca_hidden_embeddings__extratrees,0.12597439475303093,0.07272675763637546,0.05324763711665547,0.23333333333333334,0.7666666666666666,0.15,0.85,0.06666666666666667,0.9333333333333333,0.391304347826087,0.7065217391304348,0.9130434782608695
mistral7b_v03,Mistral,hellaswag,2025,pca_hidden_embeddings__hgb,0.17065363473987533,0.11740599762321985,0.05324763711665547,0.275,0.725,0.23333333333333334,0.7666666666666666,0.15833333333333333,0.8416666666666667,0.2826086956521739,0.5434782608695652,0.7934782608695652
mistral7b_v03,Mistral,hellaswag,2025,cheap_plus_pca_hidden__logreg,0.1264460163738023,0.07319837925714681,0.05324763711665547,0.22916666666666666,0.7708333333333334,0.15555555555555556,0.8444444444444444,0.08333333333333333,0.9166666666666666,0.40217391304347827,0.6956521739130435,0.8913043478260869
mistral7b_v03,Mistral,hellaswag,2025,cheap_plus_pca_hidden__mlp,0.14468347858383693,0.09143584146718145,0.05324763711665547,0.24583333333333332,0.7541666666666667,0.17222222222222222,0.8277777777777777,0.1,0.9,0.358695652173913,0.6630434782608695,0.8695652173913043
mistral7b_v03,Mistral,hellaswag,2025,cheap_plus_pca_hidden__extratrees,0.1256980665622014,0.07245042944554592,0.05324763711665547,0.22916666666666666,0.7708333333333334,0.13333333333333333,0.8666666666666667,0.1,0.9,0.40217391304347827,0.7391304347826086,0.8695652173913043
mistral7b_v03,Mistral,hellaswag,2025,cheap_plus_pca_hidden__hgb,0.14995357442469004,0.09670593730803456,0.05324763711665547,0.2625,0.7375,0.2111111111111111,0.7888888888888889,0.10833333333333334,0.8916666666666666,0.31521739130434784,0.5869565217391305,0.8586956521739131
mistral7b_v03,Mistral,mmlu_all,42,direct_pmax,0.19565467250588975,0.09976679536801263,0.09588787713787712,0.3333333333333333,0.6666666666666667,0.24444444444444444,0.7555555555555555,0.14166666666666666,0.8583333333333334,0.33884297520661155,0.6363636363636364,0.859504132231405
mistral7b_v03,Mistral,mmlu_all,42,cheap_confidence_option__logreg,0.19597769680544153,0.1000898196675644,0.09588787713787712,0.325,0.675,0.25555555555555554,0.7444444444444445,0.13333333333333333,0.8666666666666667,0.35537190082644626,0.6198347107438017,0.8677685950413223
mistral7b_v03,Mistral,mmlu_all,42,cheap_confidence_option__mlp,0.19835730045278382,0.1024694233149067,0.09588787713787712,0.32916666666666666,0.6708333333333334,0.25,0.75,0.11666666666666667,0.8833333333333333,0.34710743801652894,0.628099173553719,0.8842975206611571
mistral7b_v03,Mistral,mmlu_all,42,cheap_confidence_option__extratrees,0.20843498043427833,0.1125471032964012,0.09588787713787712,0.3541666666666667,0.6458333333333333,0.2722222222222222,0.7277777777777779,0.125,0.875,0.2975206611570248,0.5950413223140496,0.8760330578512396
mistral7b_v03,Mistral,mmlu_all,42,cheap_confidence_option__hgb,0.2351770732765649,0.1392891961386878,0.09588787713787712,0.35833333333333334,0.6416666666666666,0.3055555555555556,0.6944444444444444,0.2,0.8,0.2892561983471074,0.5454545454545454,0.8016528925619835
mistral7b_v03,Mistral,mmlu_all,42,hidden_summary_only__logreg,0.2298171802667737,0.13392930312889656,0.09588787713787712,0.3375,0.6625,0.2722222222222222,0.7277777777777779,0.15,0.85,0.3305785123966942,0.5950413223140496,0.8512396694214877
mistral7b_v03,Mistral,mmlu_all,42,hidden_summary_only__mlp,0.2341032318625048,0.1382153547246277,0.09588787713787712,0.32083333333333336,0.6791666666666667,0.26666666666666666,0.7333333333333334,0.2,0.8,0.36363636363636365,0.6033057851239669,0.8016528925619835
mistral7b_v03,Mistral,mmlu_all,42,hidden_summary_only__extratrees,0.23611936397072328,0.14023148683284614,0.09588787713787712,0.3541666666666667,0.6458333333333333,0.2388888888888889,0.7611111111111111,0.20833333333333334,0.7916666666666666,0.2975206611570248,0.6446280991735537,0.7933884297520661
mistral7b_v03,Mistral,mmlu_all,42,hidden_summary_only__hgb,0.28493769272352004,0.18904981558564293,0.09588787713787712,0.3416666666666667,0.6583333333333333,0.3,0.7,0.25,0.75,0.32231404958677684,0.5537190082644629,0.7520661157024794
mistral7b_v03,Mistral,mmlu_all,42,cheap_plus_hidden_summary__logreg,0.19765907720558748,0.10177120006771036,0.09588787713787712,0.32916666666666666,0.6708333333333334,0.25555555555555554,0.7444444444444445,0.13333333333333333,0.8666666666666667,0.34710743801652894,0.6198347107438017,0.8677685950413223
mistral7b_v03,Mistral,mmlu_all,42,cheap_plus_hidden_summary__mlp,0.18016520896130842,0.08427733182343129,0.09588787713787712,0.31666666666666665,0.6833333333333333,0.21666666666666667,0.7833333333333333,0.11666666666666667,0.8833333333333333,0.371900826446281,0.6776859504132231,0.8842975206611571
mistral7b_v03,Mistral,mmlu_all,42,cheap_plus_hidden_summary__extratrees,0.18699293842154824,0.09110506128367112,0.09588787713787712,0.32916666666666666,0.6708333333333334,0.2388888888888889,0.7611111111111111,0.1,0.9,0.34710743801652894,0.6446280991735537,0.9008264462809917
mistral7b_v03,Mistral,mmlu_all,42,cheap_plus_hidden_summary__hgb,0.20703585591098309,0.11114797877310596,0.09588787713787712,0.35,0.65,0.25555555555555554,0.7444444444444445,0.15833333333333333,0.8416666666666667,0.30578512396694213,0.6198347107438017,0.8429752066115702
mistral7b_v03,Mistral,mmlu_all,42,pca_hidden_embeddings__logreg,0.18835345208172385,0.09246557494384673,0.09588787713787712,0.3375,0.6625,0.2388888888888889,0.7611111111111111,0.125,0.875,0.3305785123966942,0.6446280991735537,0.8760330578512396
mistral7b_v03,Mistral,mmlu_all,42,pca_hidden_embeddings__mlp,0.2076650648885444,0.11177718775066726,0.09588787713787712,0.36666666666666664,0.6333333333333333,0.25555555555555554,0.7444444444444445,0.16666666666666666,0.8333333333333334,0.2727272727272727,0.6198347107438017,0.8347107438016529
mistral7b_v03,Mistral,mmlu_all,42,pca_hidden_embeddings__extratrees,0.1957088524692539,0.09982097533137678,0.09588787713787712,0.3458333333333333,0.6541666666666667,0.2388888888888889,0.7611111111111111,0.13333333333333333,0.8666666666666667,0.3140495867768595,0.6446280991735537,0.8677685950413223
mistral7b_v03,Mistral,mmlu_all,42,pca_hidden_embeddings__hgb,0.20389706491173995,0.10800918777386283,0.09588787713787712,0.3416666666666667,0.6583333333333333,0.2722222222222222,0.7277777777777779,0.175,0.825,0.32231404958677684,0.5950413223140496,0.8264462809917356
mistral7b_v03,Mistral,mmlu_all,42,cheap_plus_pca_hidden__logreg,0.18926170698077152,0.0933738298428944,0.09588787713787712,0.3416666666666667,0.6583333333333333,0.2388888888888889,0.7611111111111111,0.125,0.875,0.32231404958677684,0.6446280991735537,0.8760330578512396
mistral7b_v03,Mistral,mmlu_all,42,cheap_plus_pca_hidden__mlp,0.19417224251216372,0.0982843653742866,0.09588787713787712,0.3333333333333333,0.6666666666666667,0.25555555555555554,0.7444444444444445,0.16666666666666666,0.8333333333333334,0.33884297520661155,0.6198347107438017,0.8347107438016529
mistral7b_v03,Mistral,mmlu_all,42,cheap_plus_pca_hidden__extratrees,0.18272565327856882,0.0868377761406917,0.09588787713787712,0.3458333333333333,0.6541666666666667,0.2388888888888889,0.7611111111111111,0.1,0.9,0.3140495867768595,0.6446280991735537,0.9008264462809917
mistral7b_v03,Mistral,mmlu_all,42,cheap_plus_pca_hidden__hgb,0.19662442311404899,0.10073654597617186,0.09588787713787712,0.3333333333333333,0.6666666666666667,0.2722222222222222,0.7277777777777779,0.16666666666666666,0.8333333333333334,0.33884297520661155,0.5950413223140496,0.8347107438016529
mistral7b_v03,Mistral,mmlu_all,7,direct_pmax,0.23397661040091552,0.1380887332630384,0.09588787713787712,0.3416666666666667,0.6583333333333333,0.2833333333333333,0.7166666666666667,0.18333333333333332,0.8166666666666667,0.32231404958677684,0.5785123966942148,0.8181818181818182
mistral7b_v03,Mistral,mmlu_all,7,cheap_confidence_option__logreg,0.23829261324877574,0.1424047361108986,0.09588787713787712,0.3458333333333333,0.6541666666666667,0.28888888888888886,0.7111111111111111,0.16666666666666666,0.8333333333333334,0.3140495867768595,0.5702479338842975,0.8347107438016529
mistral7b_v03,Mistral,mmlu_all,7,cheap_confidence_option__mlp,0.23344148795975037,0.13755361082187323,0.09588787713787712,0.3625,0.6375,0.26666666666666666,0.7333333333333334,0.15833333333333333,0.8416666666666667,0.2809917355371901,0.6033057851239669,0.8429752066115702
mistral7b_v03,Mistral,mmlu_all,7,cheap_confidence_option__extratrees,0.23006347656688608,0.13417559942900897,0.09588787713787712,0.3541666666666667,0.6458333333333333,0.3055555555555556,0.6944444444444444,0.175,0.825,0.2975206611570248,0.5454545454545454,0.8264462809917356
mistral7b_v03,Mistral,mmlu_all,7,cheap_confidence_option__hgb,0.2378167229138528,0.1419288457759757,0.09588787713787712,0.36666666666666664,0.6333333333333333,0.3277777777777778,0.6722222222222223,0.20833333333333334,0.7916666666666666,0.2727272727272727,0.512396694214876,0.7933884297520661
mistral7b_v03,Mistral,mmlu_all,7,hidden_summary_only__logreg,0.2544075051405907,0.15851962800271358,0.09588787713787712,0.35833333333333334,0.6416666666666666,0.25555555555555554,0.7444444444444445,0.23333333333333334,0.7666666666666666,0.2892561983471074,0.6198347107438017,0.768595041322314
mistral7b_v03,Mistral,mmlu_all,7,hidden_summary_only__mlp,0.24027371857338597,0.14438584143550887,0.09588787713787712,0.3541666666666667,0.6458333333333333,0.2833333333333333,0.7166666666666667,0.21666666666666667,0.7833333333333333,0.2975206611570248,0.5785123966942148,0.7851239669421488
mistral7b_v03,Mistral,mmlu_all,7,hidden_summary_only__extratrees,0.2345084946765301,0.13862061753865296,0.09588787713787712,0.35833333333333334,0.6416666666666666,0.2833333333333333,0.7166666666666667,0.2,0.8,0.2892561983471074,0.5785123966942148,0.8016528925619835
mistral7b_v03,Mistral,mmlu_all,7,hidden_summary_only__hgb,0.23951583247461297,0.14362795533673584,0.09588787713787712,0.3541666666666667,0.6458333333333333,0.28888888888888886,0.7111111111111111,0.20833333333333334,0.7916666666666666,0.2975206611570248,0.5702479338842975,0.7933884297520661
mistral7b_v03,Mistral,mmlu_all,7,cheap_plus_hidden_summary__logreg,0.23533380092040163,0.13944592378252452,0.09588787713787712,0.3458333333333333,0.6541666666666667,0.2611111111111111,0.7388888888888889,0.15833333333333333,0.8416666666666667,0.3140495867768595,0.6115702479338843,0.8429752066115702
mistral7b_v03,Mistral,mmlu_all,7,cheap_plus_hidden_summary__mlp,0.22346138587809927,0.12757350874022216,0.09588787713787712,0.3458333333333333,0.6541666666666667,0.26666666666666666,0.7333333333333334,0.16666666666666666,0.8333333333333334,0.3140495867768595,0.6033057851239669,0.8347107438016529
mistral7b_v03,Mistral,mmlu_all,7,cheap_plus_hidden_summary__extratrees,0.2186941608467223,0.12280628370884518,0.09588787713787712,0.35833333333333334,0.6416666666666666,0.2777777777777778,0.7222222222222222,0.14166666666666666,0.8583333333333334,0.2892561983471074,0.5867768595041323,0.859504132231405
mistral7b_v03,Mistral,mmlu_all,7,cheap_plus_hidden_summary__hgb,0.22224404819817384,0.12635617106029673,0.09588787713787712,0.3541666666666667,0.6458333333333333,0.28888888888888886,0.7111111111111111,0.16666666666666666,0.8333333333333334,0.2975206611570248,0.5702479338842975,0.8347107438016529
mistral7b_v03,Mistral,mmlu_all,7,pca_hidden_embeddings__logreg,0.24089607278526007,0.14500819564738293,0.09588787713787712,0.35,0.65,0.2777777777777778,0.7222222222222222,0.19166666666666668,0.8083333333333333,0.30578512396694213,0.5867768595041323,0.8099173553719008
mistral7b_v03,Mistral,mmlu_all,7,pca_hidden_embeddings__mlp,0.23935861956537124,0.14347074242749414,0.09588787713787712,0.3625,0.6375,0.3055555555555556,0.6944444444444444,0.2,0.8,0.2809917355371901,0.5454545454545454,0.8016528925619835
mistral7b_v03,Mistral,mmlu_all,7,pca_hidden_embeddings__extratrees,0.23602106996507927,0.14013319282720216,0.09588787713787712,0.3458333333333333,0.6541666666666667,0.2777777777777778,0.7222222222222222,0.2,0.8,0.3140495867768595,0.5867768595041323,0.8016528925619835
mistral7b_v03,Mistral,mmlu_all,7,pca_hidden_embeddings__hgb,0.2623449202301606,0.16645704309228349,0.09588787713787712,0.3625,0.6375,0.3111111111111111,0.6888888888888889,0.225,0.775,0.2809917355371901,0.5371900826446281,0.7768595041322314
mistral7b_v03,Mistral,mmlu_all,7,cheap_plus_pca_hidden__logreg,0.2353570770431637,0.13946919990528656,0.09588787713787712,0.35833333333333334,0.6416666666666666,0.26666666666666666,0.7333333333333334,0.2,0.8,0.2892561983471074,0.6033057851239669,0.8016528925619835
mistral7b_v03,Mistral,mmlu_all,7,cheap_plus_pca_hidden__mlp,0.2403176650748265,0.14442978793694938,0.09588787713787712,0.35833333333333334,0.6416666666666666,0.2833333333333333,0.7166666666666667,0.18333333333333332,0.8166666666666667,0.2892561983471074,0.5785123966942148,0.8181818181818182
mistral7b_v03,Mistral,mmlu_all,7,cheap_plus_pca_hidden__extratrees,0.2177845940697538,0.12189671693187669,0.09588787713787712,0.3541666666666667,0.6458333333333333,0.2722222222222222,0.7277777777777779,0.13333333333333333,0.8666666666666667,0.2975206611570248,0.5950413223140496,0.8677685950413223
mistral7b_v03,Mistral,mmlu_all,7,cheap_plus_pca_hidden__hgb,0.238143042138722,0.1422551650008449,0.09588787713787712,0.35833333333333334,0.6416666666666666,0.3,0.7,0.19166666666666668,0.8083333333333333,0.2892561983471074,0.5537190082644629,0.8099173553719008
mistral7b_v03,Mistral,mmlu_all,123,direct_pmax,0.23531332728974774,0.13942545015187063,0.09588787713787712,0.325,0.675,0.22777777777777777,0.7722222222222223,0.2,0.8,0.35537190082644626,0.6611570247933884,0.8016528925619835
mistral7b_v03,Mistral,mmlu_all,123,cheap_confidence_option__logreg,0.23551510372688214,0.139627226589005,0.09588787713787712,0.35833333333333334,0.6416666666666666,0.25555555555555554,0.7444444444444445,0.18333333333333332,0.8166666666666667,0.2892561983471074,0.6198347107438017,0.8181818181818182
mistral7b_v03,Mistral,mmlu_all,123,cheap_confidence_option__mlp,0.2365027755313595,0.1406148983934824,0.09588787713787712,0.35833333333333334,0.6416666666666666,0.2777777777777778,0.7222222222222222,0.175,0.825,0.2892561983471074,0.5867768595041323,0.8264462809917356
mistral7b_v03,Mistral,mmlu_all,123,cheap_confidence_option__extratrees,0.2369413452238156,0.1410534680859385,0.09588787713787712,0.35,0.65,0.28888888888888886,0.7111111111111111,0.2,0.8,0.30578512396694213,0.5702479338842975,0.8016528925619835
mistral7b_v03,Mistral,mmlu_all,123,cheap_confidence_option__hgb,0.2595833088562182,0.1636954317183411,0.09588787713787712,0.375,0.625,0.34444444444444444,0.6555555555555556,0.21666666666666667,0.7833333333333333,0.256198347107438,0.48760330578512395,0.7851239669421488
mistral7b_v03,Mistral,mmlu_all,123,hidden_summary_only__logreg,0.2492023159872751,0.153314438849398,0.09588787713787712,0.3375,0.6625,0.2722222222222222,0.7277777777777779,0.21666666666666667,0.7833333333333333,0.3305785123966942,0.5950413223140496,0.7851239669421488
mistral7b_v03,Mistral,mmlu_all,123,hidden_summary_only__mlp,0.24460154576963092,0.14871366863175378,0.09588787713787712,0.35,0.65,0.26666666666666666,0.7333333333333334,0.21666666666666667,0.7833333333333333,0.30578512396694213,0.6033057851239669,0.7851239669421488
mistral7b_v03,Mistral,mmlu_all,123,hidden_summary_only__extratrees,0.23787384382100527,0.14198596668312813,0.09588787713787712,0.3458333333333333,0.6541666666666667,0.2722222222222222,0.7277777777777779,0.225,0.775,0.3140495867768595,0.5950413223140496,0.7768595041322314
mistral7b_v03,Mistral,mmlu_all,123,hidden_summary_only__hgb,0.26524414742037966,0.16935627028250255,0.09588787713787712,0.3625,0.6375,0.3055555555555556,0.6944444444444444,0.25833333333333336,0.7416666666666667,0.2809917355371901,0.5454545454545454,0.743801652892562
mistral7b_v03,Mistral,mmlu_all,123,cheap_plus_hidden_summary__logreg,0.23071143524178755,0.13482355810391045,0.09588787713787712,0.3416666666666667,0.6583333333333333,0.2611111111111111,0.7388888888888889,0.18333333333333332,0.8166666666666667,0.32231404958677684,0.6115702479338843,0.8181818181818182
mistral7b_v03,Mistral,mmlu_all,123,cheap_plus_hidden_summary__mlp,0.23128771653527916,0.13539983939740202,0.09588787713787712,0.3375,0.6625,0.25,0.75,0.2,0.8,0.3305785123966942,0.628099173553719,0.8016528925619835
mistral7b_v03,Mistral,mmlu_all,123,cheap_plus_hidden_summary__extratrees,0.21194599561644403,0.11605811847856691,0.09588787713787712,0.3375,0.6625,0.2611111111111111,0.7388888888888889,0.18333333333333332,0.8166666666666667,0.3305785123966942,0.6115702479338843,0.8181818181818182
mistral7b_v03,Mistral,mmlu_all,123,cheap_plus_hidden_summary__hgb,0.2355286487249848,0.1396407715871077,0.09588787713787712,0.3541666666666667,0.6458333333333333,0.28888888888888886,0.7111111111111111,0.21666666666666667,0.7833333333333333,0.2975206611570248,0.5702479338842975,0.7851239669421488
mistral7b_v03,Mistral,mmlu_all,123,pca_hidden_embeddings__logreg,0.2424018860501953,0.1465140089123182,0.09588787713787712,0.35,0.65,0.3,0.7,0.2,0.8,0.30578512396694213,0.5537190082644629,0.8016528925619835
mistral7b_v03,Mistral,mmlu_all,123,pca_hidden_embeddings__mlp,0.24526487122062843,0.1493769940827513,0.09588787713787712,0.35833333333333334,0.6416666666666666,0.3,0.7,0.20833333333333334,0.7916666666666666,0.2892561983471074,0.5537190082644629,0.7933884297520661
mistral7b_v03,Mistral,mmlu_all,123,pca_hidden_embeddings__extratrees,0.21502004568222655,0.11913216854434942,0.09588787713787712,0.3333333333333333,0.6666666666666667,0.2777777777777778,0.7222222222222222,0.20833333333333334,0.7916666666666666,0.33884297520661155,0.5867768595041323,0.7933884297520661
mistral7b_v03,Mistral,mmlu_all,123,pca_hidden_embeddings__hgb,0.22397715648866565,0.1280892793507885,0.09588787713787712,0.3541666666666667,0.6458333333333333,0.28888888888888886,0.7111111111111111,0.15,0.85,0.2975206611570248,0.5702479338842975,0.8512396694214877
mistral7b_v03,Mistral,mmlu_all,123,cheap_plus_pca_hidden__logreg,0.24142077544029988,0.14553289830242278,0.09588787713787712,0.35833333333333334,0.6416666666666666,0.32222222222222224,0.6777777777777778,0.2,0.8,0.2892561983471074,0.5206611570247934,0.8016528925619835
mistral7b_v03,Mistral,mmlu_all,123,cheap_plus_pca_hidden__mlp,0.23231339379089694,0.13642551665301983,0.09588787713787712,0.3541666666666667,0.6458333333333333,0.29444444444444445,0.7055555555555555,0.18333333333333332,0.8166666666666667,0.2975206611570248,0.5619834710743802,0.8181818181818182
mistral7b_v03,Mistral,mmlu_all,123,cheap_plus_pca_hidden__extratrees,0.21137117356652838,0.11548329642865125,0.09588787713787712,0.3375,0.6625,0.2611111111111111,0.7388888888888889,0.175,0.825,0.3305785123966942,0.6115702479338843,0.8264462809917356
mistral7b_v03,Mistral,mmlu_all,123,cheap_plus_pca_hidden__hgb,0.223145776967645,0.12725789982976787,0.09588787713787712,0.3541666666666667,0.6458333333333333,0.28888888888888886,0.7111111111111111,0.2,0.8,0.2975206611570248,0.5702479338842975,0.8016528925619835
mistral7b_v03,Mistral,mmlu_all,777,direct_pmax,0.21193348390893296,0.11604560677105584,0.09588787713787712,0.35,0.65,0.2722222222222222,0.7277777777777779,0.15,0.85,0.30578512396694213,0.5950413223140496,0.8512396694214877
mistral7b_v03,Mistral,mmlu_all,777,cheap_confidence_option__logreg,0.22765640963098596,0.13176853249310883,0.09588787713787712,0.3375,0.6625,0.2722222222222222,0.7277777777777779,0.15833333333333333,0.8416666666666667,0.3305785123966942,0.5950413223140496,0.8429752066115702
mistral7b_v03,Mistral,mmlu_all,777,cheap_confidence_option__mlp,0.24797673916158056,0.15208886202370342,0.09588787713787712,0.3458333333333333,0.6541666666666667,0.26666666666666666,0.7333333333333334,0.15833333333333333,0.8416666666666667,0.3140495867768595,0.6033057851239669,0.8429752066115702
mistral7b_v03,Mistral,mmlu_all,777,cheap_confidence_option__extratrees,0.2296630966399871,0.13377521950210997,0.09588787713787712,0.3625,0.6375,0.29444444444444445,0.7055555555555555,0.18333333333333332,0.8166666666666667,0.2809917355371901,0.5619834710743802,0.8181818181818182
mistral7b_v03,Mistral,mmlu_all,777,cheap_confidence_option__hgb,0.2492992566790564,0.15341137954117928,0.09588787713787712,0.36666666666666664,0.6333333333333333,0.31666666666666665,0.6833333333333333,0.25,0.75,0.2727272727272727,0.5289256198347108,0.7520661157024794
mistral7b_v03,Mistral,mmlu_all,777,hidden_summary_only__logreg,0.24356236839658796,0.14767449125871085,0.09588787713787712,0.35,0.65,0.2611111111111111,0.7388888888888889,0.18333333333333332,0.8166666666666667,0.30578512396694213,0.6115702479338843,0.8181818181818182
mistral7b_v03,Mistral,mmlu_all,777,hidden_summary_only__mlp,0.24521303469455225,0.14932515755667514,0.09588787713787712,0.3458333333333333,0.6541666666666667,0.2777777777777778,0.7222222222222222,0.20833333333333334,0.7916666666666666,0.3140495867768595,0.5867768595041323,0.7933884297520661
mistral7b_v03,Mistral,mmlu_all,777,hidden_summary_only__extratrees,0.23207404633301418,0.13618616919513704,0.09588787713787712,0.3416666666666667,0.6583333333333333,0.2722222222222222,0.7277777777777779,0.19166666666666668,0.8083333333333333,0.32231404958677684,0.5950413223140496,0.8099173553719008
mistral7b_v03,Mistral,mmlu_all,777,hidden_summary_only__hgb,0.24497389583452184,0.14908601869664473,0.09588787713787712,0.3458333333333333,0.6541666666666667,0.26666666666666666,0.7333333333333334,0.21666666666666667,0.7833333333333333,0.3140495867768595,0.6033057851239669,0.7851239669421488
mistral7b_v03,Mistral,mmlu_all,777,cheap_plus_hidden_summary__logreg,0.24463833043963462,0.1487504533017575,0.09588787713787712,0.3416666666666667,0.6583333333333333,0.2722222222222222,0.7277777777777779,0.15833333333333333,0.8416666666666667,0.32231404958677684,0.5950413223140496,0.8429752066115702
mistral7b_v03,Mistral,mmlu_all,777,cheap_plus_hidden_summary__mlp,0.216216306160815,0.12032842902293787,0.09588787713787712,0.3375,0.6625,0.2611111111111111,0.7388888888888889,0.13333333333333333,0.8666666666666667,0.3305785123966942,0.6115702479338843,0.8677685950413223
mistral7b_v03,Mistral,mmlu_all,777,cheap_plus_hidden_summary__extratrees,0.21248017011014875,0.11659229297227162,0.09588787713787712,0.35833333333333334,0.6416666666666666,0.26666666666666666,0.7333333333333334,0.13333333333333333,0.8666666666666667,0.2892561983471074,0.6033057851239669,0.8677685950413223
mistral7b_v03,Mistral,mmlu_all,777,cheap_plus_hidden_summary__hgb,0.2192633957020379,0.12337551856416078,0.09588787713787712,0.3333333333333333,0.6666666666666667,0.2833333333333333,0.7166666666666667,0.16666666666666666,0.8333333333333334,0.33884297520661155,0.5785123966942148,0.8347107438016529
mistral7b_v03,Mistral,mmlu_all,777,pca_hidden_embeddings__logreg,0.21271857789539117,0.11683070075751405,0.09588787713787712,0.3416666666666667,0.6583333333333333,0.2777777777777778,0.7222222222222222,0.14166666666666666,0.8583333333333334,0.32231404958677684,0.5867768595041323,0.859504132231405
mistral7b_v03,Mistral,mmlu_all,777,pca_hidden_embeddings__mlp,0.21188068414405678,0.11599280700617966,0.09588787713787712,0.3375,0.6625,0.2777777777777778,0.7222222222222222,0.18333333333333332,0.8166666666666667,0.3305785123966942,0.5867768595041323,0.8181818181818182
mistral7b_v03,Mistral,mmlu_all,777,pca_hidden_embeddings__extratrees,0.20258050520272453,0.1066926280648474,0.09588787713787712,0.32916666666666666,0.6708333333333334,0.26666666666666666,0.7333333333333334,0.13333333333333333,0.8666666666666667,0.34710743801652894,0.6033057851239669,0.8677685950413223
mistral7b_v03,Mistral,mmlu_all,777,pca_hidden_embeddings__hgb,0.22430816354359584,0.12842028640571873,0.09588787713787712,0.325,0.675,0.28888888888888886,0.7111111111111111,0.19166666666666668,0.8083333333333333,0.35537190082644626,0.5702479338842975,0.8099173553719008
mistral7b_v03,Mistral,mmlu_all,777,cheap_plus_pca_hidden__logreg,0.2195919928413986,0.12370411570352148,0.09588787713787712,0.36666666666666664,0.6333333333333333,0.29444444444444445,0.7055555555555555,0.14166666666666666,0.8583333333333334,0.2727272727272727,0.5619834710743802,0.859504132231405
mistral7b_v03,Mistral,mmlu_all,777,cheap_plus_pca_hidden__mlp,0.22445814159618768,0.12857026445831055,0.09588787713787712,0.3333333333333333,0.6666666666666667,0.2777777777777778,0.7222222222222222,0.175,0.825,0.33884297520661155,0.5867768595041323,0.8264462809917356
mistral7b_v03,Mistral,mmlu_all,777,cheap_plus_pca_hidden__extratrees,0.20513936256573276,0.10925148542785564,0.09588787713787712,0.3416666666666667,0.6583333333333333,0.26666666666666666,0.7333333333333334,0.15,0.85,0.32231404958677684,0.6033057851239669,0.8512396694214877
mistral7b_v03,Mistral,mmlu_all,777,cheap_plus_pca_hidden__hgb,0.21515468460605675,0.11926680746817962,0.09588787713787712,0.3416666666666667,0.6583333333333333,0.2722222222222222,0.7277777777777779,0.16666666666666666,0.8333333333333334,0.32231404958677684,0.5950413223140496,0.8347107438016529
mistral7b_v03,Mistral,mmlu_all,2025,direct_pmax,0.19546301191377788,0.09957513477590076,0.09588787713787712,0.3333333333333333,0.6666666666666667,0.24444444444444444,0.7555555555555555,0.13333333333333333,0.8666666666666667,0.33884297520661155,0.6363636363636364,0.8677685950413223
mistral7b_v03,Mistral,mmlu_all,2025,cheap_confidence_option__logreg,0.20091506438636553,0.1050271872484884,0.09588787713787712,0.3416666666666667,0.6583333333333333,0.25555555555555554,0.7444444444444445,0.11666666666666667,0.8833333333333333,0.32231404958677684,0.6198347107438017,0.8842975206611571
mistral7b_v03,Mistral,mmlu_all,2025,cheap_confidence_option__mlp,0.2307024030284769,0.13481452589059978,0.09588787713787712,0.3333333333333333,0.6666666666666667,0.2611111111111111,0.7388888888888889,0.19166666666666668,0.8083333333333333,0.33884297520661155,0.6115702479338843,0.8099173553719008
mistral7b_v03,Mistral,mmlu_all,2025,cheap_confidence_option__extratrees,0.2117953676012386,0.11590749046336148,0.09588787713787712,0.3416666666666667,0.6583333333333333,0.2722222222222222,0.7277777777777779,0.13333333333333333,0.8666666666666667,0.32231404958677684,0.5950413223140496,0.8677685950413223
mistral7b_v03,Mistral,mmlu_all,2025,cheap_confidence_option__hgb,0.23197012547970217,0.13608224834182503,0.09588787713787712,0.36666666666666664,0.6333333333333333,0.2777777777777778,0.7222222222222222,0.19166666666666668,0.8083333333333333,0.2727272727272727,0.5867768595041323,0.8099173553719008
mistral7b_v03,Mistral,mmlu_all,2025,hidden_summary_only__logreg,0.21549900839771477,0.11961113125983765,0.09588787713787712,0.3333333333333333,0.6666666666666667,0.24444444444444444,0.7555555555555555,0.15,0.85,0.33884297520661155,0.6363636363636364,0.8512396694214877
mistral7b_v03,Mistral,mmlu_all,2025,hidden_summary_only__mlp,0.20601787327290322,0.1101299961350261,0.09588787713787712,0.3416666666666667,0.6583333333333333,0.2611111111111111,0.7388888888888889,0.15,0.85,0.32231404958677684,0.6115702479338843,0.8512396694214877
mistral7b_v03,Mistral,mmlu_all,2025,hidden_summary_only__extratrees,0.2176455980762529,0.12175772093837577,0.09588787713787712,0.32916666666666666,0.6708333333333334,0.22777777777777777,0.7722222222222223,0.15,0.85,0.34710743801652894,0.6611570247933884,0.8512396694214877
mistral7b_v03,Mistral,mmlu_all,2025,hidden_summary_only__hgb,0.26481839759230835,0.16893052045443124,0.09588787713787712,0.37083333333333335,0.6291666666666667,0.29444444444444445,0.7055555555555555,0.21666666666666667,0.7833333333333333,0.2644628099173554,0.5619834710743802,0.7851239669421488
mistral7b_v03,Mistral,mmlu_all,2025,cheap_plus_hidden_summary__logreg,0.19411401504995407,0.09822613791207695,0.09588787713787712,0.32916666666666666,0.6708333333333334,0.2388888888888889,0.7611111111111111,0.13333333333333333,0.8666666666666667,0.34710743801652894,0.6446280991735537,0.8677685950413223
mistral7b_v03,Mistral,mmlu_all,2025,cheap_plus_hidden_summary__mlp,0.20834139448397343,0.11245351734609631,0.09588787713787712,0.3375,0.6625,0.2388888888888889,0.7611111111111111,0.16666666666666666,0.8333333333333334,0.3305785123966942,0.6446280991735537,0.8347107438016529
mistral7b_v03,Mistral,mmlu_all,2025,cheap_plus_hidden_summary__extratrees,0.20388459509630355,0.10799671795842643,0.09588787713787712,0.32916666666666666,0.6708333333333334,0.24444444444444444,0.7555555555555555,0.1,0.9,0.34710743801652894,0.6363636363636364,0.9008264462809917
mistral7b_v03,Mistral,mmlu_all,2025,cheap_plus_hidden_summary__hgb,0.23060759561915256,0.13471971848127545,0.09588787713787712,0.35,0.65,0.2722222222222222,0.7277777777777779,0.175,0.825,0.30578512396694213,0.5950413223140496,0.8264462809917356
mistral7b_v03,Mistral,mmlu_all,2025,pca_hidden_embeddings__logreg,0.2113546498303739,0.11546677269249676,0.09588787713787712,0.32916666666666666,0.6708333333333334,0.26666666666666666,0.7333333333333334,0.19166666666666668,0.8083333333333333,0.34710743801652894,0.6033057851239669,0.8099173553719008
mistral7b_v03,Mistral,mmlu_all,2025,pca_hidden_embeddings__mlp,0.21985141986689374,0.12396354272901662,0.09588787713787712,0.32083333333333336,0.6791666666666667,0.2388888888888889,0.7611111111111111,0.16666666666666666,0.8333333333333334,0.36363636363636365,0.6446280991735537,0.8347107438016529
mistral7b_v03,Mistral,mmlu_all,2025,pca_hidden_embeddings__extratrees,0.20149681144958,0.10560893431170289,0.09588787713787712,0.32916666666666666,0.6708333333333334,0.26666666666666666,0.7333333333333334,0.15,0.85,0.34710743801652894,0.6033057851239669,0.8512396694214877
mistral7b_v03,Mistral,mmlu_all,2025,pca_hidden_embeddings__hgb,0.22883053979944937,0.13294266266157223,0.09588787713787712,0.3416666666666667,0.6583333333333333,0.28888888888888886,0.7111111111111111,0.2,0.8,0.32231404958677684,0.5702479338842975,0.8016528925619835
mistral7b_v03,Mistral,mmlu_all,2025,cheap_plus_pca_hidden__logreg,0.20854718098566014,0.11265930384778301,0.09588787713787712,0.35,0.65,0.24444444444444444,0.7555555555555555,0.175,0.825,0.30578512396694213,0.6363636363636364,0.8264462809917356
mistral7b_v03,Mistral,mmlu_all,2025,cheap_plus_pca_hidden__mlp,0.22561930084531626,0.12973142370743912,0.09588787713787712,0.3375,0.6625,0.2388888888888889,0.7611111111111111,0.16666666666666666,0.8333333333333334,0.3305785123966942,0.6446280991735537,0.8347107438016529
mistral7b_v03,Mistral,mmlu_all,2025,cheap_plus_pca_hidden__extratrees,0.1907656353082586,0.09487775817038148,0.09588787713787712,0.325,0.675,0.25,0.75,0.13333333333333333,0.8666666666666667,0.35537190082644626,0.628099173553719,0.8677685950413223
mistral7b_v03,Mistral,mmlu_all,2025,cheap_plus_pca_hidden__hgb,0.21456577895660198,0.11867790181872485,0.09588787713787712,0.3416666666666667,0.6583333333333333,0.2777777777777778,0.7222222222222222,0.175,0.825,0.32231404958677684,0.5867768595041323,0.8264462809917356
olmo2_7b_instruct,OLMo,arc_challenge,42,direct_pmax,0.10539291129564064,0.06469819494049237,0.04069471635514828,0.18055555555555555,0.8194444444444444,0.07407407407407407,0.9259259259259259,0.027777777777777776,0.9722222222222222,0.4583333333333333,0.8333333333333334,0.9583333333333334
olmo2_7b_instruct,OLMo,arc_challenge,42,cheap_confidence_option__logreg,0.0924298050322807,0.05173508867713242,0.04069471635514828,0.18055555555555555,0.8194444444444444,0.07407407407407407,0.9259259259259259,0.05555555555555555,0.9444444444444444,0.4583333333333333,0.8333333333333334,0.9166666666666666
olmo2_7b_instruct,OLMo,arc_challenge,42,cheap_confidence_option__mlp,0.20238654029033612,0.16169182393518783,0.04069471635514828,0.25,0.75,0.2777777777777778,0.7222222222222222,0.25,0.75,0.25,0.375,0.625
olmo2_7b_instruct,OLMo,arc_challenge,42,cheap_confidence_option__extratrees,0.09971970366982716,0.05902498731467888,0.04069471635514828,0.16666666666666666,0.8333333333333334,0.07407407407407407,0.9259259259259259,0.08333333333333333,0.9166666666666666,0.5,0.8333333333333334,0.875
olmo2_7b_instruct,OLMo,arc_challenge,42,cheap_confidence_option__hgb,0.0984095071978389,0.05771479084269063,0.04069471635514828,0.16666666666666666,0.8333333333333334,0.1111111111111111,0.8888888888888888,0.08333333333333333,0.9166666666666666,0.5,0.75,0.875
olmo2_7b_instruct,OLMo,arc_challenge,42,hidden_summary_only__logreg,0.12786904493897996,0.08717432858383169,0.04069471635514828,0.19444444444444445,0.8055555555555556,0.14814814814814814,0.8518518518518519,0.05555555555555555,0.9444444444444444,0.4166666666666667,0.6666666666666666,0.9166666666666666
olmo2_7b_instruct,OLMo,arc_challenge,42,hidden_summary_only__mlp,0.1959892789454248,0.15529456259027652,0.04069471635514828,0.2222222222222222,0.7777777777777778,0.2037037037037037,0.7962962962962963,0.19444444444444445,0.8055555555555556,0.3333333333333333,0.5416666666666666,0.7083333333333334
olmo2_7b_instruct,OLMo,arc_challenge,42,hidden_summary_only__extratrees,0.13726865398978302,0.09657393763463475,0.04069471635514828,0.20833333333333334,0.7916666666666666,0.12962962962962962,0.8703703703703703,0.08333333333333333,0.9166666666666666,0.375,0.7083333333333334,0.875
olmo2_7b_instruct,OLMo,arc_challenge,42,hidden_summary_only__hgb,0.14524411217139,0.10454939581624172,0.04069471635514828,0.2222222222222222,0.7777777777777778,0.1111111111111111,0.8888888888888888,0.08333333333333333,0.9166666666666666,0.3333333333333333,0.75,0.875
olmo2_7b_instruct,OLMo,arc_challenge,42,cheap_plus_hidden_summary__logreg,0.0896620080112372,0.048967291656088915,0.04069471635514828,0.16666666666666666,0.8333333333333334,0.07407407407407407,0.9259259259259259,0.05555555555555555,0.9444444444444444,0.5,0.8333333333333334,0.9166666666666666
olmo2_7b_instruct,OLMo,arc_challenge,42,cheap_plus_hidden_summary__mlp,0.12630703846131766,0.08561232210616938,0.04069471635514828,0.1527777777777778,0.8472222222222222,0.1111111111111111,0.8888888888888888,0.1111111111111111,0.8888888888888888,0.5416666666666666,0.75,0.8333333333333334
olmo2_7b_instruct,OLMo,arc_challenge,42,cheap_plus_hidden_summary__extratrees,0.1045659052553046,0.06387118890015632,0.04069471635514828,0.16666666666666666,0.8333333333333334,0.07407407407407407,0.9259259259259259,0.027777777777777776,0.9722222222222222,0.5,0.8333333333333334,0.9583333333333334
olmo2_7b_instruct,OLMo,arc_challenge,42,cheap_plus_hidden_summary__hgb,0.09469654998823238,0.0540018336330841,0.04069471635514828,0.18055555555555555,0.8194444444444444,0.09259259259259259,0.9074074074074074,0.027777777777777776,0.9722222222222222,0.4583333333333333,0.7916666666666666,0.9583333333333334
olmo2_7b_instruct,OLMo,arc_challenge,42,pca_hidden_embeddings__logreg,0.10365375647455465,0.06295904011940637,0.04069471635514828,0.1388888888888889,0.8611111111111112,0.09259259259259259,0.9074074074074074,0.08333333333333333,0.9166666666666666,0.5833333333333334,0.7916666666666666,0.875
olmo2_7b_instruct,OLMo,arc_challenge,42,pca_hidden_embeddings__mlp,0.1847759909971547,0.14408127464200643,0.04069471635514828,0.2361111111111111,0.7638888888888888,0.18518518518518517,0.8148148148148149,0.2222222222222222,0.7777777777777778,0.2916666666666667,0.5833333333333334,0.6666666666666666
olmo2_7b_instruct,OLMo,arc_challenge,42,pca_hidden_embeddings__extratrees,0.12269604207750127,0.082001325722353,0.04069471635514828,0.1527777777777778,0.8472222222222222,0.12962962962962962,0.8703703703703703,0.08333333333333333,0.9166666666666666,0.5416666666666666,0.7083333333333334,0.875
olmo2_7b_instruct,OLMo,arc_challenge,42,pca_hidden_embeddings__hgb,0.12123845826752395,0.08054374191237568,0.04069471635514828,0.20833333333333334,0.7916666666666666,0.12962962962962962,0.8703703703703703,0.08333333333333333,0.9166666666666666,0.375,0.7083333333333334,0.875
olmo2_7b_instruct,OLMo,arc_challenge,42,cheap_plus_pca_hidden__logreg,0.09527897553800346,0.054584259182855185,0.04069471635514828,0.16666666666666666,0.8333333333333334,0.07407407407407407,0.9259259259259259,0.05555555555555555,0.9444444444444444,0.5,0.8333333333333334,0.9166666666666666
olmo2_7b_instruct,OLMo,arc_challenge,42,cheap_plus_pca_hidden__mlp,0.07949026583008433,0.03879554947493605,0.04069471635514828,0.1527777777777778,0.8472222222222222,0.09259259259259259,0.9074074074074074,0.027777777777777776,0.9722222222222222,0.5416666666666666,0.7916666666666666,0.9583333333333334
olmo2_7b_instruct,OLMo,arc_challenge,42,cheap_plus_pca_hidden__extratrees,0.09138914896698681,0.050694432611838536,0.04069471635514828,0.1388888888888889,0.8611111111111112,0.07407407407407407,0.9259259259259259,0.08333333333333333,0.9166666666666666,0.5833333333333334,0.8333333333333334,0.875
olmo2_7b_instruct,OLMo,arc_challenge,42,cheap_plus_pca_hidden__hgb,0.09315465766961785,0.05245994131446957,0.04069471635514828,0.1527777777777778,0.8472222222222222,0.09259259259259259,0.9074074074074074,0.08333333333333333,0.9166666666666666,0.5416666666666666,0.7916666666666666,0.875
olmo2_7b_instruct,OLMo,arc_challenge,7,direct_pmax,0.14773596708375308,0.1070412507286048,0.04069471635514828,0.19444444444444445,0.8055555555555556,0.16666666666666666,0.8333333333333334,0.1388888888888889,0.8611111111111112,0.4166666666666667,0.625,0.7916666666666666
olmo2_7b_instruct,OLMo,arc_challenge,7,cheap_confidence_option__logreg,0.1499637371291258,0.10926902077397753,0.04069471635514828,0.19444444444444445,0.8055555555555556,0.18518518518518517,0.8148148148148149,0.1388888888888889,0.8611111111111112,0.4166666666666667,0.5833333333333334,0.7916666666666666
olmo2_7b_instruct,OLMo,arc_challenge,7,cheap_confidence_option__mlp,0.137077559457034,0.09638284310188573,0.04069471635514828,0.16666666666666666,0.8333333333333334,0.16666666666666666,0.8333333333333334,0.1388888888888889,0.8611111111111112,0.5,0.625,0.7916666666666666
olmo2_7b_instruct,OLMo,arc_challenge,7,cheap_confidence_option__extratrees,0.19136320373345647,0.15066848737830818,0.04069471635514828,0.20833333333333334,0.7916666666666666,0.18518518518518517,0.8148148148148149,0.16666666666666666,0.8333333333333334,0.375,0.5833333333333334,0.75
olmo2_7b_instruct,OLMo,arc_challenge,7,cheap_confidence_option__hgb,0.21100788935480222,0.17031317299965393,0.04069471635514828,0.2638888888888889,0.7361111111111112,0.2222222222222222,0.7777777777777778,0.16666666666666666,0.8333333333333334,0.20833333333333334,0.5,0.75
olmo2_7b_instruct,OLMo,arc_challenge,7,hidden_summary_only__logreg,0.187902152991283,0.14720743663613473,0.04069471635514828,0.2222222222222222,0.7777777777777778,0.2222222222222222,0.7777777777777778,0.2222222222222222,0.7777777777777778,0.3333333333333333,0.5,0.6666666666666666
olmo2_7b_instruct,OLMo,arc_challenge,7,hidden_summary_only__mlp,0.2699586823744132,0.2292639660192649,0.04069471635514828,0.2361111111111111,0.7638888888888888,0.2037037037037037,0.7962962962962963,0.25,0.75,0.2916666666666667,0.5416666666666666,0.625
olmo2_7b_instruct,OLMo,arc_challenge,7,hidden_summary_only__extratrees,0.18870037440317572,0.14800565804802746,0.04069471635514828,0.2361111111111111,0.7638888888888888,0.18518518518518517,0.8148148148148149,0.2222222222222222,0.7777777777777778,0.2916666666666667,0.5833333333333334,0.6666666666666666
olmo2_7b_instruct,OLMo,arc_challenge,7,hidden_summary_only__hgb,0.2874200483632551,0.2467253320081068,0.04069471635514828,0.2222222222222222,0.7777777777777778,0.25925925925925924,0.7407407407407407,0.25,0.75,0.3333333333333333,0.4166666666666667,0.625
olmo2_7b_instruct,OLMo,arc_challenge,7,cheap_plus_hidden_summary__logreg,0.15939584778479446,0.11870113142964618,0.04069471635514828,0.19444444444444445,0.8055555555555556,0.18518518518518517,0.8148148148148149,0.16666666666666666,0.8333333333333334,0.4166666666666667,0.5833333333333334,0.75
olmo2_7b_instruct,OLMo,arc_challenge,7,cheap_plus_hidden_summary__mlp,0.142282106423977,0.10158739006882873,0.04069471635514828,0.20833333333333334,0.7916666666666666,0.2037037037037037,0.7962962962962963,0.1388888888888889,0.8611111111111112,0.375,0.5416666666666666,0.7916666666666666
olmo2_7b_instruct,OLMo,arc_challenge,7,cheap_plus_hidden_summary__extratrees,0.15536293593060913,0.11466821957546085,0.04069471635514828,0.20833333333333334,0.7916666666666666,0.16666666666666666,0.8333333333333334,0.1111111111111111,0.8888888888888888,0.375,0.625,0.8333333333333334
olmo2_7b_instruct,OLMo,arc_challenge,7,cheap_plus_hidden_summary__hgb,0.191202307277281,0.15050759092213273,0.04069471635514828,0.2222222222222222,0.7777777777777778,0.2222222222222222,0.7777777777777778,0.2222222222222222,0.7777777777777778,0.3333333333333333,0.5,0.6666666666666666
olmo2_7b_instruct,OLMo,arc_challenge,7,pca_hidden_embeddings__logreg,0.16030375154267598,0.1196090351875277,0.04069471635514828,0.20833333333333334,0.7916666666666666,0.2037037037037037,0.7962962962962963,0.19444444444444445,0.8055555555555556,0.375,0.5416666666666666,0.7083333333333334
olmo2_7b_instruct,OLMo,arc_challenge,7,pca_hidden_embeddings__mlp,0.30150171564444206,0.2608069992892938,0.04069471635514828,0.2777777777777778,0.7222222222222222,0.2962962962962963,0.7037037037037037,0.2777777777777778,0.7222222222222222,0.16666666666666666,0.3333333333333333,0.5833333333333334
olmo2_7b_instruct,OLMo,arc_challenge,7,pca_hidden_embeddings__extratrees,0.1699145120222581,0.12921979566710984,0.04069471635514828,0.20833333333333334,0.7916666666666666,0.14814814814814814,0.8518518518518519,0.1111111111111111,0.8888888888888888,0.375,0.6666666666666666,0.8333333333333334
olmo2_7b_instruct,OLMo,arc_challenge,7,pca_hidden_embeddings__hgb,0.13591864039482113,0.09522392403967285,0.04069471635514828,0.2222222222222222,0.7777777777777778,0.18518518518518517,0.8148148148148149,0.1111111111111111,0.8888888888888888,0.3333333333333333,0.5833333333333334,0.8333333333333334
olmo2_7b_instruct,OLMo,arc_challenge,7,cheap_plus_pca_hidden__logreg,0.1551394904431508,0.11444477408800253,0.04069471635514828,0.20833333333333334,0.7916666666666666,0.24074074074074073,0.7592592592592593,0.1388888888888889,0.8611111111111112,0.375,0.4583333333333333,0.7916666666666666
olmo2_7b_instruct,OLMo,arc_challenge,7,cheap_plus_pca_hidden__mlp,0.2102033275840322,0.16950861122888394,0.04069471635514828,0.2638888888888889,0.7361111111111112,0.24074074074074073,0.7592592592592593,0.16666666666666666,0.8333333333333334,0.20833333333333334,0.4583333333333333,0.75
olmo2_7b_instruct,OLMo,arc_challenge,7,cheap_plus_pca_hidden__extratrees,0.1405931430469199,0.09989842669177161,0.04069471635514828,0.19444444444444445,0.8055555555555556,0.16666666666666666,0.8333333333333334,0.1388888888888889,0.8611111111111112,0.4166666666666667,0.625,0.7916666666666666
olmo2_7b_instruct,OLMo,arc_challenge,7,cheap_plus_pca_hidden__hgb,0.14026052367346278,0.0995658073183145,0.04069471635514828,0.20833333333333334,0.7916666666666666,0.14814814814814814,0.8518518518518519,0.1388888888888889,0.8611111111111112,0.375,0.6666666666666666,0.7916666666666666
olmo2_7b_instruct,OLMo,arc_challenge,123,direct_pmax,0.14847138346979666,0.10777666711464838,0.04069471635514828,0.19444444444444445,0.8055555555555556,0.1111111111111111,0.8888888888888888,0.1111111111111111,0.8888888888888888,0.4166666666666667,0.75,0.8333333333333334
olmo2_7b_instruct,OLMo,arc_challenge,123,cheap_confidence_option__logreg,0.133094305709017,0.09239958935386873,0.04069471635514828,0.18055555555555555,0.8194444444444444,0.16666666666666666,0.8333333333333334,0.1111111111111111,0.8888888888888888,0.4583333333333333,0.625,0.8333333333333334
olmo2_7b_instruct,OLMo,arc_challenge,123,cheap_confidence_option__mlp,0.15375469346564416,0.11305997711049588,0.04069471635514828,0.2222222222222222,0.7777777777777778,0.18518518518518517,0.8148148148148149,0.1388888888888889,0.8611111111111112,0.3333333333333333,0.5833333333333334,0.7916666666666666
olmo2_7b_instruct,OLMo,arc_challenge,123,cheap_confidence_option__extratrees,0.1578765566107156,0.11718184025556731,0.04069471635514828,0.20833333333333334,0.7916666666666666,0.12962962962962962,0.8703703703703703,0.1388888888888889,0.8611111111111112,0.375,0.7083333333333334,0.7916666666666666
olmo2_7b_instruct,OLMo,arc_challenge,123,cheap_confidence_option__hgb,0.20590218738728613,0.16520747103213784,0.04069471635514828,0.2222222222222222,0.7777777777777778,0.16666666666666666,0.8333333333333334,0.19444444444444445,0.8055555555555556,0.3333333333333333,0.625,0.7083333333333334
olmo2_7b_instruct,OLMo,arc_challenge,123,hidden_summary_only__logreg,0.15906861943903589,0.11837390308388761,0.04069471635514828,0.2222222222222222,0.7777777777777778,0.12962962962962962,0.8703703703703703,0.1111111111111111,0.8888888888888888,0.3333333333333333,0.7083333333333334,0.8333333333333334
olmo2_7b_instruct,OLMo,arc_challenge,123,hidden_summary_only__mlp,0.26936814056479713,0.22867342420964887,0.04069471635514828,0.2361111111111111,0.7638888888888888,0.2777777777777778,0.7222222222222222,0.3055555555555556,0.6944444444444444,0.2916666666666667,0.375,0.5416666666666666
olmo2_7b_instruct,OLMo,arc_challenge,123,hidden_summary_only__extratrees,0.16934381198448,0.12864909562933174,0.04069471635514828,0.20833333333333334,0.7916666666666666,0.16666666666666666,0.8333333333333334,0.16666666666666666,0.8333333333333334,0.375,0.625,0.75
olmo2_7b_instruct,OLMo,arc_challenge,123,hidden_summary_only__hgb,0.18314707225703541,0.14245235590188715,0.04069471635514828,0.2222222222222222,0.7777777777777778,0.12962962962962962,0.8703703703703703,0.1111111111111111,0.8888888888888888,0.3333333333333333,0.7083333333333334,0.8333333333333334
olmo2_7b_instruct,OLMo,arc_challenge,123,cheap_plus_hidden_summary__logreg,0.12474160791288925,0.08404689155774098,0.04069471635514828,0.2222222222222222,0.7777777777777778,0.12962962962962962,0.8703703703703703,0.1111111111111111,0.8888888888888888,0.3333333333333333,0.7083333333333334,0.8333333333333334
olmo2_7b_instruct,OLMo,arc_challenge,123,cheap_plus_hidden_summary__mlp,0.15727066774286685,0.11657595138771858,0.04069471635514828,0.20833333333333334,0.7916666666666666,0.18518518518518517,0.8148148148148149,0.1111111111111111,0.8888888888888888,0.375,0.5833333333333334,0.8333333333333334
olmo2_7b_instruct,OLMo,arc_challenge,123,cheap_plus_hidden_summary__extratrees,0.1358549888547082,0.09516027249955993,0.04069471635514828,0.18055555555555555,0.8194444444444444,0.12962962962962962,0.8703703703703703,0.1111111111111111,0.8888888888888888,0.4583333333333333,0.7083333333333334,0.8333333333333334
olmo2_7b_instruct,OLMo,arc_challenge,123,cheap_plus_hidden_summary__hgb,0.1493526310491002,0.10865791469395193,0.04069471635514828,0.18055555555555555,0.8194444444444444,0.14814814814814814,0.8518518518518519,0.1111111111111111,0.8888888888888888,0.4583333333333333,0.6666666666666666,0.8333333333333334
olmo2_7b_instruct,OLMo,arc_challenge,123,pca_hidden_embeddings__logreg,0.16702458555167077,0.1263298691965225,0.04069471635514828,0.2222222222222222,0.7777777777777778,0.2222222222222222,0.7777777777777778,0.19444444444444445,0.8055555555555556,0.3333333333333333,0.5,0.7083333333333334
olmo2_7b_instruct,OLMo,arc_challenge,123,pca_hidden_embeddings__mlp,0.32085116766740607,0.2801564513122578,0.04069471635514828,0.2777777777777778,0.7222222222222222,0.3148148148148148,0.6851851851851851,0.3888888888888889,0.6111111111111112,0.16666666666666666,0.2916666666666667,0.4166666666666667
olmo2_7b_instruct,OLMo,arc_challenge,123,pca_hidden_embeddings__extratrees,0.13700782739247805,0.09631311103732977,0.04069471635514828,0.20833333333333334,0.7916666666666666,0.14814814814814814,0.8518518518518519,0.1111111111111111,0.8888888888888888,0.375,0.6666666666666666,0.8333333333333334
olmo2_7b_instruct,OLMo,arc_challenge,123,pca_hidden_embeddings__hgb,0.15498590710010904,0.11429119074496076,0.04069471635514828,0.2222222222222222,0.7777777777777778,0.18518518518518517,0.8148148148148149,0.1111111111111111,0.8888888888888888,0.3333333333333333,0.5833333333333334,0.8333333333333334
olmo2_7b_instruct,OLMo,arc_challenge,123,cheap_plus_pca_hidden__logreg,0.14524279017865308,0.1045480738235048,0.04069471635514828,0.20833333333333334,0.7916666666666666,0.2222222222222222,0.7777777777777778,0.16666666666666666,0.8333333333333334,0.375,0.5,0.75
olmo2_7b_instruct,OLMo,arc_challenge,123,cheap_plus_pca_hidden__mlp,0.2368505438364802,0.19615582748133192,0.04069471635514828,0.2638888888888889,0.7361111111111112,0.2962962962962963,0.7037037037037037,0.25,0.75,0.20833333333333334,0.3333333333333333,0.625
olmo2_7b_instruct,OLMo,arc_challenge,123,cheap_plus_pca_hidden__extratrees,0.12623721827686368,0.0855425019217154,0.04069471635514828,0.19444444444444445,0.8055555555555556,0.12962962962962962,0.8703703703703703,0.1111111111111111,0.8888888888888888,0.4166666666666667,0.7083333333333334,0.8333333333333334
olmo2_7b_instruct,OLMo,arc_challenge,123,cheap_plus_pca_hidden__hgb,0.15167993388571432,0.11098521753056605,0.04069471635514828,0.19444444444444445,0.8055555555555556,0.14814814814814814,0.8518518518518519,0.1388888888888889,0.8611111111111112,0.4166666666666667,0.6666666666666666,0.7916666666666666
olmo2_7b_instruct,OLMo,arc_challenge,777,direct_pmax,0.09810789774581864,0.057413181390670365,0.04069471635514828,0.18055555555555555,0.8194444444444444,0.07407407407407407,0.9259259259259259,0.05555555555555555,0.9444444444444444,0.4583333333333333,0.8333333333333334,0.9166666666666666
olmo2_7b_instruct,OLMo,arc_challenge,777,cheap_confidence_option__logreg,0.12110198953817936,0.08040727318303108,0.04069471635514828,0.16666666666666666,0.8333333333333334,0.14814814814814814,0.8518518518518519,0.08333333333333333,0.9166666666666666,0.5,0.6666666666666666,0.875
olmo2_7b_instruct,OLMo,arc_challenge,777,cheap_confidence_option__mlp,0.10539786161754341,0.06470314526239514,0.04069471635514828,0.16666666666666666,0.8333333333333334,0.09259259259259259,0.9074074074074074,0.08333333333333333,0.9166666666666666,0.5,0.7916666666666666,0.875
olmo2_7b_instruct,OLMo,arc_challenge,777,cheap_confidence_option__extratrees,0.139499135649201,0.09880441929405272,0.04069471635514828,0.19444444444444445,0.8055555555555556,0.07407407407407407,0.9259259259259259,0.08333333333333333,0.9166666666666666,0.4166666666666667,0.8333333333333334,0.875
olmo2_7b_instruct,OLMo,arc_challenge,777,cheap_confidence_option__hgb,0.16919119611646058,0.1284964797613123,0.04069471635514828,0.2222222222222222,0.7777777777777778,0.1111111111111111,0.8888888888888888,0.1111111111111111,0.8888888888888888,0.3333333333333333,0.75,0.8333333333333334
olmo2_7b_instruct,OLMo,arc_challenge,777,hidden_summary_only__logreg,0.1327295269051447,0.09203481054999642,0.04069471635514828,0.18055555555555555,0.8194444444444444,0.18518518518518517,0.8148148148148149,0.1111111111111111,0.8888888888888888,0.4583333333333333,0.5833333333333334,0.8333333333333334
olmo2_7b_instruct,OLMo,arc_challenge,777,hidden_summary_only__mlp,0.22724027767782445,0.1865455613226762,0.04069471635514828,0.2361111111111111,0.7638888888888888,0.2037037037037037,0.7962962962962963,0.25,0.75,0.2916666666666667,0.5416666666666666,0.625
olmo2_7b_instruct,OLMo,arc_challenge,777,hidden_summary_only__extratrees,0.16249493901046236,0.12180022265531408,0.04069471635514828,0.19444444444444445,0.8055555555555556,0.16666666666666666,0.8333333333333334,0.08333333333333333,0.9166666666666666,0.4166666666666667,0.625,0.875
olmo2_7b_instruct,OLMo,arc_challenge,777,hidden_summary_only__hgb,0.1948505448503019,0.15415582849515364,0.04069471635514828,0.20833333333333334,0.7916666666666666,0.14814814814814814,0.8518518518518519,0.16666666666666666,0.8333333333333334,0.375,0.6666666666666666,0.75
olmo2_7b_instruct,OLMo,arc_challenge,777,cheap_plus_hidden_summary__logreg,0.13777644875786946,0.09708173240272118,0.04069471635514828,0.18055555555555555,0.8194444444444444,0.14814814814814814,0.8518518518518519,0.1388888888888889,0.8611111111111112,0.4583333333333333,0.6666666666666666,0.7916666666666666
olmo2_7b_instruct,OLMo,arc_challenge,777,cheap_plus_hidden_summary__mlp,0.1128221208233869,0.07212740446823862,0.04069471635514828,0.16666666666666666,0.8333333333333334,0.12962962962962962,0.8703703703703703,0.08333333333333333,0.9166666666666666,0.5,0.7083333333333334,0.875
olmo2_7b_instruct,OLMo,arc_challenge,777,cheap_plus_hidden_summary__extratrees,0.1160037493479433,0.07530903299279502,0.04069471635514828,0.18055555555555555,0.8194444444444444,0.07407407407407407,0.9259259259259259,0.05555555555555555,0.9444444444444444,0.4583333333333333,0.8333333333333334,0.9166666666666666
olmo2_7b_instruct,OLMo,arc_challenge,777,cheap_plus_hidden_summary__hgb,0.15679933350714817,0.11610461715199989,0.04069471635514828,0.19444444444444445,0.8055555555555556,0.14814814814814814,0.8518518518518519,0.1388888888888889,0.8611111111111112,0.4166666666666667,0.6666666666666666,0.7916666666666666
olmo2_7b_instruct,OLMo,arc_challenge,777,pca_hidden_embeddings__logreg,0.11483200571274897,0.0741372893576007,0.04069471635514828,0.18055555555555555,0.8194444444444444,0.1111111111111111,0.8888888888888888,0.05555555555555555,0.9444444444444444,0.4583333333333333,0.75,0.9166666666666666
olmo2_7b_instruct,OLMo,arc_challenge,777,pca_hidden_embeddings__mlp,0.13407249303476823,0.09337777667961995,0.04069471635514828,0.2222222222222222,0.7777777777777778,0.16666666666666666,0.8333333333333334,0.08333333333333333,0.9166666666666666,0.3333333333333333,0.625,0.875
olmo2_7b_instruct,OLMo,arc_challenge,777,pca_hidden_embeddings__extratrees,0.11538160352498286,0.07468688716983458,0.04069471635514828,0.19444444444444445,0.8055555555555556,0.1111111111111111,0.8888888888888888,0.05555555555555555,0.9444444444444444,0.4166666666666667,0.75,0.9166666666666666
olmo2_7b_instruct,OLMo,arc_challenge,777,pca_hidden_embeddings__hgb,0.1777310349038321,0.1370363185486838,0.04069471635514828,0.20833333333333334,0.7916666666666666,0.14814814814814814,0.8518518518518519,0.1111111111111111,0.8888888888888888,0.375,0.6666666666666666,0.8333333333333334
olmo2_7b_instruct,OLMo,arc_challenge,777,cheap_plus_pca_hidden__logreg,0.10363174427196661,0.06293702791681834,0.04069471635514828,0.1527777777777778,0.8472222222222222,0.1111111111111111,0.8888888888888888,0.08333333333333333,0.9166666666666666,0.5416666666666666,0.75,0.875
olmo2_7b_instruct,OLMo,arc_challenge,777,cheap_plus_pca_hidden__mlp,0.11416637667607983,0.07347166032093155,0.04069471635514828,0.20833333333333334,0.7916666666666666,0.16666666666666666,0.8333333333333334,0.05555555555555555,0.9444444444444444,0.375,0.625,0.9166666666666666
olmo2_7b_instruct,OLMo,arc_challenge,777,cheap_plus_pca_hidden__extratrees,0.11453803924619989,0.07384332289105161,0.04069471635514828,0.16666666666666666,0.8333333333333334,0.05555555555555555,0.9444444444444444,0.08333333333333333,0.9166666666666666,0.5,0.875,0.875
olmo2_7b_instruct,OLMo,arc_challenge,777,cheap_plus_pca_hidden__hgb,0.11150969890933381,0.07081498255418553,0.04069471635514828,0.125,0.875,0.07407407407407407,0.9259259259259259,0.05555555555555555,0.9444444444444444,0.625,0.8333333333333334,0.9166666666666666
olmo2_7b_instruct,OLMo,arc_challenge,2025,direct_pmax,0.08685167645092985,0.046156960095781574,0.04069471635514828,0.1388888888888889,0.8611111111111112,0.05555555555555555,0.9444444444444444,0.05555555555555555,0.9444444444444444,0.5833333333333334,0.875,0.9166666666666666
olmo2_7b_instruct,OLMo,arc_challenge,2025,cheap_confidence_option__logreg,0.09344248372260743,0.05274776736745915,0.04069471635514828,0.1527777777777778,0.8472222222222222,0.09259259259259259,0.9074074074074074,0.05555555555555555,0.9444444444444444,0.5416666666666666,0.7916666666666666,0.9166666666666666
olmo2_7b_instruct,OLMo,arc_challenge,2025,cheap_confidence_option__mlp,0.07607647271525657,0.03538175636010829,0.04069471635514828,0.1388888888888889,0.8611111111111112,0.07407407407407407,0.9259259259259259,0.027777777777777776,0.9722222222222222,0.5833333333333334,0.8333333333333334,0.9583333333333334
olmo2_7b_instruct,OLMo,arc_challenge,2025,cheap_confidence_option__extratrees,0.08803028203046984,0.04733556567532156,0.04069471635514828,0.1527777777777778,0.8472222222222222,0.07407407407407407,0.9259259259259259,0.027777777777777776,0.9722222222222222,0.5416666666666666,0.8333333333333334,0.9583333333333334
olmo2_7b_instruct,OLMo,arc_challenge,2025,cheap_confidence_option__hgb,0.10641358855641375,0.06571887220126547,0.04069471635514828,0.18055555555555555,0.8194444444444444,0.07407407407407407,0.9259259259259259,0.08333333333333333,0.9166666666666666,0.4583333333333333,0.8333333333333334,0.875
olmo2_7b_instruct,OLMo,arc_challenge,2025,hidden_summary_only__logreg,0.22686012109902415,0.18616540474387588,0.04069471635514828,0.19444444444444445,0.8055555555555556,0.2037037037037037,0.7962962962962963,0.2222222222222222,0.7777777777777778,0.4166666666666667,0.5416666666666666,0.6666666666666666
olmo2_7b_instruct,OLMo,arc_challenge,2025,hidden_summary_only__mlp,0.29646588522056666,0.2557711688654184,0.04069471635514828,0.2222222222222222,0.7777777777777778,0.25925925925925924,0.7407407407407407,0.2222222222222222,0.7777777777777778,0.3333333333333333,0.4166666666666667,0.6666666666666666
olmo2_7b_instruct,OLMo,arc_challenge,2025,hidden_summary_only__extratrees,0.15932354881048927,0.11862883245534099,0.04069471635514828,0.18055555555555555,0.8194444444444444,0.12962962962962962,0.8703703703703703,0.16666666666666666,0.8333333333333334,0.4583333333333333,0.7083333333333334,0.75
olmo2_7b_instruct,OLMo,arc_challenge,2025,hidden_summary_only__hgb,0.15571672116164398,0.1150220048064957,0.04069471635514828,0.19444444444444445,0.8055555555555556,0.16666666666666666,0.8333333333333334,0.16666666666666666,0.8333333333333334,0.4166666666666667,0.625,0.75
olmo2_7b_instruct,OLMo,arc_challenge,2025,cheap_plus_hidden_summary__logreg,0.2050699224395444,0.1643752060843961,0.04069471635514828,0.18055555555555555,0.8194444444444444,0.2037037037037037,0.7962962962962963,0.19444444444444445,0.8055555555555556,0.4583333333333333,0.5416666666666666,0.7083333333333334
olmo2_7b_instruct,OLMo,arc_challenge,2025,cheap_plus_hidden_summary__mlp,0.20165866634650176,0.1609639499913535,0.04069471635514828,0.2361111111111111,0.7638888888888888,0.25925925925925924,0.7407407407407407,0.25,0.75,0.2916666666666667,0.4166666666666667,0.625
olmo2_7b_instruct,OLMo,arc_challenge,2025,cheap_plus_hidden_summary__extratrees,0.07505218920004392,0.03435747284489564,0.04069471635514828,0.1527777777777778,0.8472222222222222,0.07407407407407407,0.9259259259259259,0.027777777777777776,0.9722222222222222,0.5416666666666666,0.8333333333333334,0.9583333333333334
olmo2_7b_instruct,OLMo,arc_challenge,2025,cheap_plus_hidden_summary__hgb,0.10925523848065527,0.06856052212550699,0.04069471635514828,0.19444444444444445,0.8055555555555556,0.14814814814814814,0.8518518518518519,0.05555555555555555,0.9444444444444444,0.4166666666666667,0.6666666666666666,0.9166666666666666
olmo2_7b_instruct,OLMo,arc_challenge,2025,pca_hidden_embeddings__logreg,0.12372410468719434,0.08302938833204607,0.04069471635514828,0.19444444444444445,0.8055555555555556,0.12962962962962962,0.8703703703703703,0.08333333333333333,0.9166666666666666,0.4166666666666667,0.7083333333333334,0.875
olmo2_7b_instruct,OLMo,arc_challenge,2025,pca_hidden_embeddings__mlp,0.2517633325480108,0.21106861619286255,0.04069471635514828,0.2777777777777778,0.7222222222222222,0.2777777777777778,0.7222222222222222,0.25,0.75,0.16666666666666666,0.375,0.625
olmo2_7b_instruct,OLMo,arc_challenge,2025,pca_hidden_embeddings__extratrees,0.0923442825297283,0.051649566174580025,0.04069471635514828,0.18055555555555555,0.8194444444444444,0.12962962962962962,0.8703703703703703,0.0,1.0,0.4583333333333333,0.7083333333333334,1.0
olmo2_7b_instruct,OLMo,arc_challenge,2025,pca_hidden_embeddings__hgb,0.12743691236973934,0.08674219601459106,0.04069471635514828,0.19444444444444445,0.8055555555555556,0.14814814814814814,0.8518518518518519,0.1388888888888889,0.8611111111111112,0.4166666666666667,0.6666666666666666,0.7916666666666666
olmo2_7b_instruct,OLMo,arc_challenge,2025,cheap_plus_pca_hidden__logreg,0.12463502704980883,0.08394031069466056,0.04069471635514828,0.19444444444444445,0.8055555555555556,0.14814814814814814,0.8518518518518519,0.1111111111111111,0.8888888888888888,0.4166666666666667,0.6666666666666666,0.8333333333333334
olmo2_7b_instruct,OLMo,arc_challenge,2025,cheap_plus_pca_hidden__mlp,0.086590764894239,0.045896048539090725,0.04069471635514828,0.1388888888888889,0.8611111111111112,0.09259259259259259,0.9074074074074074,0.05555555555555555,0.9444444444444444,0.5833333333333334,0.7916666666666666,0.9166666666666666
olmo2_7b_instruct,OLMo,arc_challenge,2025,cheap_plus_pca_hidden__extratrees,0.07754493530895835,0.03685021895381008,0.04069471635514828,0.1388888888888889,0.8611111111111112,0.07407407407407407,0.9259259259259259,0.027777777777777776,0.9722222222222222,0.5833333333333334,0.8333333333333334,0.9583333333333334
olmo2_7b_instruct,OLMo,arc_challenge,2025,cheap_plus_pca_hidden__hgb,0.08568802749178894,0.044993311136640665,0.04069471635514828,0.1527777777777778,0.8472222222222222,0.09259259259259259,0.9074074074074074,0.08333333333333333,0.9166666666666666,0.5416666666666666,0.7916666666666666,0.875
olmo2_7b_instruct,OLMo,commonsenseqa,42,direct_pmax,0.1466920615232391,0.10598149772008014,0.04071056380315897,0.18333333333333332,0.8166666666666667,0.15555555555555556,0.8444444444444444,0.11666666666666667,0.8833333333333333,0.4567901234567901,0.654320987654321,0.8271604938271605
olmo2_7b_instruct,OLMo,commonsenseqa,42,cheap_confidence_option__logreg,0.1341560952186468,0.09344553141548784,0.04071056380315897,0.18333333333333332,0.8166666666666667,0.14444444444444443,0.8555555555555556,0.09166666666666666,0.9083333333333333,0.4567901234567901,0.6790123456790124,0.8641975308641975
olmo2_7b_instruct,OLMo,commonsenseqa,42,cheap_confidence_option__mlp,0.1300421236075351,0.08933155980437613,0.04071056380315897,0.18333333333333332,0.8166666666666667,0.16111111111111112,0.8388888888888889,0.10833333333333334,0.8916666666666666,0.4567901234567901,0.6419753086419753,0.8395061728395061
olmo2_7b_instruct,OLMo,commonsenseqa,42,cheap_confidence_option__extratrees,0.1229594933930908,0.08224892958993182,0.04071056380315897,0.1875,0.8125,0.13333333333333333,0.8666666666666667,0.08333333333333333,0.9166666666666666,0.4444444444444444,0.7037037037037037,0.8765432098765432
olmo2_7b_instruct,OLMo,commonsenseqa,42,cheap_confidence_option__hgb,0.13364157003695357,0.0929310062337946,0.04071056380315897,0.2125,0.7875,0.1388888888888889,0.8611111111111112,0.10833333333333334,0.8916666666666666,0.37037037037037035,0.691358024691358,0.8395061728395061
olmo2_7b_instruct,OLMo,commonsenseqa,42,hidden_summary_only__logreg,0.159931999954287,0.11922143615112804,0.04071056380315897,0.20416666666666666,0.7958333333333334,0.15555555555555556,0.8444444444444444,0.15,0.85,0.3950617283950617,0.654320987654321,0.7777777777777778
olmo2_7b_instruct,OLMo,commonsenseqa,42,hidden_summary_only__mlp,0.16763749945225853,0.12692693564909957,0.04071056380315897,0.22083333333333333,0.7791666666666667,0.19444444444444445,0.8055555555555556,0.15,0.85,0.345679012345679,0.5679012345679012,0.7777777777777778
olmo2_7b_instruct,OLMo,commonsenseqa,42,hidden_summary_only__extratrees,0.1772921396639287,0.13658157586076974,0.04071056380315897,0.21666666666666667,0.7833333333333333,0.18333333333333332,0.8166666666666667,0.16666666666666666,0.8333333333333334,0.35802469135802467,0.5925925925925926,0.7530864197530864
olmo2_7b_instruct,OLMo,commonsenseqa,42,hidden_summary_only__hgb,0.18550475941274291,0.14479419560958395,0.04071056380315897,0.23333333333333334,0.7666666666666666,0.20555555555555555,0.7944444444444445,0.175,0.825,0.30864197530864196,0.5432098765432098,0.7407407407407407
olmo2_7b_instruct,OLMo,commonsenseqa,42,cheap_plus_hidden_summary__logreg,0.13682478664082984,0.09611422283767088,0.04071056380315897,0.18333333333333332,0.8166666666666667,0.14444444444444443,0.8555555555555556,0.11666666666666667,0.8833333333333333,0.4567901234567901,0.6790123456790124,0.8271604938271605
olmo2_7b_instruct,OLMo,commonsenseqa,42,cheap_plus_hidden_summary__mlp,0.14670719321222145,0.10599662940906249,0.04071056380315897,0.1875,0.8125,0.15555555555555556,0.8444444444444444,0.125,0.875,0.4444444444444444,0.654320987654321,0.8148148148148148
olmo2_7b_instruct,OLMo,commonsenseqa,42,cheap_plus_hidden_summary__extratrees,0.13378301057091388,0.09307244676775492,0.04071056380315897,0.19583333333333333,0.8041666666666667,0.15555555555555556,0.8444444444444444,0.09166666666666666,0.9083333333333333,0.41975308641975306,0.654320987654321,0.8641975308641975
olmo2_7b_instruct,OLMo,commonsenseqa,42,cheap_plus_hidden_summary__hgb,0.14786375516147326,0.1071531913583143,0.04071056380315897,0.23333333333333334,0.7666666666666666,0.15,0.85,0.125,0.875,0.30864197530864196,0.6666666666666666,0.8148148148148148
olmo2_7b_instruct,OLMo,commonsenseqa,42,pca_hidden_embeddings__logreg,0.12240339211347553,0.08169282831031657,0.04071056380315897,0.19583333333333333,0.8041666666666667,0.1388888888888889,0.8611111111111112,0.058333333333333334,0.9416666666666667,0.41975308641975306,0.691358024691358,0.9135802469135802
olmo2_7b_instruct,OLMo,commonsenseqa,42,pca_hidden_embeddings__mlp,0.18562171803585314,0.14491115423269418,0.04071056380315897,0.23333333333333334,0.7666666666666666,0.19444444444444445,0.8055555555555556,0.175,0.825,0.30864197530864196,0.5679012345679012,0.7407407407407407
olmo2_7b_instruct,OLMo,commonsenseqa,42,pca_hidden_embeddings__extratrees,0.1283099715030086,0.08759940769984964,0.04071056380315897,0.20833333333333334,0.7916666666666666,0.14444444444444443,0.8555555555555556,0.1,0.9,0.38271604938271603,0.6790123456790124,0.8518518518518519
olmo2_7b_instruct,OLMo,commonsenseqa,42,pca_hidden_embeddings__hgb,0.15209565558352112,0.11138509178036216,0.04071056380315897,0.19583333333333333,0.8041666666666667,0.16666666666666666,0.8333333333333334,0.16666666666666666,0.8333333333333334,0.41975308641975306,0.6296296296296297,0.7530864197530864
olmo2_7b_instruct,OLMo,commonsenseqa,42,cheap_plus_pca_hidden__logreg,0.11923488213154367,0.07852431832838469,0.04071056380315897,0.19166666666666668,0.8083333333333333,0.12222222222222222,0.8777777777777778,0.09166666666666666,0.9083333333333333,0.43209876543209874,0.7283950617283951,0.8641975308641975
olmo2_7b_instruct,OLMo,commonsenseqa,42,cheap_plus_pca_hidden__mlp,0.11748089149940559,0.07677032769624662,0.04071056380315897,0.18333333333333332,0.8166666666666667,0.12777777777777777,0.8722222222222222,0.10833333333333334,0.8916666666666666,0.4567901234567901,0.7160493827160493,0.8395061728395061
olmo2_7b_instruct,OLMo,commonsenseqa,42,cheap_plus_pca_hidden__extratrees,0.12175735482331057,0.08104679102015161,0.04071056380315897,0.18333333333333332,0.8166666666666667,0.1388888888888889,0.8611111111111112,0.09166666666666666,0.9083333333333333,0.4567901234567901,0.691358024691358,0.8641975308641975
olmo2_7b_instruct,OLMo,commonsenseqa,42,cheap_plus_pca_hidden__hgb,0.12427329992782955,0.08356273612467058,0.04071056380315897,0.21666666666666667,0.7833333333333333,0.12777777777777777,0.8722222222222222,0.1,0.9,0.35802469135802467,0.7160493827160493,0.8518518518518519
olmo2_7b_instruct,OLMo,commonsenseqa,7,direct_pmax,0.13242793262210115,0.09171736881894219,0.04071056380315897,0.1875,0.8125,0.12777777777777777,0.8722222222222222,0.125,0.875,0.4444444444444444,0.7160493827160493,0.8148148148148148
olmo2_7b_instruct,OLMo,commonsenseqa,7,cheap_confidence_option__logreg,0.12574728100198,0.08503671719882103,0.04071056380315897,0.20416666666666666,0.7958333333333334,0.12777777777777777,0.8722222222222222,0.09166666666666666,0.9083333333333333,0.3950617283950617,0.7160493827160493,0.8641975308641975
olmo2_7b_instruct,OLMo,commonsenseqa,7,cheap_confidence_option__mlp,0.13978655704431361,0.09907599324115465,0.04071056380315897,0.19583333333333333,0.8041666666666667,0.1388888888888889,0.8611111111111112,0.10833333333333334,0.8916666666666666,0.41975308641975306,0.691358024691358,0.8395061728395061
olmo2_7b_instruct,OLMo,commonsenseqa,7,cheap_confidence_option__extratrees,0.1257942866142697,0.08508372281111073,0.04071056380315897,0.20416666666666666,0.7958333333333334,0.11666666666666667,0.8833333333333333,0.1,0.9,0.3950617283950617,0.7407407407407407,0.8518518518518519
olmo2_7b_instruct,OLMo,commonsenseqa,7,cheap_confidence_option__hgb,0.1392797247539006,0.09856916095074164,0.04071056380315897,0.21666666666666667,0.7833333333333333,0.13333333333333333,0.8666666666666667,0.09166666666666666,0.9083333333333333,0.35802469135802467,0.7037037037037037,0.8641975308641975
olmo2_7b_instruct,OLMo,commonsenseqa,7,hidden_summary_only__logreg,0.18560058350887865,0.14489001970571969,0.04071056380315897,0.2125,0.7875,0.19444444444444445,0.8055555555555556,0.16666666666666666,0.8333333333333334,0.37037037037037035,0.5679012345679012,0.7530864197530864
olmo2_7b_instruct,OLMo,commonsenseqa,7,hidden_summary_only__mlp,0.23929720392940348,0.19858664012624452,0.04071056380315897,0.24583333333333332,0.7541666666666667,0.2222222222222222,0.7777777777777778,0.225,0.775,0.2716049382716049,0.5061728395061729,0.6666666666666666
olmo2_7b_instruct,OLMo,commonsenseqa,7,hidden_summary_only__extratrees,0.21078455439207477,0.1700739905889158,0.04071056380315897,0.2375,0.7625,0.23333333333333334,0.7666666666666666,0.20833333333333334,0.7916666666666666,0.2962962962962963,0.48148148148148145,0.691358024691358
olmo2_7b_instruct,OLMo,commonsenseqa,7,hidden_summary_only__hgb,0.21433294257612712,0.17362237877296816,0.04071056380315897,0.25,0.75,0.24444444444444444,0.7555555555555555,0.21666666666666667,0.7833333333333333,0.25925925925925924,0.4567901234567901,0.6790123456790124
olmo2_7b_instruct,OLMo,commonsenseqa,7,cheap_plus_hidden_summary__logreg,0.12861593606526767,0.0879053722621087,0.04071056380315897,0.2125,0.7875,0.15555555555555556,0.8444444444444444,0.1,0.9,0.37037037037037035,0.654320987654321,0.8518518518518519
olmo2_7b_instruct,OLMo,commonsenseqa,7,cheap_plus_hidden_summary__mlp,0.13880888551897283,0.09809832171581387,0.04071056380315897,0.2,0.8,0.16111111111111112,0.8388888888888889,0.10833333333333334,0.8916666666666666,0.4074074074074074,0.6419753086419753,0.8395061728395061
olmo2_7b_instruct,OLMo,commonsenseqa,7,cheap_plus_hidden_summary__extratrees,0.13384105616115483,0.09313049235799586,0.04071056380315897,0.19583333333333333,0.8041666666666667,0.12777777777777777,0.8722222222222222,0.1,0.9,0.41975308641975306,0.7160493827160493,0.8518518518518519
olmo2_7b_instruct,OLMo,commonsenseqa,7,cheap_plus_hidden_summary__hgb,0.1630747777121515,0.12236421390899255,0.04071056380315897,0.225,0.775,0.17777777777777778,0.8222222222222222,0.15,0.85,0.3333333333333333,0.6049382716049383,0.7777777777777778
olmo2_7b_instruct,OLMo,commonsenseqa,7,pca_hidden_embeddings__logreg,0.14447727231468407,0.10376670851152511,0.04071056380315897,0.20833333333333334,0.7916666666666666,0.17777777777777778,0.8222222222222222,0.10833333333333334,0.8916666666666666,0.38271604938271603,0.6049382716049383,0.8395061728395061
olmo2_7b_instruct,OLMo,commonsenseqa,7,pca_hidden_embeddings__mlp,0.2513600770079428,0.2106495132047838,0.04071056380315897,0.2625,0.7375,0.25555555555555554,0.7444444444444445,0.26666666666666666,0.7333333333333334,0.2222222222222222,0.43209876543209874,0.6049382716049383
olmo2_7b_instruct,OLMo,commonsenseqa,7,pca_hidden_embeddings__extratrees,0.1547011186858777,0.11399055488271873,0.04071056380315897,0.22083333333333333,0.7791666666666667,0.17777777777777778,0.8222222222222222,0.15,0.85,0.345679012345679,0.6049382716049383,0.7777777777777778
olmo2_7b_instruct,OLMo,commonsenseqa,7,pca_hidden_embeddings__hgb,0.18703629906013433,0.14632573525697537,0.04071056380315897,0.22916666666666666,0.7708333333333334,0.2111111111111111,0.7888888888888889,0.16666666666666666,0.8333333333333334,0.32098765432098764,0.5308641975308642,0.7530864197530864
olmo2_7b_instruct,OLMo,commonsenseqa,7,cheap_plus_pca_hidden__logreg,0.14964860337589211,0.10893803957273315,0.04071056380315897,0.2125,0.7875,0.17222222222222222,0.8277777777777777,0.14166666666666666,0.8583333333333334,0.37037037037037035,0.6172839506172839,0.7901234567901234
olmo2_7b_instruct,OLMo,commonsenseqa,7,cheap_plus_pca_hidden__mlp,0.1179785072663491,0.07726794346319013,0.04071056380315897,0.19166666666666668,0.8083333333333333,0.12222222222222222,0.8777777777777778,0.075,0.925,0.43209876543209874,0.7283950617283951,0.8888888888888888
olmo2_7b_instruct,OLMo,commonsenseqa,7,cheap_plus_pca_hidden__extratrees,0.12560486479275507,0.0848943009895961,0.04071056380315897,0.2,0.8,0.13333333333333333,0.8666666666666667,0.10833333333333334,0.8916666666666666,0.4074074074074074,0.7037037037037037,0.8395061728395061
olmo2_7b_instruct,OLMo,commonsenseqa,7,cheap_plus_pca_hidden__hgb,0.15499480380664474,0.11428424000348578,0.04071056380315897,0.20833333333333334,0.7916666666666666,0.15555555555555556,0.8444444444444444,0.125,0.875,0.38271604938271603,0.654320987654321,0.8148148148148148
olmo2_7b_instruct,OLMo,commonsenseqa,123,direct_pmax,0.1276624300917002,0.08695186628854124,0.04071056380315897,0.18333333333333332,0.8166666666666667,0.13333333333333333,0.8666666666666667,0.10833333333333334,0.8916666666666666,0.4567901234567901,0.7037037037037037,0.8395061728395061
olmo2_7b_instruct,OLMo,commonsenseqa,123,cheap_confidence_option__logreg,0.12519652378575793,0.08448595998259897,0.04071056380315897,0.19583333333333333,0.8041666666666667,0.11666666666666667,0.8833333333333333,0.075,0.925,0.41975308641975306,0.7407407407407407,0.8888888888888888
olmo2_7b_instruct,OLMo,commonsenseqa,123,cheap_confidence_option__mlp,0.14933737770449723,0.10862681390133827,0.04071056380315897,0.1875,0.8125,0.11666666666666667,0.8833333333333333,0.10833333333333334,0.8916666666666666,0.4444444444444444,0.7407407407407407,0.8395061728395061
olmo2_7b_instruct,OLMo,commonsenseqa,123,cheap_confidence_option__extratrees,0.12616484036090345,0.08545427655774449,0.04071056380315897,0.19583333333333333,0.8041666666666667,0.11666666666666667,0.8833333333333333,0.08333333333333333,0.9166666666666666,0.41975308641975306,0.7407407407407407,0.8765432098765432
olmo2_7b_instruct,OLMo,commonsenseqa,123,cheap_confidence_option__hgb,0.1470958252885799,0.10638526148542093,0.04071056380315897,0.22916666666666666,0.7708333333333334,0.15,0.85,0.13333333333333333,0.8666666666666667,0.32098765432098764,0.6666666666666666,0.8024691358024691
olmo2_7b_instruct,OLMo,commonsenseqa,123,hidden_summary_only__logreg,0.1715260049523204,0.13081544114916144,0.04071056380315897,0.19166666666666668,0.8083333333333333,0.15,0.85,0.15,0.85,0.43209876543209874,0.6666666666666666,0.7777777777777778
olmo2_7b_instruct,OLMo,commonsenseqa,123,hidden_summary_only__mlp,0.28873064696637923,0.24802008316322027,0.04071056380315897,0.2916666666666667,0.7083333333333333,0.3111111111111111,0.6888888888888889,0.30833333333333335,0.6916666666666667,0.13580246913580246,0.30864197530864196,0.5432098765432098
olmo2_7b_instruct,OLMo,commonsenseqa,123,hidden_summary_only__extratrees,0.17479248354875188,0.13408191974559291,0.04071056380315897,0.21666666666666667,0.7833333333333333,0.18888888888888888,0.8111111111111111,0.125,0.875,0.35802469135802467,0.5802469135802469,0.8148148148148148
olmo2_7b_instruct,OLMo,commonsenseqa,123,hidden_summary_only__hgb,0.18391501356154238,0.14320444975838342,0.04071056380315897,0.22083333333333333,0.7791666666666667,0.18888888888888888,0.8111111111111111,0.15833333333333333,0.8416666666666667,0.345679012345679,0.5802469135802469,0.7654320987654321
olmo2_7b_instruct,OLMo,commonsenseqa,123,cheap_plus_hidden_summary__logreg,0.127671042370286,0.08696047856712705,0.04071056380315897,0.19583333333333333,0.8041666666666667,0.1111111111111111,0.8888888888888888,0.075,0.925,0.41975308641975306,0.7530864197530864,0.8888888888888888
olmo2_7b_instruct,OLMo,commonsenseqa,123,cheap_plus_hidden_summary__mlp,0.13556688516158036,0.0948563213584214,0.04071056380315897,0.20416666666666666,0.7958333333333334,0.09444444444444444,0.9055555555555556,0.06666666666666667,0.9333333333333333,0.3950617283950617,0.7901234567901234,0.9012345679012346
olmo2_7b_instruct,OLMo,commonsenseqa,123,cheap_plus_hidden_summary__extratrees,0.1231239475095456,0.08241338370638662,0.04071056380315897,0.18333333333333332,0.8166666666666667,0.1111111111111111,0.8888888888888888,0.075,0.925,0.4567901234567901,0.7530864197530864,0.8888888888888888
olmo2_7b_instruct,OLMo,commonsenseqa,123,cheap_plus_hidden_summary__hgb,0.14206983483082222,0.10135927102766326,0.04071056380315897,0.19583333333333333,0.8041666666666667,0.12777777777777777,0.8722222222222222,0.10833333333333334,0.8916666666666666,0.41975308641975306,0.7160493827160493,0.8395061728395061
olmo2_7b_instruct,OLMo,commonsenseqa,123,pca_hidden_embeddings__logreg,0.136148381421789,0.09543781761863004,0.04071056380315897,0.1875,0.8125,0.14444444444444443,0.8555555555555556,0.10833333333333334,0.8916666666666666,0.4444444444444444,0.6790123456790124,0.8395061728395061
olmo2_7b_instruct,OLMo,commonsenseqa,123,pca_hidden_embeddings__mlp,0.24636421476275974,0.20565365095960078,0.04071056380315897,0.25,0.75,0.25555555555555554,0.7444444444444445,0.26666666666666666,0.7333333333333334,0.25925925925925924,0.43209876543209874,0.6049382716049383
olmo2_7b_instruct,OLMo,commonsenseqa,123,pca_hidden_embeddings__extratrees,0.12717382127947824,0.08646325747631928,0.04071056380315897,0.20833333333333334,0.7916666666666666,0.11666666666666667,0.8833333333333333,0.075,0.925,0.38271604938271603,0.7407407407407407,0.8888888888888888
olmo2_7b_instruct,OLMo,commonsenseqa,123,pca_hidden_embeddings__hgb,0.1512342545066763,0.11052369070351734,0.04071056380315897,0.22083333333333333,0.7791666666666667,0.15555555555555556,0.8444444444444444,0.125,0.875,0.345679012345679,0.654320987654321,0.8148148148148148
olmo2_7b_instruct,OLMo,commonsenseqa,123,cheap_plus_pca_hidden__logreg,0.12563409183566762,0.08492352803250866,0.04071056380315897,0.18333333333333332,0.8166666666666667,0.12777777777777777,0.8722222222222222,0.10833333333333334,0.8916666666666666,0.4567901234567901,0.7160493827160493,0.8395061728395061
olmo2_7b_instruct,OLMo,commonsenseqa,123,cheap_plus_pca_hidden__mlp,0.13168771935842852,0.09097715555526956,0.04071056380315897,0.2,0.8,0.12222222222222222,0.8777777777777778,0.1,0.9,0.4074074074074074,0.7283950617283951,0.8518518518518519
olmo2_7b_instruct,OLMo,commonsenseqa,123,cheap_plus_pca_hidden__extratrees,0.11734753835746631,0.07663697455430735,0.04071056380315897,0.1875,0.8125,0.12777777777777777,0.8722222222222222,0.08333333333333333,0.9166666666666666,0.4444444444444444,0.7160493827160493,0.8765432098765432
olmo2_7b_instruct,OLMo,commonsenseqa,123,cheap_plus_pca_hidden__hgb,0.1453186742034904,0.10460811040033144,0.04071056380315897,0.19583333333333333,0.8041666666666667,0.1388888888888889,0.8611111111111112,0.09166666666666666,0.9083333333333333,0.41975308641975306,0.691358024691358,0.8641975308641975
olmo2_7b_instruct,OLMo,commonsenseqa,777,direct_pmax,0.1356983474753773,0.09498778367221833,0.04071056380315897,0.19166666666666668,0.8083333333333333,0.12222222222222222,0.8777777777777778,0.10833333333333334,0.8916666666666666,0.43209876543209874,0.7283950617283951,0.8395061728395061
olmo2_7b_instruct,OLMo,commonsenseqa,777,cheap_confidence_option__logreg,0.1419278086259628,0.10121724482280384,0.04071056380315897,0.18333333333333332,0.8166666666666667,0.12777777777777777,0.8722222222222222,0.08333333333333333,0.9166666666666666,0.4567901234567901,0.7160493827160493,0.8765432098765432
olmo2_7b_instruct,OLMo,commonsenseqa,777,cheap_confidence_option__mlp,0.1439903932658343,0.10327982946267533,0.04071056380315897,0.19166666666666668,0.8083333333333333,0.11666666666666667,0.8833333333333333,0.10833333333333334,0.8916666666666666,0.43209876543209874,0.7407407407407407,0.8395061728395061
olmo2_7b_instruct,OLMo,commonsenseqa,777,cheap_confidence_option__extratrees,0.1366697711711438,0.09595920736798483,0.04071056380315897,0.19583333333333333,0.8041666666666667,0.1388888888888889,0.8611111111111112,0.06666666666666667,0.9333333333333333,0.41975308641975306,0.691358024691358,0.9012345679012346
olmo2_7b_instruct,OLMo,commonsenseqa,777,cheap_confidence_option__hgb,0.15539630518320724,0.11468574138004828,0.04071056380315897,0.21666666666666667,0.7833333333333333,0.15555555555555556,0.8444444444444444,0.11666666666666667,0.8833333333333333,0.35802469135802467,0.654320987654321,0.8271604938271605
olmo2_7b_instruct,OLMo,commonsenseqa,777,hidden_summary_only__logreg,0.16275614126490515,0.12204557746174619,0.04071056380315897,0.19583333333333333,0.8041666666666667,0.1388888888888889,0.8611111111111112,0.13333333333333333,0.8666666666666667,0.41975308641975306,0.691358024691358,0.8024691358024691
olmo2_7b_instruct,OLMo,commonsenseqa,777,hidden_summary_only__mlp,0.27232558328612716,0.2316150194829682,0.04071056380315897,0.2625,0.7375,0.25555555555555554,0.7444444444444445,0.26666666666666666,0.7333333333333334,0.2222222222222222,0.43209876543209874,0.6049382716049383
olmo2_7b_instruct,OLMo,commonsenseqa,777,hidden_summary_only__extratrees,0.18517176136612556,0.1444611975629666,0.04071056380315897,0.225,0.775,0.19444444444444445,0.8055555555555556,0.11666666666666667,0.8833333333333333,0.3333333333333333,0.5679012345679012,0.8271604938271605
olmo2_7b_instruct,OLMo,commonsenseqa,777,hidden_summary_only__hgb,0.1936312363702308,0.15292067256707184,0.04071056380315897,0.22083333333333333,0.7791666666666667,0.19444444444444445,0.8055555555555556,0.16666666666666666,0.8333333333333334,0.345679012345679,0.5679012345679012,0.7530864197530864
olmo2_7b_instruct,OLMo,commonsenseqa,777,cheap_plus_hidden_summary__logreg,0.14754790541374058,0.10683734161058162,0.04071056380315897,0.1875,0.8125,0.1388888888888889,0.8611111111111112,0.1,0.9,0.4444444444444444,0.691358024691358,0.8518518518518519
olmo2_7b_instruct,OLMo,commonsenseqa,777,cheap_plus_hidden_summary__mlp,0.16362319485263582,0.12291263104947686,0.04071056380315897,0.19583333333333333,0.8041666666666667,0.16111111111111112,0.8388888888888889,0.09166666666666666,0.9083333333333333,0.41975308641975306,0.6419753086419753,0.8641975308641975
olmo2_7b_instruct,OLMo,commonsenseqa,777,cheap_plus_hidden_summary__extratrees,0.13435442167307288,0.09364385786991392,0.04071056380315897,0.2,0.8,0.13333333333333333,0.8666666666666667,0.06666666666666667,0.9333333333333333,0.4074074074074074,0.7037037037037037,0.9012345679012346
olmo2_7b_instruct,OLMo,commonsenseqa,777,cheap_plus_hidden_summary__hgb,0.15938309042604554,0.11867252662288658,0.04071056380315897,0.2,0.8,0.17222222222222222,0.8277777777777777,0.11666666666666667,0.8833333333333333,0.4074074074074074,0.6172839506172839,0.8271604938271605
olmo2_7b_instruct,OLMo,commonsenseqa,777,pca_hidden_embeddings__logreg,0.13432249326494414,0.09361192946178518,0.04071056380315897,0.17916666666666667,0.8208333333333333,0.13333333333333333,0.8666666666666667,0.10833333333333334,0.8916666666666666,0.4691358024691358,0.7037037037037037,0.8395061728395061
olmo2_7b_instruct,OLMo,commonsenseqa,777,pca_hidden_embeddings__mlp,0.1591463528800466,0.11843578907688765,0.04071056380315897,0.20416666666666666,0.7958333333333334,0.15,0.85,0.15,0.85,0.3950617283950617,0.6666666666666666,0.7777777777777778
olmo2_7b_instruct,OLMo,commonsenseqa,777,pca_hidden_embeddings__extratrees,0.1416928741924311,0.10098231038927213,0.04071056380315897,0.20416666666666666,0.7958333333333334,0.14444444444444443,0.8555555555555556,0.10833333333333334,0.8916666666666666,0.3950617283950617,0.6790123456790124,0.8395061728395061
olmo2_7b_instruct,OLMo,commonsenseqa,777,pca_hidden_embeddings__hgb,0.15951580020583905,0.11880523640268009,0.04071056380315897,0.22083333333333333,0.7791666666666667,0.16111111111111112,0.8388888888888889,0.125,0.875,0.345679012345679,0.6419753086419753,0.8148148148148148
olmo2_7b_instruct,OLMo,commonsenseqa,777,cheap_plus_pca_hidden__logreg,0.13063621248549995,0.08992564868234099,0.04071056380315897,0.1875,0.8125,0.1388888888888889,0.8611111111111112,0.10833333333333334,0.8916666666666666,0.4444444444444444,0.691358024691358,0.8395061728395061
olmo2_7b_instruct,OLMo,commonsenseqa,777,cheap_plus_pca_hidden__mlp,0.1232876919300642,0.08257712812690524,0.04071056380315897,0.175,0.825,0.13333333333333333,0.8666666666666667,0.06666666666666667,0.9333333333333333,0.48148148148148145,0.7037037037037037,0.9012345679012346
olmo2_7b_instruct,OLMo,commonsenseqa,777,cheap_plus_pca_hidden__extratrees,0.12143883893289247,0.08072827512973349,0.04071056380315897,0.1875,0.8125,0.12222222222222222,0.8777777777777778,0.075,0.925,0.4444444444444444,0.7283950617283951,0.8888888888888888
olmo2_7b_instruct,OLMo,commonsenseqa,777,cheap_plus_pca_hidden__hgb,0.13014522785810498,0.08943466405494602,0.04071056380315897,0.20833333333333334,0.7916666666666666,0.13333333333333333,0.8666666666666667,0.09166666666666666,0.9083333333333333,0.38271604938271603,0.7037037037037037,0.8641975308641975
olmo2_7b_instruct,OLMo,commonsenseqa,2025,direct_pmax,0.13048144240123916,0.0897708785980802,0.04071056380315897,0.1875,0.8125,0.1388888888888889,0.8611111111111112,0.11666666666666667,0.8833333333333333,0.4444444444444444,0.691358024691358,0.8271604938271605
olmo2_7b_instruct,OLMo,commonsenseqa,2025,cheap_confidence_option__logreg,0.12573331370564692,0.08502274990248795,0.04071056380315897,0.19583333333333333,0.8041666666666667,0.1111111111111111,0.8888888888888888,0.09166666666666666,0.9083333333333333,0.41975308641975306,0.7530864197530864,0.8641975308641975
olmo2_7b_instruct,OLMo,commonsenseqa,2025,cheap_confidence_option__mlp,0.1404546052570861,0.09974404145392715,0.04071056380315897,0.20416666666666666,0.7958333333333334,0.11666666666666667,0.8833333333333333,0.09166666666666666,0.9083333333333333,0.3950617283950617,0.7407407407407407,0.8641975308641975
olmo2_7b_instruct,OLMo,commonsenseqa,2025,cheap_confidence_option__extratrees,0.12007817807386069,0.07936761427070171,0.04071056380315897,0.20416666666666666,0.7958333333333334,0.11666666666666667,0.8833333333333333,0.075,0.925,0.3950617283950617,0.7407407407407407,0.8888888888888888
olmo2_7b_instruct,OLMo,commonsenseqa,2025,cheap_confidence_option__hgb,0.1331211178103831,0.09241055400722414,0.04071056380315897,0.22083333333333333,0.7791666666666667,0.16666666666666666,0.8333333333333334,0.09166666666666666,0.9083333333333333,0.345679012345679,0.6296296296296297,0.8641975308641975
olmo2_7b_instruct,OLMo,commonsenseqa,2025,hidden_summary_only__logreg,0.1847990334161815,0.14408846961302255,0.04071056380315897,0.20416666666666666,0.7958333333333334,0.17222222222222222,0.8277777777777777,0.15833333333333333,0.8416666666666667,0.3950617283950617,0.6172839506172839,0.7654320987654321
olmo2_7b_instruct,OLMo,commonsenseqa,2025,hidden_summary_only__mlp,0.291604075915472,0.25089351211231303,0.04071056380315897,0.2625,0.7375,0.2833333333333333,0.7166666666666667,0.30833333333333335,0.6916666666666667,0.2222222222222222,0.37037037037037035,0.5432098765432098
olmo2_7b_instruct,OLMo,commonsenseqa,2025,hidden_summary_only__extratrees,0.19057162111105375,0.14986105730789478,0.04071056380315897,0.23333333333333334,0.7666666666666666,0.18888888888888888,0.8111111111111111,0.14166666666666666,0.8583333333333334,0.30864197530864196,0.5802469135802469,0.7901234567901234
olmo2_7b_instruct,OLMo,commonsenseqa,2025,hidden_summary_only__hgb,0.1891385957842199,0.14842803198106094,0.04071056380315897,0.2375,0.7625,0.2,0.8,0.18333333333333332,0.8166666666666667,0.2962962962962963,0.5555555555555556,0.7283950617283951
olmo2_7b_instruct,OLMo,commonsenseqa,2025,cheap_plus_hidden_summary__logreg,0.12649750658781206,0.0857869427846531,0.04071056380315897,0.19166666666666668,0.8083333333333333,0.13333333333333333,0.8666666666666667,0.1,0.9,0.43209876543209874,0.7037037037037037,0.8518518518518519
olmo2_7b_instruct,OLMo,commonsenseqa,2025,cheap_plus_hidden_summary__mlp,0.12831062173009355,0.0876000579269346,0.04071056380315897,0.17916666666666667,0.8208333333333333,0.12777777777777777,0.8722222222222222,0.1,0.9,0.4691358024691358,0.7160493827160493,0.8518518518518519
olmo2_7b_instruct,OLMo,commonsenseqa,2025,cheap_plus_hidden_summary__extratrees,0.12318170699576735,0.08247114319260837,0.04071056380315897,0.2,0.8,0.11666666666666667,0.8833333333333333,0.09166666666666666,0.9083333333333333,0.4074074074074074,0.7407407407407407,0.8641975308641975
olmo2_7b_instruct,OLMo,commonsenseqa,2025,cheap_plus_hidden_summary__hgb,0.13171502543607622,0.09100446163291726,0.04071056380315897,0.2125,0.7875,0.14444444444444443,0.8555555555555556,0.1,0.9,0.37037037037037035,0.6790123456790124,0.8518518518518519
olmo2_7b_instruct,OLMo,commonsenseqa,2025,pca_hidden_embeddings__logreg,0.1316468818405312,0.09093631803737223,0.04071056380315897,0.2125,0.7875,0.15,0.85,0.10833333333333334,0.8916666666666666,0.37037037037037035,0.6666666666666666,0.8395061728395061
olmo2_7b_instruct,OLMo,commonsenseqa,2025,pca_hidden_embeddings__mlp,0.1452711648982932,0.10456060109513424,0.04071056380315897,0.24166666666666667,0.7583333333333333,0.18333333333333332,0.8166666666666667,0.11666666666666667,0.8833333333333333,0.2839506172839506,0.5925925925925926,0.8271604938271605
olmo2_7b_instruct,OLMo,commonsenseqa,2025,pca_hidden_embeddings__extratrees,0.14234121973772176,0.1016306559345628,0.04071056380315897,0.225,0.775,0.16666666666666666,0.8333333333333334,0.1,0.9,0.3333333333333333,0.6296296296296297,0.8518518518518519
olmo2_7b_instruct,OLMo,commonsenseqa,2025,pca_hidden_embeddings__hgb,0.13262843315692027,0.09191786935376131,0.04071056380315897,0.2125,0.7875,0.15555555555555556,0.8444444444444444,0.09166666666666666,0.9083333333333333,0.37037037037037035,0.654320987654321,0.8641975308641975
olmo2_7b_instruct,OLMo,commonsenseqa,2025,cheap_plus_pca_hidden__logreg,0.11728159017492822,0.07657102637176924,0.04071056380315897,0.20833333333333334,0.7916666666666666,0.1388888888888889,0.8611111111111112,0.06666666666666667,0.9333333333333333,0.38271604938271603,0.691358024691358,0.9012345679012346
olmo2_7b_instruct,OLMo,commonsenseqa,2025,cheap_plus_pca_hidden__mlp,0.11949989535100825,0.07878933154784928,0.04071056380315897,0.20416666666666666,0.7958333333333334,0.12222222222222222,0.8777777777777778,0.06666666666666667,0.9333333333333333,0.3950617283950617,0.7283950617283951,0.9012345679012346
olmo2_7b_instruct,OLMo,commonsenseqa,2025,cheap_plus_pca_hidden__extratrees,0.12735462721879562,0.08664406341563666,0.04071056380315897,0.20416666666666666,0.7958333333333334,0.12777777777777777,0.8722222222222222,0.08333333333333333,0.9166666666666666,0.3950617283950617,0.7160493827160493,0.8765432098765432
olmo2_7b_instruct,OLMo,commonsenseqa,2025,cheap_plus_pca_hidden__hgb,0.11903908484686457,0.0783285210437056,0.04071056380315897,0.21666666666666667,0.7833333333333333,0.12777777777777777,0.8722222222222222,0.09166666666666666,0.9083333333333333,0.35802469135802467,0.7160493827160493,0.8641975308641975
olmo2_7b_instruct,OLMo,hellaswag,42,direct_pmax,0.20924657895917312,0.12815864143899058,0.08108793752018252,0.3,0.7,0.25,0.75,0.175,0.825,0.35714285714285715,0.5982142857142857,0.8125
olmo2_7b_instruct,OLMo,hellaswag,42,cheap_confidence_option__logreg,0.2100862230807242,0.12899828556054166,0.08108793752018252,0.3,0.7,0.22777777777777777,0.7722222222222223,0.15,0.85,0.35714285714285715,0.6339285714285714,0.8392857142857143
olmo2_7b_instruct,OLMo,hellaswag,42,cheap_confidence_option__mlp,0.20248508371188806,0.12139714619170554,0.08108793752018252,0.30833333333333335,0.6916666666666667,0.2222222222222222,0.7777777777777778,0.175,0.825,0.3392857142857143,0.6428571428571429,0.8125
olmo2_7b_instruct,OLMo,hellaswag,42,cheap_confidence_option__extratrees,0.22038385651863743,0.1392959189984549,0.08108793752018252,0.30416666666666664,0.6958333333333333,0.25555555555555554,0.7444444444444445,0.2,0.8,0.3482142857142857,0.5892857142857143,0.7857142857142857
olmo2_7b_instruct,OLMo,hellaswag,42,cheap_confidence_option__hgb,0.2597439793728574,0.17865604185267492,0.08108793752018252,0.30833333333333335,0.6916666666666667,0.2777777777777778,0.7222222222222222,0.25833333333333336,0.7416666666666667,0.3392857142857143,0.5535714285714286,0.7232142857142857
olmo2_7b_instruct,OLMo,hellaswag,42,hidden_summary_only__logreg,0.2700203556625927,0.18893241814241019,0.08108793752018252,0.3125,0.6875,0.26666666666666666,0.7333333333333334,0.2833333333333333,0.7166666666666667,0.33035714285714285,0.5714285714285714,0.6964285714285714
olmo2_7b_instruct,OLMo,hellaswag,42,hidden_summary_only__mlp,0.2418165341047552,0.16072859658457267,0.08108793752018252,0.3375,0.6625,0.26666666666666666,0.7333333333333334,0.21666666666666667,0.7833333333333333,0.2767857142857143,0.5714285714285714,0.7678571428571429
olmo2_7b_instruct,OLMo,hellaswag,42,hidden_summary_only__extratrees,0.26248893911535276,0.18140100159517025,0.08108793752018252,0.3333333333333333,0.6666666666666667,0.3055555555555556,0.6944444444444444,0.24166666666666667,0.7583333333333333,0.2857142857142857,0.5089285714285714,0.7410714285714286
olmo2_7b_instruct,OLMo,hellaswag,42,hidden_summary_only__hgb,0.2639791685696556,0.18289123104947308,0.08108793752018252,0.3375,0.6625,0.3333333333333333,0.6666666666666667,0.25833333333333336,0.7416666666666667,0.2767857142857143,0.4642857142857143,0.7232142857142857
olmo2_7b_instruct,OLMo,hellaswag,42,cheap_plus_hidden_summary__logreg,0.20442979248685467,0.12334185496667215,0.08108793752018252,0.2791666666666667,0.7208333333333333,0.2222222222222222,0.7777777777777778,0.16666666666666666,0.8333333333333334,0.4017857142857143,0.6428571428571429,0.8214285714285714
olmo2_7b_instruct,OLMo,hellaswag,42,cheap_plus_hidden_summary__mlp,0.21594502561259687,0.13485708809241437,0.08108793752018252,0.30833333333333335,0.6916666666666667,0.24444444444444444,0.7555555555555555,0.16666666666666666,0.8333333333333334,0.3392857142857143,0.6071428571428571,0.8214285714285714
olmo2_7b_instruct,OLMo,hellaswag,42,cheap_plus_hidden_summary__extratrees,0.20230126667847495,0.12121332915829243,0.08108793752018252,0.3,0.7,0.22777777777777777,0.7722222222222223,0.14166666666666666,0.8583333333333334,0.35714285714285715,0.6339285714285714,0.8482142857142857
olmo2_7b_instruct,OLMo,hellaswag,42,cheap_plus_hidden_summary__hgb,0.2112933693957082,0.1302054318755257,0.08108793752018252,0.31666666666666665,0.6833333333333333,0.2722222222222222,0.7277777777777779,0.19166666666666668,0.8083333333333333,0.32142857142857145,0.5625,0.7946428571428571
olmo2_7b_instruct,OLMo,hellaswag,42,pca_hidden_embeddings__logreg,0.21618639366781375,0.13509845614763122,0.08108793752018252,0.30416666666666664,0.6958333333333333,0.25555555555555554,0.7444444444444445,0.175,0.825,0.3482142857142857,0.5892857142857143,0.8125
olmo2_7b_instruct,OLMo,hellaswag,42,pca_hidden_embeddings__mlp,0.2781710718235301,0.19708313430334762,0.08108793752018252,0.31666666666666665,0.6833333333333333,0.29444444444444445,0.7055555555555555,0.275,0.725,0.32142857142857145,0.5267857142857143,0.7053571428571429
olmo2_7b_instruct,OLMo,hellaswag,42,pca_hidden_embeddings__extratrees,0.21674064725913592,0.13565270973895338,0.08108793752018252,0.29583333333333334,0.7041666666666666,0.2388888888888889,0.7611111111111111,0.2,0.8,0.36607142857142855,0.6160714285714286,0.7857142857142857
olmo2_7b_instruct,OLMo,hellaswag,42,pca_hidden_embeddings__hgb,0.2488750013556593,0.16778706383547676,0.08108793752018252,0.31666666666666665,0.6833333333333333,0.25555555555555554,0.7444444444444445,0.21666666666666667,0.7833333333333333,0.32142857142857145,0.5892857142857143,0.7678571428571429
olmo2_7b_instruct,OLMo,hellaswag,42,cheap_plus_pca_hidden__logreg,0.20108714886297424,0.11999921134279172,0.08108793752018252,0.2791666666666667,0.7208333333333333,0.2222222222222222,0.7777777777777778,0.175,0.825,0.4017857142857143,0.6428571428571429,0.8125
olmo2_7b_instruct,OLMo,hellaswag,42,cheap_plus_pca_hidden__mlp,0.2060299143004242,0.12494197678024167,0.08108793752018252,0.29583333333333334,0.7041666666666666,0.25555555555555554,0.7444444444444445,0.14166666666666666,0.8583333333333334,0.36607142857142855,0.5892857142857143,0.8482142857142857
olmo2_7b_instruct,OLMo,hellaswag,42,cheap_plus_pca_hidden__extratrees,0.20036855720740027,0.11928061968721775,0.08108793752018252,0.3,0.7,0.20555555555555555,0.7944444444444445,0.13333333333333333,0.8666666666666667,0.35714285714285715,0.6696428571428571,0.8571428571428571
olmo2_7b_instruct,OLMo,hellaswag,42,cheap_plus_pca_hidden__hgb,0.21920062394887424,0.13811268642869173,0.08108793752018252,0.3,0.7,0.23333333333333334,0.7666666666666666,0.15,0.85,0.35714285714285715,0.625,0.8392857142857143
olmo2_7b_instruct,OLMo,hellaswag,7,direct_pmax,0.282268701979286,0.2011807644591035,0.08108793752018252,0.31666666666666665,0.6833333333333333,0.28888888888888886,0.7111111111111111,0.25,0.75,0.32142857142857145,0.5357142857142857,0.7321428571428571
olmo2_7b_instruct,OLMo,hellaswag,7,cheap_confidence_option__logreg,0.24839995051074984,0.1673120129905673,0.08108793752018252,0.32083333333333336,0.6791666666666667,0.2777777777777778,0.7222222222222222,0.19166666666666668,0.8083333333333333,0.3125,0.5535714285714286,0.7946428571428571
olmo2_7b_instruct,OLMo,hellaswag,7,cheap_confidence_option__mlp,0.2745608519430618,0.19347291442287928,0.08108793752018252,0.32916666666666666,0.6708333333333334,0.28888888888888886,0.7111111111111111,0.24166666666666667,0.7583333333333333,0.29464285714285715,0.5357142857142857,0.7410714285714286
olmo2_7b_instruct,OLMo,hellaswag,7,cheap_confidence_option__extratrees,0.2493231697956126,0.16823523227543008,0.08108793752018252,0.32083333333333336,0.6791666666666667,0.2833333333333333,0.7166666666666667,0.20833333333333334,0.7916666666666666,0.3125,0.5446428571428571,0.7767857142857143
olmo2_7b_instruct,OLMo,hellaswag,7,cheap_confidence_option__hgb,0.2626065252251459,0.18151858770496337,0.08108793752018252,0.3375,0.6625,0.3111111111111111,0.6888888888888889,0.23333333333333334,0.7666666666666666,0.2767857142857143,0.5,0.75
olmo2_7b_instruct,OLMo,hellaswag,7,hidden_summary_only__logreg,0.28462477329336683,0.20353683577318432,0.08108793752018252,0.3458333333333333,0.6541666666666667,0.29444444444444445,0.7055555555555555,0.26666666666666666,0.7333333333333334,0.25892857142857145,0.5267857142857143,0.7142857142857143
olmo2_7b_instruct,OLMo,hellaswag,7,hidden_summary_only__mlp,0.24040454775005377,0.15931661022987126,0.08108793752018252,0.32916666666666666,0.6708333333333334,0.2777777777777778,0.7222222222222222,0.225,0.775,0.29464285714285715,0.5535714285714286,0.7589285714285714
olmo2_7b_instruct,OLMo,hellaswag,7,hidden_summary_only__extratrees,0.23292224227911082,0.15183430475892828,0.08108793752018252,0.35,0.65,0.2777777777777778,0.7222222222222222,0.225,0.775,0.25,0.5535714285714286,0.7589285714285714
olmo2_7b_instruct,OLMo,hellaswag,7,hidden_summary_only__hgb,0.2652137096981521,0.1841257721779696,0.08108793752018252,0.3375,0.6625,0.31666666666666665,0.6833333333333333,0.275,0.725,0.2767857142857143,0.49107142857142855,0.7053571428571429
olmo2_7b_instruct,OLMo,hellaswag,7,cheap_plus_hidden_summary__logreg,0.22747868800458168,0.14639075048439915,0.08108793752018252,0.30833333333333335,0.6916666666666667,0.25,0.75,0.2,0.8,0.3392857142857143,0.5982142857142857,0.7857142857142857
olmo2_7b_instruct,OLMo,hellaswag,7,cheap_plus_hidden_summary__mlp,0.2304807501604817,0.1493928126402992,0.08108793752018252,0.3125,0.6875,0.26666666666666666,0.7333333333333334,0.2,0.8,0.33035714285714285,0.5714285714285714,0.7857142857142857
olmo2_7b_instruct,OLMo,hellaswag,7,cheap_plus_hidden_summary__extratrees,0.2190242843265843,0.13793634680640177,0.08108793752018252,0.30833333333333335,0.6916666666666667,0.25,0.75,0.19166666666666668,0.8083333333333333,0.3392857142857143,0.5982142857142857,0.7946428571428571
olmo2_7b_instruct,OLMo,hellaswag,7,cheap_plus_hidden_summary__hgb,0.23716220714609396,0.15607426962591142,0.08108793752018252,0.325,0.675,0.2833333333333333,0.7166666666666667,0.225,0.775,0.30357142857142855,0.5446428571428571,0.7589285714285714
olmo2_7b_instruct,OLMo,hellaswag,7,pca_hidden_embeddings__logreg,0.23416993659122914,0.15308199907104664,0.08108793752018252,0.31666666666666665,0.6833333333333333,0.25555555555555554,0.7444444444444445,0.21666666666666667,0.7833333333333333,0.32142857142857145,0.5892857142857143,0.7678571428571429
olmo2_7b_instruct,OLMo,hellaswag,7,pca_hidden_embeddings__mlp,0.23562163693454627,0.15453369941436373,0.08108793752018252,0.3375,0.6625,0.2777777777777778,0.7222222222222222,0.21666666666666667,0.7833333333333333,0.2767857142857143,0.5535714285714286,0.7678571428571429
olmo2_7b_instruct,OLMo,hellaswag,7,pca_hidden_embeddings__extratrees,0.22633942687002745,0.14525148934984494,0.08108793752018252,0.29583333333333334,0.7041666666666666,0.2722222222222222,0.7277777777777779,0.2,0.8,0.36607142857142855,0.5625,0.7857142857142857
olmo2_7b_instruct,OLMo,hellaswag,7,pca_hidden_embeddings__hgb,0.24747510689108435,0.1663871693709018,0.08108793752018252,0.3333333333333333,0.6666666666666667,0.2833333333333333,0.7166666666666667,0.225,0.775,0.2857142857142857,0.5446428571428571,0.7589285714285714
olmo2_7b_instruct,OLMo,hellaswag,7,cheap_plus_pca_hidden__logreg,0.23574284849668303,0.15465491097650053,0.08108793752018252,0.3,0.7,0.2388888888888889,0.7611111111111111,0.225,0.775,0.35714285714285715,0.6160714285714286,0.7589285714285714
olmo2_7b_instruct,OLMo,hellaswag,7,cheap_plus_pca_hidden__mlp,0.2646428306524596,0.18355489313227707,0.08108793752018252,0.32083333333333336,0.6791666666666667,0.28888888888888886,0.7111111111111111,0.24166666666666667,0.7583333333333333,0.3125,0.5357142857142857,0.7410714285714286
olmo2_7b_instruct,OLMo,hellaswag,7,cheap_plus_pca_hidden__extratrees,0.22758156236833627,0.14649362484815376,0.08108793752018252,0.325,0.675,0.2722222222222222,0.7277777777777779,0.2,0.8,0.30357142857142855,0.5625,0.7857142857142857
olmo2_7b_instruct,OLMo,hellaswag,7,cheap_plus_pca_hidden__hgb,0.2204788553789343,0.1393909178587518,0.08108793752018252,0.32083333333333336,0.6791666666666667,0.25,0.75,0.2,0.8,0.3125,0.5982142857142857,0.7857142857142857
olmo2_7b_instruct,OLMo,hellaswag,123,direct_pmax,0.24756369397787534,0.1664757564576928,0.08108793752018252,0.32916666666666666,0.6708333333333334,0.2833333333333333,0.7166666666666667,0.175,0.825,0.29464285714285715,0.5446428571428571,0.8125
olmo2_7b_instruct,OLMo,hellaswag,123,cheap_confidence_option__logreg,0.2693183125071141,0.18823037498693157,0.08108793752018252,0.30833333333333335,0.6916666666666667,0.25555555555555554,0.7444444444444445,0.20833333333333334,0.7916666666666666,0.3392857142857143,0.5892857142857143,0.7767857142857143
olmo2_7b_instruct,OLMo,hellaswag,123,cheap_confidence_option__mlp,0.24635195403347254,0.16526401651329004,0.08108793752018252,0.32083333333333336,0.6791666666666667,0.2611111111111111,0.7388888888888889,0.19166666666666668,0.8083333333333333,0.3125,0.5803571428571429,0.7946428571428571
olmo2_7b_instruct,OLMo,hellaswag,123,cheap_confidence_option__extratrees,0.22196526478718653,0.14087732726700403,0.08108793752018252,0.30833333333333335,0.6916666666666667,0.25555555555555554,0.7444444444444445,0.21666666666666667,0.7833333333333333,0.3392857142857143,0.5892857142857143,0.7678571428571429
olmo2_7b_instruct,OLMo,hellaswag,123,cheap_confidence_option__hgb,0.24202535111941217,0.16093741359922964,0.08108793752018252,0.32916666666666666,0.6708333333333334,0.2833333333333333,0.7166666666666667,0.25833333333333336,0.7416666666666667,0.29464285714285715,0.5446428571428571,0.7232142857142857
olmo2_7b_instruct,OLMo,hellaswag,123,hidden_summary_only__logreg,0.254029494624381,0.1729415571041985,0.08108793752018252,0.32916666666666666,0.6708333333333334,0.2777777777777778,0.7222222222222222,0.24166666666666667,0.7583333333333333,0.29464285714285715,0.5535714285714286,0.7410714285714286
olmo2_7b_instruct,OLMo,hellaswag,123,hidden_summary_only__mlp,0.2705076718536554,0.18941973433347287,0.08108793752018252,0.3541666666666667,0.6458333333333333,0.32222222222222224,0.6777777777777778,0.2833333333333333,0.7166666666666667,0.24107142857142858,0.48214285714285715,0.6964285714285714
olmo2_7b_instruct,OLMo,hellaswag,123,hidden_summary_only__extratrees,0.22910931238004115,0.1480213748598586,0.08108793752018252,0.32916666666666666,0.6708333333333334,0.28888888888888886,0.7111111111111111,0.225,0.775,0.29464285714285715,0.5357142857142857,0.7589285714285714
olmo2_7b_instruct,OLMo,hellaswag,123,hidden_summary_only__hgb,0.2598632654064357,0.17877532788625317,0.08108793752018252,0.32916666666666666,0.6708333333333334,0.28888888888888886,0.7111111111111111,0.275,0.725,0.29464285714285715,0.5357142857142857,0.7053571428571429
olmo2_7b_instruct,OLMo,hellaswag,123,cheap_plus_hidden_summary__logreg,0.22113941530503184,0.14005147778484933,0.08108793752018252,0.3125,0.6875,0.25555555555555554,0.7444444444444445,0.175,0.825,0.33035714285714285,0.5892857142857143,0.8125
olmo2_7b_instruct,OLMo,hellaswag,123,cheap_plus_hidden_summary__mlp,0.22174047233580657,0.14065253481562406,0.08108793752018252,0.3125,0.6875,0.2722222222222222,0.7277777777777779,0.19166666666666668,0.8083333333333333,0.33035714285714285,0.5625,0.7946428571428571
olmo2_7b_instruct,OLMo,hellaswag,123,cheap_plus_hidden_summary__extratrees,0.19071919553039113,0.10963125801020861,0.08108793752018252,0.30833333333333335,0.6916666666666667,0.24444444444444444,0.7555555555555555,0.15,0.85,0.3392857142857143,0.6071428571428571,0.8392857142857143
olmo2_7b_instruct,OLMo,hellaswag,123,cheap_plus_hidden_summary__hgb,0.22475812102885945,0.14367018350867694,0.08108793752018252,0.31666666666666665,0.6833333333333333,0.22777777777777777,0.7722222222222223,0.15833333333333333,0.8416666666666667,0.32142857142857145,0.6339285714285714,0.8303571428571429
olmo2_7b_instruct,OLMo,hellaswag,123,pca_hidden_embeddings__logreg,0.20197168798770504,0.12088375046752252,0.08108793752018252,0.3125,0.6875,0.2388888888888889,0.7611111111111111,0.18333333333333332,0.8166666666666667,0.33035714285714285,0.6160714285714286,0.8035714285714286
olmo2_7b_instruct,OLMo,hellaswag,123,pca_hidden_embeddings__mlp,0.2837558214286593,0.2026678839084768,0.08108793752018252,0.3375,0.6625,0.2722222222222222,0.7277777777777779,0.26666666666666666,0.7333333333333334,0.2767857142857143,0.5625,0.7142857142857143
olmo2_7b_instruct,OLMo,hellaswag,123,pca_hidden_embeddings__extratrees,0.2014943469813926,0.12040640946121008,0.08108793752018252,0.30833333333333335,0.6916666666666667,0.2388888888888889,0.7611111111111111,0.16666666666666666,0.8333333333333334,0.3392857142857143,0.6160714285714286,0.8214285714285714
olmo2_7b_instruct,OLMo,hellaswag,123,pca_hidden_embeddings__hgb,0.22891438497473734,0.1478264474545548,0.08108793752018252,0.3333333333333333,0.6666666666666667,0.29444444444444445,0.7055555555555555,0.225,0.775,0.2857142857142857,0.5267857142857143,0.7589285714285714
olmo2_7b_instruct,OLMo,hellaswag,123,cheap_plus_pca_hidden__logreg,0.21086006122157447,0.12977212370139196,0.08108793752018252,0.30833333333333335,0.6916666666666667,0.23333333333333334,0.7666666666666666,0.175,0.825,0.3392857142857143,0.625,0.8125
olmo2_7b_instruct,OLMo,hellaswag,123,cheap_plus_pca_hidden__mlp,0.24115057903578452,0.160062641515602,0.08108793752018252,0.325,0.675,0.25555555555555554,0.7444444444444445,0.19166666666666668,0.8083333333333333,0.30357142857142855,0.5892857142857143,0.7946428571428571
olmo2_7b_instruct,OLMo,hellaswag,123,cheap_plus_pca_hidden__extratrees,0.20258675700521375,0.12149881948503123,0.08108793752018252,0.32083333333333336,0.6791666666666667,0.23333333333333334,0.7666666666666666,0.15833333333333333,0.8416666666666667,0.3125,0.625,0.8303571428571429
olmo2_7b_instruct,OLMo,hellaswag,123,cheap_plus_pca_hidden__hgb,0.2030157965659336,0.12192785904575108,0.08108793752018252,0.3125,0.6875,0.25,0.75,0.175,0.825,0.33035714285714285,0.5982142857142857,0.8125
olmo2_7b_instruct,OLMo,hellaswag,777,direct_pmax,0.23594518281996046,0.15485724529977796,0.08108793752018252,0.3125,0.6875,0.25,0.75,0.19166666666666668,0.8083333333333333,0.33035714285714285,0.5982142857142857,0.7946428571428571
olmo2_7b_instruct,OLMo,hellaswag,777,cheap_confidence_option__logreg,0.23649764506482038,0.15540970754463784,0.08108793752018252,0.2916666666666667,0.7083333333333333,0.25,0.75,0.20833333333333334,0.7916666666666666,0.375,0.5982142857142857,0.7767857142857143
olmo2_7b_instruct,OLMo,hellaswag,777,cheap_confidence_option__mlp,0.222868078255958,0.1417801407357755,0.08108793752018252,0.3,0.7,0.22777777777777777,0.7722222222222223,0.18333333333333332,0.8166666666666667,0.35714285714285715,0.6339285714285714,0.8035714285714286
olmo2_7b_instruct,OLMo,hellaswag,777,cheap_confidence_option__extratrees,0.21897187267476814,0.13788393515458564,0.08108793752018252,0.29583333333333334,0.7041666666666666,0.25,0.75,0.2,0.8,0.36607142857142855,0.5982142857142857,0.7857142857142857
olmo2_7b_instruct,OLMo,hellaswag,777,cheap_confidence_option__hgb,0.22290413711479326,0.14181619959461073,0.08108793752018252,0.30416666666666664,0.6958333333333333,0.2611111111111111,0.7388888888888889,0.19166666666666668,0.8083333333333333,0.3482142857142857,0.5803571428571429,0.7946428571428571
olmo2_7b_instruct,OLMo,hellaswag,777,hidden_summary_only__logreg,0.23394251794679397,0.15285458042661143,0.08108793752018252,0.3125,0.6875,0.2777777777777778,0.7222222222222222,0.2,0.8,0.33035714285714285,0.5535714285714286,0.7857142857142857
olmo2_7b_instruct,OLMo,hellaswag,777,hidden_summary_only__mlp,0.3218357137505192,0.24074777623033672,0.08108793752018252,0.35,0.65,0.3611111111111111,0.6388888888888888,0.2916666666666667,0.7083333333333333,0.25,0.41964285714285715,0.6875
olmo2_7b_instruct,OLMo,hellaswag,777,hidden_summary_only__extratrees,0.25154126512880953,0.17045332760862703,0.08108793752018252,0.32083333333333336,0.6791666666666667,0.29444444444444445,0.7055555555555555,0.24166666666666667,0.7583333333333333,0.3125,0.5267857142857143,0.7410714285714286
olmo2_7b_instruct,OLMo,hellaswag,777,hidden_summary_only__hgb,0.27228594987648697,0.19119801235630446,0.08108793752018252,0.3458333333333333,0.6541666666666667,0.29444444444444445,0.7055555555555555,0.2916666666666667,0.7083333333333333,0.25892857142857145,0.5267857142857143,0.6875
olmo2_7b_instruct,OLMo,hellaswag,777,cheap_plus_hidden_summary__logreg,0.21049858501254246,0.12941064749235992,0.08108793752018252,0.29583333333333334,0.7041666666666666,0.23333333333333334,0.7666666666666666,0.14166666666666666,0.8583333333333334,0.36607142857142855,0.625,0.8482142857142857
olmo2_7b_instruct,OLMo,hellaswag,777,cheap_plus_hidden_summary__mlp,0.21935675992318313,0.1382688224030006,0.08108793752018252,0.3,0.7,0.21666666666666667,0.7833333333333333,0.14166666666666666,0.8583333333333334,0.35714285714285715,0.6517857142857143,0.8482142857142857
olmo2_7b_instruct,OLMo,hellaswag,777,cheap_plus_hidden_summary__extratrees,0.20288107880555578,0.12179314128537326,0.08108793752018252,0.2916666666666667,0.7083333333333333,0.20555555555555555,0.7944444444444445,0.175,0.825,0.375,0.6696428571428571,0.8125
olmo2_7b_instruct,OLMo,hellaswag,777,cheap_plus_hidden_summary__hgb,0.21472219921079633,0.13363426169061382,0.08108793752018252,0.30416666666666664,0.6958333333333333,0.25,0.75,0.18333333333333332,0.8166666666666667,0.3482142857142857,0.5982142857142857,0.8035714285714286
olmo2_7b_instruct,OLMo,hellaswag,777,pca_hidden_embeddings__logreg,0.22164221170970186,0.14055427418951932,0.08108793752018252,0.3125,0.6875,0.23333333333333334,0.7666666666666666,0.16666666666666666,0.8333333333333334,0.33035714285714285,0.625,0.8214285714285714
olmo2_7b_instruct,OLMo,hellaswag,777,pca_hidden_embeddings__mlp,0.22945867048793475,0.14837073296775222,0.08108793752018252,0.3125,0.6875,0.2777777777777778,0.7222222222222222,0.23333333333333334,0.7666666666666666,0.33035714285714285,0.5535714285714286,0.75
olmo2_7b_instruct,OLMo,hellaswag,777,pca_hidden_embeddings__extratrees,0.20659605459865688,0.12550811707847437,0.08108793752018252,0.30416666666666664,0.6958333333333333,0.22777777777777777,0.7722222222222223,0.15,0.85,0.3482142857142857,0.6339285714285714,0.8392857142857143
olmo2_7b_instruct,OLMo,hellaswag,777,pca_hidden_embeddings__hgb,0.23334690326415924,0.15225896574397674,0.08108793752018252,0.32916666666666666,0.6708333333333334,0.2611111111111111,0.7388888888888889,0.20833333333333334,0.7916666666666666,0.29464285714285715,0.5803571428571429,0.7767857142857143
olmo2_7b_instruct,OLMo,hellaswag,777,cheap_plus_pca_hidden__logreg,0.22010848810643238,0.13902055058624985,0.08108793752018252,0.30416666666666664,0.6958333333333333,0.22777777777777777,0.7722222222222223,0.16666666666666666,0.8333333333333334,0.3482142857142857,0.6339285714285714,0.8214285714285714
olmo2_7b_instruct,OLMo,hellaswag,777,cheap_plus_pca_hidden__mlp,0.22726482365675038,0.14617688613656787,0.08108793752018252,0.3,0.7,0.25,0.75,0.18333333333333332,0.8166666666666667,0.35714285714285715,0.5982142857142857,0.8035714285714286
olmo2_7b_instruct,OLMo,hellaswag,777,cheap_plus_pca_hidden__extratrees,0.2005159706221287,0.11942803310194618,0.08108793752018252,0.2875,0.7125,0.21666666666666667,0.7833333333333333,0.14166666666666666,0.8583333333333334,0.38392857142857145,0.6517857142857143,0.8482142857142857
olmo2_7b_instruct,OLMo,hellaswag,777,cheap_plus_pca_hidden__hgb,0.2182210077889232,0.13713307026874066,0.08108793752018252,0.31666666666666665,0.6833333333333333,0.24444444444444444,0.7555555555555555,0.15,0.85,0.32142857142857145,0.6071428571428571,0.8392857142857143
olmo2_7b_instruct,OLMo,hellaswag,2025,direct_pmax,0.2510929600694951,0.1700050225493126,0.08108793752018252,0.325,0.675,0.2833333333333333,0.7166666666666667,0.20833333333333334,0.7916666666666666,0.30357142857142855,0.5446428571428571,0.7767857142857143
olmo2_7b_instruct,OLMo,hellaswag,2025,cheap_confidence_option__logreg,0.24413256734107003,0.16304462982088752,0.08108793752018252,0.32083333333333336,0.6791666666666667,0.24444444444444444,0.7555555555555555,0.2,0.8,0.3125,0.6071428571428571,0.7857142857142857
olmo2_7b_instruct,OLMo,hellaswag,2025,cheap_confidence_option__mlp,0.24045406314973178,0.15936612562954927,0.08108793752018252,0.325,0.675,0.25555555555555554,0.7444444444444445,0.21666666666666667,0.7833333333333333,0.30357142857142855,0.5892857142857143,0.7678571428571429
olmo2_7b_instruct,OLMo,hellaswag,2025,cheap_confidence_option__extratrees,0.24599017659424252,0.16490223907406,0.08108793752018252,0.32083333333333336,0.6791666666666667,0.25555555555555554,0.7444444444444445,0.20833333333333334,0.7916666666666666,0.3125,0.5892857142857143,0.7767857142857143
olmo2_7b_instruct,OLMo,hellaswag,2025,cheap_confidence_option__hgb,0.25099898185385705,0.16991104433367454,0.08108793752018252,0.3125,0.6875,0.2722222222222222,0.7277777777777779,0.26666666666666666,0.7333333333333334,0.33035714285714285,0.5625,0.7142857142857143
olmo2_7b_instruct,OLMo,hellaswag,2025,hidden_summary_only__logreg,0.25067348280042184,0.16958554528023934,0.08108793752018252,0.30416666666666664,0.6958333333333333,0.29444444444444445,0.7055555555555555,0.23333333333333334,0.7666666666666666,0.3482142857142857,0.5267857142857143,0.75
olmo2_7b_instruct,OLMo,hellaswag,2025,hidden_summary_only__mlp,0.266620055493715,0.18553211797353247,0.08108793752018252,0.3416666666666667,0.6583333333333333,0.2777777777777778,0.7222222222222222,0.24166666666666667,0.7583333333333333,0.26785714285714285,0.5535714285714286,0.7410714285714286
olmo2_7b_instruct,OLMo,hellaswag,2025,hidden_summary_only__extratrees,0.24800766162821997,0.16691972410803746,0.08108793752018252,0.35,0.65,0.31666666666666665,0.6833333333333333,0.25833333333333336,0.7416666666666667,0.25,0.49107142857142855,0.7232142857142857
olmo2_7b_instruct,OLMo,hellaswag,2025,hidden_summary_only__hgb,0.2847399895826348,0.2036520520624523,0.08108793752018252,0.35833333333333334,0.6416666666666666,0.32222222222222224,0.6777777777777778,0.25833333333333336,0.7416666666666667,0.23214285714285715,0.48214285714285715,0.7232142857142857
olmo2_7b_instruct,OLMo,hellaswag,2025,cheap_plus_hidden_summary__logreg,0.20839896797641871,0.1273110304562362,0.08108793752018252,0.3125,0.6875,0.25,0.75,0.2,0.8,0.33035714285714285,0.5982142857142857,0.7857142857142857
olmo2_7b_instruct,OLMo,hellaswag,2025,cheap_plus_hidden_summary__mlp,0.24365269279408244,0.1625647552738999,0.08108793752018252,0.32083333333333336,0.6791666666666667,0.28888888888888886,0.7111111111111111,0.21666666666666667,0.7833333333333333,0.3125,0.5357142857142857,0.7678571428571429
olmo2_7b_instruct,OLMo,hellaswag,2025,cheap_plus_hidden_summary__extratrees,0.20784832991609145,0.12676039239590892,0.08108793752018252,0.30833333333333335,0.6916666666666667,0.22777777777777777,0.7722222222222223,0.16666666666666666,0.8333333333333334,0.3392857142857143,0.6339285714285714,0.8214285714285714
olmo2_7b_instruct,OLMo,hellaswag,2025,cheap_plus_hidden_summary__hgb,0.21893917225146795,0.1378512347312854,0.08108793752018252,0.325,0.675,0.26666666666666666,0.7333333333333334,0.18333333333333332,0.8166666666666667,0.30357142857142855,0.5714285714285714,0.8035714285714286
olmo2_7b_instruct,OLMo,hellaswag,2025,pca_hidden_embeddings__logreg,0.2363259964444158,0.15523805892423326,0.08108793752018252,0.30833333333333335,0.6916666666666667,0.2722222222222222,0.7277777777777779,0.21666666666666667,0.7833333333333333,0.3392857142857143,0.5625,0.7678571428571429
olmo2_7b_instruct,OLMo,hellaswag,2025,pca_hidden_embeddings__mlp,0.31813820825592093,0.23705027073573842,0.08108793752018252,0.3458333333333333,0.6541666666666667,0.3388888888888889,0.6611111111111111,0.3333333333333333,0.6666666666666667,0.25892857142857145,0.45535714285714285,0.6428571428571429
olmo2_7b_instruct,OLMo,hellaswag,2025,pca_hidden_embeddings__extratrees,0.2248622138482138,0.1437742763280313,0.08108793752018252,0.30833333333333335,0.6916666666666667,0.26666666666666666,0.7333333333333334,0.2,0.8,0.3392857142857143,0.5714285714285714,0.7857142857142857
olmo2_7b_instruct,OLMo,hellaswag,2025,pca_hidden_embeddings__hgb,0.23714125430061272,0.15605331678043022,0.08108793752018252,0.30833333333333335,0.6916666666666667,0.26666666666666666,0.7333333333333334,0.23333333333333334,0.7666666666666666,0.3392857142857143,0.5714285714285714,0.75
olmo2_7b_instruct,OLMo,hellaswag,2025,cheap_plus_pca_hidden__logreg,0.2231269330770085,0.14203899555682598,0.08108793752018252,0.29583333333333334,0.7041666666666666,0.23333333333333334,0.7666666666666666,0.2,0.8,0.36607142857142855,0.625,0.7857142857142857
olmo2_7b_instruct,OLMo,hellaswag,2025,cheap_plus_pca_hidden__mlp,0.257542357442871,0.1764544199226885,0.08108793752018252,0.32916666666666666,0.6708333333333334,0.3,0.7,0.23333333333333334,0.7666666666666666,0.29464285714285715,0.5178571428571429,0.75
olmo2_7b_instruct,OLMo,hellaswag,2025,cheap_plus_pca_hidden__extratrees,0.219486829145697,0.1383988916255145,0.08108793752018252,0.29583333333333334,0.7041666666666666,0.2388888888888889,0.7611111111111111,0.18333333333333332,0.8166666666666667,0.36607142857142855,0.6160714285714286,0.8035714285714286
olmo2_7b_instruct,OLMo,hellaswag,2025,cheap_plus_pca_hidden__hgb,0.22357424330689427,0.14248630578671173,0.08108793752018252,0.3,0.7,0.23333333333333334,0.7666666666666666,0.18333333333333332,0.8166666666666667,0.35714285714285715,0.625,0.8035714285714286
olmo2_7b_instruct,OLMo,mmlu_all,42,direct_pmax,0.22815982362403797,0.10622134827643576,0.12193847534760222,0.3875,0.6125,0.3111111111111111,0.6888888888888889,0.19166666666666668,0.8083333333333333,0.3111111111111111,0.5851851851851851,0.8296296296296296
olmo2_7b_instruct,OLMo,mmlu_all,42,cheap_confidence_option__logreg,0.23184443021707485,0.10990595486947263,0.12193847534760222,0.3875,0.6125,0.32222222222222224,0.6777777777777778,0.19166666666666668,0.8083333333333333,0.3111111111111111,0.5703703703703704,0.8296296296296296
olmo2_7b_instruct,OLMo,mmlu_all,42,cheap_confidence_option__mlp,0.23567214693912394,0.11373367159152173,0.12193847534760222,0.38333333333333336,0.6166666666666667,0.3333333333333333,0.6666666666666667,0.16666666666666666,0.8333333333333334,0.31851851851851853,0.5555555555555556,0.8518518518518519
olmo2_7b_instruct,OLMo,mmlu_all,42,cheap_confidence_option__extratrees,0.24391724115928526,0.12197876581168304,0.12193847534760222,0.4083333333333333,0.5916666666666667,0.3333333333333333,0.6666666666666667,0.175,0.825,0.2740740740740741,0.5555555555555556,0.8444444444444444
olmo2_7b_instruct,OLMo,mmlu_all,42,cheap_confidence_option__hgb,0.26065609957452335,0.13871762422692113,0.12193847534760222,0.4083333333333333,0.5916666666666667,0.3277777777777778,0.6722222222222223,0.225,0.775,0.2740740740740741,0.562962962962963,0.8
olmo2_7b_instruct,OLMo,mmlu_all,42,hidden_summary_only__logreg,0.27400082872938797,0.15206235338178575,0.12193847534760222,0.4041666666666667,0.5958333333333333,0.3333333333333333,0.6666666666666667,0.21666666666666667,0.7833333333333333,0.2814814814814815,0.5555555555555556,0.8074074074074075
olmo2_7b_instruct,OLMo,mmlu_all,42,hidden_summary_only__mlp,0.40443473525380774,0.2824962599062055,0.12193847534760222,0.43333333333333335,0.5666666666666667,0.4,0.6,0.3416666666666667,0.6583333333333333,0.22962962962962963,0.4666666666666667,0.6962962962962963
olmo2_7b_instruct,OLMo,mmlu_all,42,hidden_summary_only__extratrees,0.2760617192616757,0.1541232439140735,0.12193847534760222,0.4166666666666667,0.5833333333333333,0.3333333333333333,0.6666666666666667,0.21666666666666667,0.7833333333333333,0.25925925925925924,0.5555555555555556,0.8074074074074075
olmo2_7b_instruct,OLMo,mmlu_all,42,hidden_summary_only__hgb,0.28831447869944926,0.16637600335184705,0.12193847534760222,0.425,0.575,0.3277777777777778,0.6722222222222223,0.25833333333333336,0.7416666666666667,0.24444444444444444,0.562962962962963,0.7703703703703704
olmo2_7b_instruct,OLMo,mmlu_all,42,cheap_plus_hidden_summary__logreg,0.22744442658477254,0.10550595123717033,0.12193847534760222,0.4083333333333333,0.5916666666666667,0.3111111111111111,0.6888888888888889,0.15,0.85,0.2740740740740741,0.5851851851851851,0.8666666666666667
olmo2_7b_instruct,OLMo,mmlu_all,42,cheap_plus_hidden_summary__mlp,0.23184514442957052,0.1099066690819683,0.12193847534760222,0.3958333333333333,0.6041666666666667,0.31666666666666665,0.6833333333333333,0.15,0.85,0.2962962962962963,0.5777777777777777,0.8666666666666667
olmo2_7b_instruct,OLMo,mmlu_all,42,cheap_plus_hidden_summary__extratrees,0.2348382712164116,0.11289979586880938,0.12193847534760222,0.38333333333333336,0.6166666666666667,0.32222222222222224,0.6777777777777778,0.13333333333333333,0.8666666666666667,0.31851851851851853,0.5703703703703704,0.8814814814814815
olmo2_7b_instruct,OLMo,mmlu_all,42,cheap_plus_hidden_summary__hgb,0.25412695822870895,0.13218848288110674,0.12193847534760222,0.4166666666666667,0.5833333333333333,0.31666666666666665,0.6833333333333333,0.18333333333333332,0.8166666666666667,0.25925925925925924,0.5777777777777777,0.837037037037037
olmo2_7b_instruct,OLMo,mmlu_all,42,pca_hidden_embeddings__logreg,0.23653154810519694,0.11459307275759473,0.12193847534760222,0.4083333333333333,0.5916666666666667,0.32222222222222224,0.6777777777777778,0.2,0.8,0.2740740740740741,0.5703703703703704,0.8222222222222222
olmo2_7b_instruct,OLMo,mmlu_all,42,pca_hidden_embeddings__mlp,0.3033193528154591,0.18138087746785686,0.12193847534760222,0.4166666666666667,0.5833333333333333,0.3277777777777778,0.6722222222222223,0.26666666666666666,0.7333333333333334,0.25925925925925924,0.562962962962963,0.762962962962963
olmo2_7b_instruct,OLMo,mmlu_all,42,pca_hidden_embeddings__extratrees,0.24456665620871712,0.1226281808611149,0.12193847534760222,0.4041666666666667,0.5958333333333333,0.3388888888888889,0.6611111111111111,0.19166666666666668,0.8083333333333333,0.2814814814814815,0.5481481481481482,0.8296296296296296
olmo2_7b_instruct,OLMo,mmlu_all,42,pca_hidden_embeddings__hgb,0.24512621650099878,0.12318774115339656,0.12193847534760222,0.4,0.6,0.35555555555555557,0.6444444444444444,0.2,0.8,0.28888888888888886,0.5259259259259259,0.8222222222222222
olmo2_7b_instruct,OLMo,mmlu_all,42,cheap_plus_pca_hidden__logreg,0.23164028777997572,0.10970181243237351,0.12193847534760222,0.4083333333333333,0.5916666666666667,0.3111111111111111,0.6888888888888889,0.18333333333333332,0.8166666666666667,0.2740740740740741,0.5851851851851851,0.837037037037037
olmo2_7b_instruct,OLMo,mmlu_all,42,cheap_plus_pca_hidden__mlp,0.23849783837809074,0.11655936303048853,0.12193847534760222,0.4041666666666667,0.5958333333333333,0.32222222222222224,0.6777777777777778,0.16666666666666666,0.8333333333333334,0.2814814814814815,0.5703703703703704,0.8518518518518519
olmo2_7b_instruct,OLMo,mmlu_all,42,cheap_plus_pca_hidden__extratrees,0.2305940456562444,0.10865557030864217,0.12193847534760222,0.4,0.6,0.3277777777777778,0.6722222222222223,0.14166666666666666,0.8583333333333334,0.28888888888888886,0.562962962962963,0.8740740740740741
olmo2_7b_instruct,OLMo,mmlu_all,42,cheap_plus_pca_hidden__hgb,0.2385722072883152,0.116633731940713,0.12193847534760222,0.3958333333333333,0.6041666666666667,0.3388888888888889,0.6611111111111111,0.18333333333333332,0.8166666666666667,0.2962962962962963,0.5481481481481482,0.837037037037037
olmo2_7b_instruct,OLMo,mmlu_all,7,direct_pmax,0.2572203159295592,0.13528184058195697,0.12193847534760222,0.39166666666666666,0.6083333333333334,0.3,0.7,0.19166666666666668,0.8083333333333333,0.3037037037037037,0.6,0.8296296296296296
olmo2_7b_instruct,OLMo,mmlu_all,7,cheap_confidence_option__logreg,0.2550897484451112,0.13315127309750896,0.12193847534760222,0.3625,0.6375,0.28888888888888886,0.7111111111111111,0.20833333333333334,0.7916666666666666,0.35555555555555557,0.6148148148148148,0.8148148148148148
olmo2_7b_instruct,OLMo,mmlu_all,7,cheap_confidence_option__mlp,0.2532114858622242,0.13127301051462198,0.12193847534760222,0.36666666666666664,0.6333333333333333,0.29444444444444445,0.7055555555555555,0.19166666666666668,0.8083333333333333,0.34814814814814815,0.6074074074074074,0.8296296296296296
olmo2_7b_instruct,OLMo,mmlu_all,7,cheap_confidence_option__extratrees,0.24984810434441335,0.12790962899681113,0.12193847534760222,0.4166666666666667,0.5833333333333333,0.3277777777777778,0.6722222222222223,0.20833333333333334,0.7916666666666666,0.25925925925925924,0.562962962962963,0.8148148148148148
olmo2_7b_instruct,OLMo,mmlu_all,7,cheap_confidence_option__hgb,0.2699376077910705,0.1479991324434683,0.12193847534760222,0.4041666666666667,0.5958333333333333,0.35,0.65,0.25,0.75,0.2814814814814815,0.5333333333333333,0.7777777777777778
olmo2_7b_instruct,OLMo,mmlu_all,7,hidden_summary_only__logreg,0.2784086423224348,0.15647016697483257,0.12193847534760222,0.3875,0.6125,0.32222222222222224,0.6777777777777778,0.225,0.775,0.3111111111111111,0.5703703703703704,0.8
olmo2_7b_instruct,OLMo,mmlu_all,7,hidden_summary_only__mlp,0.2795643832129751,0.1576259078653729,0.12193847534760222,0.4,0.6,0.3388888888888889,0.6611111111111111,0.26666666666666666,0.7333333333333334,0.28888888888888886,0.5481481481481482,0.762962962962963
olmo2_7b_instruct,OLMo,mmlu_all,7,hidden_summary_only__extratrees,0.26360290493490873,0.14166442958730652,0.12193847534760222,0.4,0.6,0.3333333333333333,0.6666666666666667,0.21666666666666667,0.7833333333333333,0.28888888888888886,0.5555555555555556,0.8074074074074075
olmo2_7b_instruct,OLMo,mmlu_all,7,hidden_summary_only__hgb,0.30551800551883,0.1835795301712278,0.12193847534760222,0.4041666666666667,0.5958333333333333,0.36666666666666664,0.6333333333333333,0.25833333333333336,0.7416666666666667,0.2814814814814815,0.5111111111111111,0.7703703703703704
olmo2_7b_instruct,OLMo,mmlu_all,7,cheap_plus_hidden_summary__logreg,0.2570760431901177,0.13513756784251546,0.12193847534760222,0.38333333333333336,0.6166666666666667,0.3055555555555556,0.6944444444444444,0.175,0.825,0.31851851851851853,0.5925925925925926,0.8444444444444444
olmo2_7b_instruct,OLMo,mmlu_all,7,cheap_plus_hidden_summary__mlp,0.247371186973681,0.12543271162607877,0.12193847534760222,0.3958333333333333,0.6041666666666667,0.3111111111111111,0.6888888888888889,0.2,0.8,0.2962962962962963,0.5851851851851851,0.8222222222222222
olmo2_7b_instruct,OLMo,mmlu_all,7,cheap_plus_hidden_summary__extratrees,0.23710515069457727,0.11516667534697506,0.12193847534760222,0.4,0.6,0.3111111111111111,0.6888888888888889,0.175,0.825,0.28888888888888886,0.5851851851851851,0.8444444444444444
olmo2_7b_instruct,OLMo,mmlu_all,7,cheap_plus_hidden_summary__hgb,0.2583390762615631,0.1364006009139609,0.12193847534760222,0.39166666666666666,0.6083333333333334,0.3111111111111111,0.6888888888888889,0.21666666666666667,0.7833333333333333,0.3037037037037037,0.5851851851851851,0.8074074074074075
olmo2_7b_instruct,OLMo,mmlu_all,7,pca_hidden_embeddings__logreg,0.23912891661655228,0.11719044126895006,0.12193847534760222,0.3625,0.6375,0.3,0.7,0.18333333333333332,0.8166666666666667,0.35555555555555557,0.6,0.837037037037037
olmo2_7b_instruct,OLMo,mmlu_all,7,pca_hidden_embeddings__mlp,0.2603937542409808,0.1384552788933786,0.12193847534760222,0.38333333333333336,0.6166666666666667,0.3,0.7,0.20833333333333334,0.7916666666666666,0.31851851851851853,0.6,0.8148148148148148
olmo2_7b_instruct,OLMo,mmlu_all,7,pca_hidden_embeddings__extratrees,0.23911438920361935,0.11717591385601714,0.12193847534760222,0.3625,0.6375,0.3,0.7,0.18333333333333332,0.8166666666666667,0.35555555555555557,0.6,0.837037037037037
olmo2_7b_instruct,OLMo,mmlu_all,7,pca_hidden_embeddings__hgb,0.27469134814119217,0.15275287279358996,0.12193847534760222,0.375,0.625,0.31666666666666665,0.6833333333333333,0.225,0.775,0.3333333333333333,0.5777777777777777,0.8
olmo2_7b_instruct,OLMo,mmlu_all,7,cheap_plus_pca_hidden__logreg,0.23928803781478877,0.11734956246718656,0.12193847534760222,0.35833333333333334,0.6416666666666666,0.3,0.7,0.16666666666666666,0.8333333333333334,0.362962962962963,0.6,0.8518518518518519
olmo2_7b_instruct,OLMo,mmlu_all,7,cheap_plus_pca_hidden__mlp,0.24539173347558327,0.12345325812798105,0.12193847534760222,0.3875,0.6125,0.32222222222222224,0.6777777777777778,0.15833333333333333,0.8416666666666667,0.3111111111111111,0.5703703703703704,0.8592592592592593
olmo2_7b_instruct,OLMo,mmlu_all,7,cheap_plus_pca_hidden__extratrees,0.2377371647594173,0.11579868941181509,0.12193847534760222,0.37083333333333335,0.6291666666666667,0.3055555555555556,0.6944444444444444,0.16666666666666666,0.8333333333333334,0.34074074074074073,0.5925925925925926,0.8518518518518519
olmo2_7b_instruct,OLMo,mmlu_all,7,cheap_plus_pca_hidden__hgb,0.24350949404711425,0.12157101869951203,0.12193847534760222,0.39166666666666666,0.6083333333333334,0.2833333333333333,0.7166666666666667,0.175,0.825,0.3037037037037037,0.6222222222222222,0.8444444444444444
olmo2_7b_instruct,OLMo,mmlu_all,123,direct_pmax,0.2560859967636832,0.134147521416081,0.12193847534760222,0.4166666666666667,0.5833333333333333,0.35,0.65,0.25,0.75,0.25925925925925924,0.5333333333333333,0.7777777777777778
olmo2_7b_instruct,OLMo,mmlu_all,123,cheap_confidence_option__logreg,0.2780613151184301,0.15612283977082786,0.12193847534760222,0.3875,0.6125,0.3333333333333333,0.6666666666666667,0.26666666666666666,0.7333333333333334,0.3111111111111111,0.5555555555555556,0.762962962962963
olmo2_7b_instruct,OLMo,mmlu_all,123,cheap_confidence_option__mlp,0.27287899899594187,0.15094052364833965,0.12193847534760222,0.39166666666666666,0.6083333333333334,0.3388888888888889,0.6611111111111111,0.24166666666666667,0.7583333333333333,0.3037037037037037,0.5481481481481482,0.7851851851851852
olmo2_7b_instruct,OLMo,mmlu_all,123,cheap_confidence_option__extratrees,0.2741077924102757,0.1521693170626735,0.12193847534760222,0.4125,0.5875,0.35555555555555557,0.6444444444444444,0.25,0.75,0.26666666666666666,0.5259259259259259,0.7777777777777778
olmo2_7b_instruct,OLMo,mmlu_all,123,cheap_confidence_option__hgb,0.28415792750919616,0.16221945216159395,0.12193847534760222,0.4041666666666667,0.5958333333333333,0.35555555555555557,0.6444444444444444,0.25833333333333336,0.7416666666666667,0.2814814814814815,0.5259259259259259,0.7703703703703704
olmo2_7b_instruct,OLMo,mmlu_all,123,hidden_summary_only__logreg,0.291903219780463,0.1699647444328608,0.12193847534760222,0.4125,0.5875,0.3333333333333333,0.6666666666666667,0.25,0.75,0.26666666666666666,0.5555555555555556,0.7777777777777778
olmo2_7b_instruct,OLMo,mmlu_all,123,hidden_summary_only__mlp,0.27937472027172133,0.15743624492411912,0.12193847534760222,0.4,0.6,0.3333333333333333,0.6666666666666667,0.24166666666666667,0.7583333333333333,0.28888888888888886,0.5555555555555556,0.7851851851851852
olmo2_7b_instruct,OLMo,mmlu_all,123,hidden_summary_only__extratrees,0.2897215220277256,0.1677830466801234,0.12193847534760222,0.4,0.6,0.3333333333333333,0.6666666666666667,0.23333333333333334,0.7666666666666666,0.28888888888888886,0.5555555555555556,0.7925925925925926
olmo2_7b_instruct,OLMo,mmlu_all,123,hidden_summary_only__hgb,0.30235269156592565,0.18041421621832343,0.12193847534760222,0.42083333333333334,0.5791666666666666,0.35555555555555557,0.6444444444444444,0.30833333333333335,0.6916666666666667,0.2518518518518518,0.5259259259259259,0.725925925925926
olmo2_7b_instruct,OLMo,mmlu_all,123,cheap_plus_hidden_summary__logreg,0.2701446252175386,0.1482061498699364,0.12193847534760222,0.4,0.6,0.34444444444444444,0.6555555555555556,0.24166666666666667,0.7583333333333333,0.28888888888888886,0.5407407407407407,0.7851851851851852
olmo2_7b_instruct,OLMo,mmlu_all,123,cheap_plus_hidden_summary__mlp,0.3038444502999778,0.1819059749523756,0.12193847534760222,0.4041666666666667,0.5958333333333333,0.34444444444444444,0.6555555555555556,0.24166666666666667,0.7583333333333333,0.2814814814814815,0.5407407407407407,0.7851851851851852
olmo2_7b_instruct,OLMo,mmlu_all,123,cheap_plus_hidden_summary__extratrees,0.2661962980684811,0.1442578227208789,0.12193847534760222,0.3875,0.6125,0.34444444444444444,0.6555555555555556,0.25,0.75,0.3111111111111111,0.5407407407407407,0.7777777777777778
olmo2_7b_instruct,OLMo,mmlu_all,123,cheap_plus_hidden_summary__hgb,0.27595100090937114,0.15401252556176892,0.12193847534760222,0.425,0.575,0.35,0.65,0.25,0.75,0.24444444444444444,0.5333333333333333,0.7777777777777778
olmo2_7b_instruct,OLMo,mmlu_all,123,pca_hidden_embeddings__logreg,0.25939490912574775,0.13745643377814554,0.12193847534760222,0.4166666666666667,0.5833333333333333,0.35,0.65,0.23333333333333334,0.7666666666666666,0.25925925925925924,0.5333333333333333,0.7925925925925926
olmo2_7b_instruct,OLMo,mmlu_all,123,pca_hidden_embeddings__mlp,0.2780583284839271,0.15611985313632487,0.12193847534760222,0.4041666666666667,0.5958333333333333,0.35,0.65,0.25,0.75,0.2814814814814815,0.5333333333333333,0.7777777777777778
olmo2_7b_instruct,OLMo,mmlu_all,123,pca_hidden_embeddings__extratrees,0.2575919037237982,0.13565342837619598,0.12193847534760222,0.3958333333333333,0.6041666666666667,0.36666666666666664,0.6333333333333333,0.21666666666666667,0.7833333333333333,0.2962962962962963,0.5111111111111111,0.8074074074074075
olmo2_7b_instruct,OLMo,mmlu_all,123,pca_hidden_embeddings__hgb,0.2641502300622409,0.1422117547146387,0.12193847534760222,0.4083333333333333,0.5916666666666667,0.35555555555555557,0.6444444444444444,0.225,0.775,0.2740740740740741,0.5259259259259259,0.8
olmo2_7b_instruct,OLMo,mmlu_all,123,cheap_plus_pca_hidden__logreg,0.26102938420915855,0.13909090886155634,0.12193847534760222,0.4,0.6,0.3333333333333333,0.6666666666666667,0.24166666666666667,0.7583333333333333,0.28888888888888886,0.5555555555555556,0.7851851851851852
olmo2_7b_instruct,OLMo,mmlu_all,123,cheap_plus_pca_hidden__mlp,0.2684538682730584,0.14651539292545618,0.12193847534760222,0.4041666666666667,0.5958333333333333,0.35555555555555557,0.6444444444444444,0.23333333333333334,0.7666666666666666,0.2814814814814815,0.5259259259259259,0.7925925925925926
olmo2_7b_instruct,OLMo,mmlu_all,123,cheap_plus_pca_hidden__extratrees,0.2664881225624462,0.14454964721484398,0.12193847534760222,0.3958333333333333,0.6041666666666667,0.36666666666666664,0.6333333333333333,0.24166666666666667,0.7583333333333333,0.2962962962962963,0.5111111111111111,0.7851851851851852
olmo2_7b_instruct,OLMo,mmlu_all,123,cheap_plus_pca_hidden__hgb,0.27412707722089746,0.15218860187329525,0.12193847534760222,0.4041666666666667,0.5958333333333333,0.3611111111111111,0.6388888888888888,0.25,0.75,0.2814814814814815,0.5185185185185185,0.7777777777777778
olmo2_7b_instruct,OLMo,mmlu_all,777,direct_pmax,0.2455676383190671,0.1236291629714649,0.12193847534760222,0.3875,0.6125,0.3333333333333333,0.6666666666666667,0.2,0.8,0.3111111111111111,0.5555555555555556,0.8222222222222222
olmo2_7b_instruct,OLMo,mmlu_all,777,cheap_confidence_option__logreg,0.23621482388874,0.11427634854113777,0.12193847534760222,0.3875,0.6125,0.3111111111111111,0.6888888888888889,0.19166666666666668,0.8083333333333333,0.3111111111111111,0.5851851851851851,0.8296296296296296
olmo2_7b_instruct,OLMo,mmlu_all,777,cheap_confidence_option__mlp,0.24804925805914763,0.1261107827115454,0.12193847534760222,0.39166666666666666,0.6083333333333334,0.3333333333333333,0.6666666666666667,0.19166666666666668,0.8083333333333333,0.3037037037037037,0.5555555555555556,0.8296296296296296
olmo2_7b_instruct,OLMo,mmlu_all,777,cheap_confidence_option__extratrees,0.2437619531660351,0.12182347781843289,0.12193847534760222,0.4083333333333333,0.5916666666666667,0.32222222222222224,0.6777777777777778,0.2,0.8,0.2740740740740741,0.5703703703703704,0.8222222222222222
olmo2_7b_instruct,OLMo,mmlu_all,777,cheap_confidence_option__hgb,0.25730065837111615,0.13536218302351394,0.12193847534760222,0.44583333333333336,0.5541666666666667,0.3333333333333333,0.6666666666666667,0.2,0.8,0.2074074074074074,0.5555555555555556,0.8222222222222222
olmo2_7b_instruct,OLMo,mmlu_all,777,hidden_summary_only__logreg,0.280140312269651,0.1582018369220488,0.12193847534760222,0.4,0.6,0.31666666666666665,0.6833333333333333,0.2,0.8,0.28888888888888886,0.5777777777777777,0.8222222222222222
olmo2_7b_instruct,OLMo,mmlu_all,777,hidden_summary_only__mlp,0.2573785376209102,0.13544006227330796,0.12193847534760222,0.38333333333333336,0.6166666666666667,0.3277777777777778,0.6722222222222223,0.21666666666666667,0.7833333333333333,0.31851851851851853,0.562962962962963,0.8074074074074075
olmo2_7b_instruct,OLMo,mmlu_all,777,hidden_summary_only__extratrees,0.2661187957944006,0.1441803204467984,0.12193847534760222,0.3958333333333333,0.6041666666666667,0.31666666666666665,0.6833333333333333,0.225,0.775,0.2962962962962963,0.5777777777777777,0.8
olmo2_7b_instruct,OLMo,mmlu_all,777,hidden_summary_only__hgb,0.2712430254889796,0.1493045501413774,0.12193847534760222,0.39166666666666666,0.6083333333333334,0.35555555555555557,0.6444444444444444,0.25,0.75,0.3037037037037037,0.5259259259259259,0.7777777777777778
olmo2_7b_instruct,OLMo,mmlu_all,777,cheap_plus_hidden_summary__logreg,0.2516549633835559,0.1297164880359537,0.12193847534760222,0.39166666666666666,0.6083333333333334,0.3,0.7,0.2,0.8,0.3037037037037037,0.6,0.8222222222222222
olmo2_7b_instruct,OLMo,mmlu_all,777,cheap_plus_hidden_summary__mlp,0.26382563431110095,0.14188715896349874,0.12193847534760222,0.39166666666666666,0.6083333333333334,0.32222222222222224,0.6777777777777778,0.2,0.8,0.3037037037037037,0.5703703703703704,0.8222222222222222
olmo2_7b_instruct,OLMo,mmlu_all,777,cheap_plus_hidden_summary__extratrees,0.23648857142150903,0.11455009607390682,0.12193847534760222,0.37083333333333335,0.6291666666666667,0.3055555555555556,0.6944444444444444,0.18333333333333332,0.8166666666666667,0.34074074074074073,0.5925925925925926,0.837037037037037
olmo2_7b_instruct,OLMo,mmlu_all,777,cheap_plus_hidden_summary__hgb,0.24327915051344756,0.12134067516584535,0.12193847534760222,0.38333333333333336,0.6166666666666667,0.3277777777777778,0.6722222222222223,0.19166666666666668,0.8083333333333333,0.31851851851851853,0.562962962962963,0.8296296296296296
olmo2_7b_instruct,OLMo,mmlu_all,777,pca_hidden_embeddings__logreg,0.25514122515014986,0.13320274980254765,0.12193847534760222,0.42083333333333334,0.5791666666666666,0.31666666666666665,0.6833333333333333,0.21666666666666667,0.7833333333333333,0.2518518518518518,0.5777777777777777,0.8074074074074075
olmo2_7b_instruct,OLMo,mmlu_all,777,pca_hidden_embeddings__mlp,0.26378530748934514,0.14184683214174293,0.12193847534760222,0.4083333333333333,0.5916666666666667,0.32222222222222224,0.6777777777777778,0.24166666666666667,0.7583333333333333,0.2740740740740741,0.5703703703703704,0.7851851851851852
olmo2_7b_instruct,OLMo,mmlu_all,777,pca_hidden_embeddings__extratrees,0.25866921161757045,0.13673073626996823,0.12193847534760222,0.4,0.6,0.32222222222222224,0.6777777777777778,0.19166666666666668,0.8083333333333333,0.28888888888888886,0.5703703703703704,0.8296296296296296
olmo2_7b_instruct,OLMo,mmlu_all,777,pca_hidden_embeddings__hgb,0.274992023982782,0.15305354863517978,0.12193847534760222,0.3958333333333333,0.6041666666666667,0.3333333333333333,0.6666666666666667,0.225,0.775,0.2962962962962963,0.5555555555555556,0.8
olmo2_7b_instruct,OLMo,mmlu_all,777,cheap_plus_pca_hidden__logreg,0.2504814411271423,0.1285429657795401,0.12193847534760222,0.4041666666666667,0.5958333333333333,0.3333333333333333,0.6666666666666667,0.2,0.8,0.2814814814814815,0.5555555555555556,0.8222222222222222
olmo2_7b_instruct,OLMo,mmlu_all,777,cheap_plus_pca_hidden__mlp,0.26534628422549517,0.14340780887789295,0.12193847534760222,0.4,0.6,0.3277777777777778,0.6722222222222223,0.20833333333333334,0.7916666666666666,0.28888888888888886,0.562962962962963,0.8148148148148148
olmo2_7b_instruct,OLMo,mmlu_all,777,cheap_plus_pca_hidden__extratrees,0.24625884407083076,0.12432036872322855,0.12193847534760222,0.37916666666666665,0.6208333333333333,0.3277777777777778,0.6722222222222223,0.19166666666666668,0.8083333333333333,0.32592592592592595,0.562962962962963,0.8296296296296296
olmo2_7b_instruct,OLMo,mmlu_all,777,cheap_plus_pca_hidden__hgb,0.24947566427121715,0.12753718892361493,0.12193847534760222,0.4,0.6,0.32222222222222224,0.6777777777777778,0.2,0.8,0.28888888888888886,0.5703703703703704,0.8222222222222222
olmo2_7b_instruct,OLMo,mmlu_all,2025,direct_pmax,0.26350885052464007,0.14157037517703785,0.12193847534760222,0.39166666666666666,0.6083333333333334,0.3055555555555556,0.6944444444444444,0.21666666666666667,0.7833333333333333,0.3037037037037037,0.5925925925925926,0.8074074074074075
olmo2_7b_instruct,OLMo,mmlu_all,2025,cheap_confidence_option__logreg,0.26456005626596624,0.14262158091836402,0.12193847534760222,0.3875,0.6125,0.3,0.7,0.225,0.775,0.3111111111111111,0.6,0.8
olmo2_7b_instruct,OLMo,mmlu_all,2025,cheap_confidence_option__mlp,0.2697972676060925,0.1478587922584903,0.12193847534760222,0.4,0.6,0.32222222222222224,0.6777777777777778,0.20833333333333334,0.7916666666666666,0.28888888888888886,0.5703703703703704,0.8148148148148148
olmo2_7b_instruct,OLMo,mmlu_all,2025,cheap_confidence_option__extratrees,0.2579970493663272,0.136058574018725,0.12193847534760222,0.4125,0.5875,0.32222222222222224,0.6777777777777778,0.23333333333333334,0.7666666666666666,0.26666666666666666,0.5703703703703704,0.7925925925925926
olmo2_7b_instruct,OLMo,mmlu_all,2025,cheap_confidence_option__hgb,0.26794369687543146,0.14600522152782924,0.12193847534760222,0.4041666666666667,0.5958333333333333,0.35555555555555557,0.6444444444444444,0.225,0.775,0.2814814814814815,0.5259259259259259,0.8
olmo2_7b_instruct,OLMo,mmlu_all,2025,hidden_summary_only__logreg,0.2842741762429893,0.16233570089538707,0.12193847534760222,0.4,0.6,0.3333333333333333,0.6666666666666667,0.23333333333333334,0.7666666666666666,0.28888888888888886,0.5555555555555556,0.7925925925925926
olmo2_7b_instruct,OLMo,mmlu_all,2025,hidden_summary_only__mlp,0.3450570221605356,0.22311854681293336,0.12193847534760222,0.42083333333333334,0.5791666666666666,0.37777777777777777,0.6222222222222222,0.31666666666666665,0.6833333333333333,0.2518518518518518,0.4962962962962963,0.7185185185185186
olmo2_7b_instruct,OLMo,mmlu_all,2025,hidden_summary_only__extratrees,0.28287511972228835,0.16093664437468613,0.12193847534760222,0.4,0.6,0.32222222222222224,0.6777777777777778,0.25,0.75,0.28888888888888886,0.5703703703703704,0.7777777777777778
olmo2_7b_instruct,OLMo,mmlu_all,2025,hidden_summary_only__hgb,0.2882674469362277,0.16632897158862547,0.12193847534760222,0.4041666666666667,0.5958333333333333,0.35,0.65,0.275,0.725,0.2814814814814815,0.5333333333333333,0.7555555555555555
olmo2_7b_instruct,OLMo,mmlu_all,2025,cheap_plus_hidden_summary__logreg,0.2689013666594776,0.1469628913118754,0.12193847534760222,0.4041666666666667,0.5958333333333333,0.31666666666666665,0.6833333333333333,0.225,0.775,0.2814814814814815,0.5777777777777777,0.8
olmo2_7b_instruct,OLMo,mmlu_all,2025,cheap_plus_hidden_summary__mlp,0.25528822187861816,0.13334974653101594,0.12193847534760222,0.39166666666666666,0.6083333333333334,0.32222222222222224,0.6777777777777778,0.2,0.8,0.3037037037037037,0.5703703703703704,0.8222222222222222
olmo2_7b_instruct,OLMo,mmlu_all,2025,cheap_plus_hidden_summary__extratrees,0.24343973716045067,0.12150126181284845,0.12193847534760222,0.3875,0.6125,0.3055555555555556,0.6944444444444444,0.2,0.8,0.3111111111111111,0.5925925925925926,0.8222222222222222
olmo2_7b_instruct,OLMo,mmlu_all,2025,cheap_plus_hidden_summary__hgb,0.2534245345115569,0.13148605916395467,0.12193847534760222,0.4083333333333333,0.5916666666666667,0.32222222222222224,0.6777777777777778,0.20833333333333334,0.7916666666666666,0.2740740740740741,0.5703703703703704,0.8148148148148148
olmo2_7b_instruct,OLMo,mmlu_all,2025,pca_hidden_embeddings__logreg,0.25584282885753074,0.13390435350992852,0.12193847534760222,0.4166666666666667,0.5833333333333333,0.3277777777777778,0.6722222222222223,0.20833333333333334,0.7916666666666666,0.25925925925925924,0.562962962962963,0.8148148148148148
olmo2_7b_instruct,OLMo,mmlu_all,2025,pca_hidden_embeddings__mlp,0.26427407080277854,0.14233559545517632,0.12193847534760222,0.4041666666666667,0.5958333333333333,0.3277777777777778,0.6722222222222223,0.225,0.775,0.2814814814814815,0.562962962962963,0.8
olmo2_7b_instruct,OLMo,mmlu_all,2025,pca_hidden_embeddings__extratrees,0.257568227986586,0.1356297526389838,0.12193847534760222,0.3958333333333333,0.6041666666666667,0.31666666666666665,0.6833333333333333,0.20833333333333334,0.7916666666666666,0.2962962962962963,0.5777777777777777,0.8148148148148148
olmo2_7b_instruct,OLMo,mmlu_all,2025,pca_hidden_embeddings__hgb,0.2774382118775714,0.15549973652996918,0.12193847534760222,0.3958333333333333,0.6041666666666667,0.3333333333333333,0.6666666666666667,0.25833333333333336,0.7416666666666667,0.2962962962962963,0.5555555555555556,0.7703703703703704
olmo2_7b_instruct,OLMo,mmlu_all,2025,cheap_plus_pca_hidden__logreg,0.25410643701521207,0.13216796166760986,0.12193847534760222,0.4125,0.5875,0.31666666666666665,0.6833333333333333,0.21666666666666667,0.7833333333333333,0.26666666666666666,0.5777777777777777,0.8074074074074075
olmo2_7b_instruct,OLMo,mmlu_all,2025,cheap_plus_pca_hidden__mlp,0.27053469870287555,0.14859622335527334,0.12193847534760222,0.3875,0.6125,0.31666666666666665,0.6833333333333333,0.23333333333333334,0.7666666666666666,0.3111111111111111,0.5777777777777777,0.7925925925925926
olmo2_7b_instruct,OLMo,mmlu_all,2025,cheap_plus_pca_hidden__extratrees,0.24635521069701363,0.12441673534941142,0.12193847534760222,0.4,0.6,0.32222222222222224,0.6777777777777778,0.2,0.8,0.28888888888888886,0.5703703703703704,0.8222222222222222
olmo2_7b_instruct,OLMo,mmlu_all,2025,cheap_plus_pca_hidden__hgb,0.2582161259048814,0.1362776505572792,0.12193847534760222,0.3958333333333333,0.6041666666666667,0.3111111111111111,0.6888888888888889,0.23333333333333334,0.7666666666666666,0.2962962962962963,0.5851851851851851,0.7925925925925926
qwen25_7b,Qwen,arc_challenge,42,direct_pmax,0.029006540577206464,0.02327762097879448,0.005728919598411986,0.027777777777777776,0.9722222222222222,0.018518518518518517,0.9814814814814815,0.027777777777777776,0.9722222222222222,0.7777777777777778,1.0,1.0
qwen25_7b,Qwen,arc_challenge,42,cheap_confidence_option__logreg,0.0183780694976799,0.012649149899267915,0.005728919598411986,0.05555555555555555,0.9444444444444444,0.0,1.0,0.0,1.0,0.5555555555555556,1.0,1.0
qwen25_7b,Qwen,arc_challenge,42,cheap_confidence_option__mlp,0.11420546611027597,0.10847654651186399,0.005728919598411986,0.125,0.875,0.1111111111111111,0.8888888888888888,0.1388888888888889,0.8611111111111112,0.0,0.3333333333333333,0.4444444444444444
qwen25_7b,Qwen,arc_challenge,42,cheap_confidence_option__extratrees,0.020584450506136217,0.014855530907724231,0.005728919598411986,0.05555555555555555,0.9444444444444444,0.0,1.0,0.0,1.0,0.5555555555555556,1.0,1.0
qwen25_7b,Qwen,arc_challenge,42,cheap_confidence_option__hgb,0.04194294998248755,0.036214030384075564,0.005728919598411986,0.06944444444444445,0.9305555555555556,0.05555555555555555,0.9444444444444444,0.027777777777777776,0.9722222222222222,0.4444444444444444,0.6666666666666666,0.8888888888888888
qwen25_7b,Qwen,arc_challenge,42,hidden_summary_only__logreg,0.05788547565265285,0.05215655605424086,0.005728919598411986,0.05555555555555555,0.9444444444444444,0.07407407407407407,0.9259259259259259,0.05555555555555555,0.9444444444444444,0.5555555555555556,0.5555555555555556,0.7777777777777778
qwen25_7b,Qwen,arc_challenge,42,hidden_summary_only__mlp,0.19441155123114967,0.18868263163273769,0.005728919598411986,0.125,0.875,0.16666666666666666,0.8333333333333334,0.19444444444444445,0.8055555555555556,0.0,0.0,0.2222222222222222
qwen25_7b,Qwen,arc_challenge,42,hidden_summary_only__extratrees,0.0364802804226569,0.030751360824244914,0.005728919598411986,0.027777777777777776,0.9722222222222222,0.018518518518518517,0.9814814814814815,0.027777777777777776,0.9722222222222222,0.7777777777777778,0.8888888888888888,0.8888888888888888
qwen25_7b,Qwen,arc_challenge,42,hidden_summary_only__hgb,0.047327845029184926,0.04159892543077294,0.005728919598411986,0.041666666666666664,0.9583333333333334,0.037037037037037035,0.962962962962963,0.027777777777777776,0.9722222222222222,0.6666666666666666,0.7777777777777778,0.8888888888888888
qwen25_7b,Qwen,arc_challenge,42,cheap_plus_hidden_summary__logreg,0.027419755289234734,0.02169083569082275,0.005728919598411986,0.05555555555555555,0.9444444444444444,0.018518518518518517,0.9814814814814815,0.0,1.0,0.5555555555555556,0.8888888888888888,1.0
qwen25_7b,Qwen,arc_challenge,42,cheap_plus_hidden_summary__mlp,0.11252904168523803,0.10680012208682604,0.005728919598411986,0.1111111111111111,0.8888888888888888,0.1111111111111111,0.8888888888888888,0.08333333333333333,0.9166666666666666,0.1111111111111111,0.3333333333333333,0.6666666666666666
qwen25_7b,Qwen,arc_challenge,42,cheap_plus_hidden_summary__extratrees,0.02237034905489699,0.016641429456485005,0.005728919598411986,0.041666666666666664,0.9583333333333334,0.018518518518518517,0.9814814814814815,0.0,1.0,0.6666666666666666,0.8888888888888888,1.0
qwen25_7b,Qwen,arc_challenge,42,cheap_plus_hidden_summary__hgb,0.03162505462381144,0.025896135025399454,0.005728919598411986,0.041666666666666664,0.9583333333333334,0.018518518518518517,0.9814814814814815,0.027777777777777776,0.9722222222222222,0.6666666666666666,0.8888888888888888,0.8888888888888888
qwen25_7b,Qwen,arc_challenge,42,pca_hidden_embeddings__logreg,0.04904530104958232,0.04331638145117033,0.005728919598411986,0.06944444444444445,0.9305555555555556,0.07407407407407407,0.9259259259259259,0.027777777777777776,0.9722222222222222,0.4444444444444444,0.5555555555555556,0.8888888888888888
qwen25_7b,Qwen,arc_challenge,42,pca_hidden_embeddings__mlp,0.078150965830385,0.07242204623197301,0.005728919598411986,0.09722222222222222,0.9027777777777778,0.09259259259259259,0.9074074074074074,0.1388888888888889,0.8611111111111112,0.2222222222222222,0.4444444444444444,0.4444444444444444
qwen25_7b,Qwen,arc_challenge,42,pca_hidden_embeddings__extratrees,0.03859363324563748,0.03286471364722549,0.005728919598411986,0.08333333333333333,0.9166666666666666,0.05555555555555555,0.9444444444444444,0.0,1.0,0.3333333333333333,0.6666666666666666,1.0
qwen25_7b,Qwen,arc_challenge,42,pca_hidden_embeddings__hgb,0.050194466142414663,0.04446554654400268,0.005728919598411986,0.06944444444444445,0.9305555555555556,0.05555555555555555,0.9444444444444444,0.027777777777777776,0.9722222222222222,0.4444444444444444,0.6666666666666666,0.8888888888888888
qwen25_7b,Qwen,arc_challenge,42,cheap_plus_pca_hidden__logreg,0.04762267460962018,0.04189375501120819,0.005728919598411986,0.05555555555555555,0.9444444444444444,0.05555555555555555,0.9444444444444444,0.05555555555555555,0.9444444444444444,0.5555555555555556,0.6666666666666666,0.7777777777777778
qwen25_7b,Qwen,arc_challenge,42,cheap_plus_pca_hidden__mlp,0.06814947672682595,0.06242055712841396,0.005728919598411986,0.05555555555555555,0.9444444444444444,0.05555555555555555,0.9444444444444444,0.05555555555555555,0.9444444444444444,0.5555555555555556,0.6666666666666666,0.7777777777777778
qwen25_7b,Qwen,arc_challenge,42,cheap_plus_pca_hidden__extratrees,0.018799062980825086,0.0130701433824131,0.005728919598411986,0.05555555555555555,0.9444444444444444,0.018518518518518517,0.9814814814814815,0.0,1.0,0.5555555555555556,0.8888888888888888,1.0
qwen25_7b,Qwen,arc_challenge,42,cheap_plus_pca_hidden__hgb,0.021983853182270596,0.01625493358385861,0.005728919598411986,0.05555555555555555,0.9444444444444444,0.0,1.0,0.0,1.0,0.5555555555555556,1.0,1.0
qwen25_7b,Qwen,arc_challenge,7,direct_pmax,0.04711240178914168,0.041383482190729695,0.005728919598411986,0.05555555555555555,0.9444444444444444,0.037037037037037035,0.962962962962963,0.05555555555555555,0.9444444444444444,0.5555555555555556,0.7777777777777778,1.0
qwen25_7b,Qwen,arc_challenge,7,cheap_confidence_option__logreg,0.032202239108801455,0.02647331951038947,0.005728919598411986,0.08333333333333333,0.9166666666666666,0.037037037037037035,0.962962962962963,0.0,1.0,0.3333333333333333,0.7777777777777778,1.0
qwen25_7b,Qwen,arc_challenge,7,cheap_confidence_option__mlp,0.10743120054562214,0.10170228094721015,0.005728919598411986,0.1111111111111111,0.8888888888888888,0.1111111111111111,0.8888888888888888,0.05555555555555555,0.9444444444444444,0.1111111111111111,0.3333333333333333,0.7777777777777778
qwen25_7b,Qwen,arc_challenge,7,cheap_confidence_option__extratrees,0.03291911728288269,0.0271901976844707,0.005728919598411986,0.08333333333333333,0.9166666666666666,0.037037037037037035,0.962962962962963,0.027777777777777776,0.9722222222222222,0.3333333333333333,0.7777777777777778,0.8888888888888888
qwen25_7b,Qwen,arc_challenge,7,cheap_confidence_option__hgb,0.030229884446718615,0.02450096484830663,0.005728919598411986,0.05555555555555555,0.9444444444444444,0.037037037037037035,0.962962962962963,0.0,1.0,0.5555555555555556,0.7777777777777778,1.0
qwen25_7b,Qwen,arc_challenge,7,hidden_summary_only__logreg,0.052412799509384794,0.04668387991097281,0.005728919598411986,0.05555555555555555,0.9444444444444444,0.05555555555555555,0.9444444444444444,0.05555555555555555,0.9444444444444444,0.5555555555555556,0.6666666666666666,0.7777777777777778
qwen25_7b,Qwen,arc_challenge,7,hidden_summary_only__mlp,0.12333922665386898,0.117610307055457,0.005728919598411986,0.09722222222222222,0.9027777777777778,0.12962962962962962,0.8703703703703703,0.1388888888888889,0.8611111111111112,0.2222222222222222,0.2222222222222222,0.4444444444444444
qwen25_7b,Qwen,arc_challenge,7,hidden_summary_only__extratrees,0.088372051337861,0.08264313173944901,0.005728919598411986,0.06944444444444445,0.9305555555555556,0.05555555555555555,0.9444444444444444,0.08333333333333333,0.9166666666666666,0.4444444444444444,0.6666666666666666,0.6666666666666666
qwen25_7b,Qwen,arc_challenge,7,hidden_summary_only__hgb,0.06210987881347627,0.05638095921506429,0.005728919598411986,0.08333333333333333,0.9166666666666666,0.07407407407407407,0.9259259259259259,0.08333333333333333,0.9166666666666666,0.3333333333333333,0.5555555555555556,0.6666666666666666
qwen25_7b,Qwen,arc_challenge,7,cheap_plus_hidden_summary__logreg,0.05671325447844499,0.050984334880033004,0.005728919598411986,0.06944444444444445,0.9305555555555556,0.07407407407407407,0.9259259259259259,0.08333333333333333,0.9166666666666666,0.4444444444444444,0.5555555555555556,0.6666666666666666
qwen25_7b,Qwen,arc_challenge,7,cheap_plus_hidden_summary__mlp,0.1428625147341126,0.13713359513570061,0.005728919598411986,0.1111111111111111,0.8888888888888888,0.12962962962962962,0.8703703703703703,0.1388888888888889,0.8611111111111112,0.1111111111111111,0.2222222222222222,0.4444444444444444
qwen25_7b,Qwen,arc_challenge,7,cheap_plus_hidden_summary__extratrees,0.045421297193996464,0.03969237759558448,0.005728919598411986,0.06944444444444445,0.9305555555555556,0.05555555555555555,0.9444444444444444,0.05555555555555555,0.9444444444444444,0.4444444444444444,0.6666666666666666,0.7777777777777778
qwen25_7b,Qwen,arc_challenge,7,cheap_plus_hidden_summary__hgb,0.0797592622833293,0.07403034268491732,0.005728919598411986,0.08333333333333333,0.9166666666666666,0.07407407407407407,0.9259259259259259,0.1111111111111111,0.8888888888888888,0.3333333333333333,0.5555555555555556,0.5555555555555556
qwen25_7b,Qwen,arc_challenge,7,pca_hidden_embeddings__logreg,0.06779366354106814,0.06206474394265615,0.005728919598411986,0.08333333333333333,0.9166666666666666,0.05555555555555555,0.9444444444444444,0.08333333333333333,0.9166666666666666,0.3333333333333333,0.6666666666666666,0.6666666666666666
qwen25_7b,Qwen,arc_challenge,7,pca_hidden_embeddings__mlp,0.09821331295062613,0.09248439335221414,0.005728919598411986,0.1111111111111111,0.8888888888888888,0.12962962962962962,0.8703703703703703,0.1111111111111111,0.8888888888888888,0.1111111111111111,0.2222222222222222,0.5555555555555556
qwen25_7b,Qwen,arc_challenge,7,pca_hidden_embeddings__extratrees,0.07078976145034786,0.06506084185193588,0.005728919598411986,0.06944444444444445,0.9305555555555556,0.07407407407407407,0.9259259259259259,0.1111111111111111,0.8888888888888888,0.4444444444444444,0.5555555555555556,0.5555555555555556
qwen25_7b,Qwen,arc_challenge,7,pca_hidden_embeddings__hgb,0.05497249344966689,0.049243573851254906,0.005728919598411986,0.06944444444444445,0.9305555555555556,0.05555555555555555,0.9444444444444444,0.08333333333333333,0.9166666666666666,0.4444444444444444,0.6666666666666666,0.6666666666666666
qwen25_7b,Qwen,arc_challenge,7,cheap_plus_pca_hidden__logreg,0.05785798565565982,0.05212906605724783,0.005728919598411986,0.06944444444444445,0.9305555555555556,0.05555555555555555,0.9444444444444444,0.08333333333333333,0.9166666666666666,0.4444444444444444,0.6666666666666666,0.6666666666666666
qwen25_7b,Qwen,arc_challenge,7,cheap_plus_pca_hidden__mlp,0.08688579380231777,0.08115687420390578,0.005728919598411986,0.1111111111111111,0.8888888888888888,0.07407407407407407,0.9259259259259259,0.05555555555555555,0.9444444444444444,0.1111111111111111,0.5555555555555556,0.7777777777777778
qwen25_7b,Qwen,arc_challenge,7,cheap_plus_pca_hidden__extratrees,0.03778326154446331,0.03205434194605133,0.005728919598411986,0.08333333333333333,0.9166666666666666,0.037037037037037035,0.962962962962963,0.027777777777777776,0.9722222222222222,0.3333333333333333,0.7777777777777778,0.8888888888888888
qwen25_7b,Qwen,arc_challenge,7,cheap_plus_pca_hidden__hgb,0.03690142781181555,0.031172508213403567,0.005728919598411986,0.05555555555555555,0.9444444444444444,0.037037037037037035,0.962962962962963,0.027777777777777776,0.9722222222222222,0.5555555555555556,0.7777777777777778,0.8888888888888888
qwen25_7b,Qwen,arc_challenge,123,direct_pmax,0.04410736111716324,0.038378441518751256,0.005728919598411986,0.013888888888888888,0.9861111111111112,0.018518518518518517,0.9814814814814815,0.027777777777777776,0.9722222222222222,0.8888888888888888,0.8888888888888888,0.8888888888888888
qwen25_7b,Qwen,arc_challenge,123,cheap_confidence_option__logreg,0.015393256267573057,0.009664336669161071,0.005728919598411986,0.013888888888888888,0.9861111111111112,0.018518518518518517,0.9814814814814815,0.0,1.0,0.8888888888888888,0.8888888888888888,1.0
qwen25_7b,Qwen,arc_challenge,123,cheap_confidence_option__mlp,0.05828511142722985,0.052556191828817864,0.005728919598411986,0.1111111111111111,0.8888888888888888,0.09259259259259259,0.9074074074074074,0.027777777777777776,0.9722222222222222,0.1111111111111111,0.4444444444444444,0.8888888888888888
qwen25_7b,Qwen,arc_challenge,123,cheap_confidence_option__extratrees,0.02309195650918749,0.017363036910775505,0.005728919598411986,0.027777777777777776,0.9722222222222222,0.018518518518518517,0.9814814814814815,0.027777777777777776,0.9722222222222222,0.7777777777777778,0.8888888888888888,0.8888888888888888
qwen25_7b,Qwen,arc_challenge,123,cheap_confidence_option__hgb,0.033515960855129145,0.02778704125671716,0.005728919598411986,0.041666666666666664,0.9583333333333334,0.05555555555555555,0.9444444444444444,0.027777777777777776,0.9722222222222222,0.6666666666666666,0.6666666666666666,0.8888888888888888
qwen25_7b,Qwen,arc_challenge,123,hidden_summary_only__logreg,0.06090677778215855,0.05517785818374656,0.005728919598411986,0.05555555555555555,0.9444444444444444,0.037037037037037035,0.962962962962963,0.05555555555555555,0.9444444444444444,0.5555555555555556,0.7777777777777778,0.7777777777777778
qwen25_7b,Qwen,arc_challenge,123,hidden_summary_only__mlp,0.14266899332185468,0.1369400737234427,0.005728919598411986,0.1111111111111111,0.8888888888888888,0.12962962962962962,0.8703703703703703,0.08333333333333333,0.9166666666666666,0.1111111111111111,0.2222222222222222,0.6666666666666666
qwen25_7b,Qwen,arc_challenge,123,hidden_summary_only__extratrees,0.05329920712566769,0.04757028752725571,0.005728919598411986,0.05555555555555555,0.9444444444444444,0.037037037037037035,0.962962962962963,0.05555555555555555,0.9444444444444444,0.5555555555555556,0.7777777777777778,0.7777777777777778
qwen25_7b,Qwen,arc_challenge,123,hidden_summary_only__hgb,0.06720228546116207,0.06147336586275008,0.005728919598411986,0.06944444444444445,0.9305555555555556,0.037037037037037035,0.962962962962963,0.05555555555555555,0.9444444444444444,0.4444444444444444,0.7777777777777778,0.7777777777777778
qwen25_7b,Qwen,arc_challenge,123,cheap_plus_hidden_summary__logreg,0.04174037850731183,0.03601145890889985,0.005728919598411986,0.027777777777777776,0.9722222222222222,0.037037037037037035,0.962962962962963,0.05555555555555555,0.9444444444444444,0.7777777777777778,0.7777777777777778,0.7777777777777778
qwen25_7b,Qwen,arc_challenge,123,cheap_plus_hidden_summary__mlp,0.096894454763336,0.09116553516492401,0.005728919598411986,0.09722222222222222,0.9027777777777778,0.1111111111111111,0.8888888888888888,0.1388888888888889,0.8611111111111112,0.2222222222222222,0.3333333333333333,0.4444444444444444
qwen25_7b,Qwen,arc_challenge,123,cheap_plus_hidden_summary__extratrees,0.02239668003869644,0.016667760440284455,0.005728919598411986,0.027777777777777776,0.9722222222222222,0.018518518518518517,0.9814814814814815,0.027777777777777776,0.9722222222222222,0.7777777777777778,0.8888888888888888,0.8888888888888888
qwen25_7b,Qwen,arc_challenge,123,cheap_plus_hidden_summary__hgb,0.03801749998938555,0.03228858039097356,0.005728919598411986,0.06944444444444445,0.9305555555555556,0.018518518518518517,0.9814814814814815,0.027777777777777776,0.9722222222222222,0.4444444444444444,0.8888888888888888,0.8888888888888888
qwen25_7b,Qwen,arc_challenge,123,pca_hidden_embeddings__logreg,0.051908699928841985,0.04617978033043,0.005728919598411986,0.06944444444444445,0.9305555555555556,0.05555555555555555,0.9444444444444444,0.05555555555555555,0.9444444444444444,0.4444444444444444,0.6666666666666666,0.7777777777777778
qwen25_7b,Qwen,arc_challenge,123,pca_hidden_embeddings__mlp,0.12489872911495704,0.11916980951654506,0.005728919598411986,0.08333333333333333,0.9166666666666666,0.09259259259259259,0.9074074074074074,0.05555555555555555,0.9444444444444444,0.3333333333333333,0.4444444444444444,0.7777777777777778
qwen25_7b,Qwen,arc_challenge,123,pca_hidden_embeddings__extratrees,0.026316805913453478,0.020587886315041493,0.005728919598411986,0.041666666666666664,0.9583333333333334,0.018518518518518517,0.9814814814814815,0.0,1.0,0.6666666666666666,0.8888888888888888,1.0
qwen25_7b,Qwen,arc_challenge,123,pca_hidden_embeddings__hgb,0.04149339330783497,0.035764473709422984,0.005728919598411986,0.06944444444444445,0.9305555555555556,0.09259259259259259,0.9074074074074074,0.027777777777777776,0.9722222222222222,0.4444444444444444,0.4444444444444444,0.8888888888888888
qwen25_7b,Qwen,arc_challenge,123,cheap_plus_pca_hidden__logreg,0.046270030098620976,0.04054111050020899,0.005728919598411986,0.041666666666666664,0.9583333333333334,0.037037037037037035,0.962962962962963,0.05555555555555555,0.9444444444444444,0.6666666666666666,0.7777777777777778,0.7777777777777778
qwen25_7b,Qwen,arc_challenge,123,cheap_plus_pca_hidden__mlp,0.10165005346925543,0.09592113387084344,0.005728919598411986,0.1111111111111111,0.8888888888888888,0.1111111111111111,0.8888888888888888,0.1111111111111111,0.8888888888888888,0.1111111111111111,0.3333333333333333,0.5555555555555556
qwen25_7b,Qwen,arc_challenge,123,cheap_plus_pca_hidden__extratrees,0.017035323220609595,0.011306403622197609,0.005728919598411986,0.013888888888888888,0.9861111111111112,0.018518518518518517,0.9814814814814815,0.0,1.0,0.8888888888888888,0.8888888888888888,1.0
qwen25_7b,Qwen,arc_challenge,123,cheap_plus_pca_hidden__hgb,0.021106770411147682,0.015377850812735697,0.005728919598411986,0.05555555555555555,0.9444444444444444,0.0,1.0,0.0,1.0,0.5555555555555556,1.0,1.0
qwen25_7b,Qwen,arc_challenge,777,direct_pmax,0.07146133024425293,0.06573241064584094,0.005728919598411986,0.05555555555555555,0.9444444444444444,0.037037037037037035,0.962962962962963,0.05555555555555555,0.9444444444444444,0.5555555555555556,0.7777777777777778,0.8888888888888888
qwen25_7b,Qwen,arc_challenge,777,cheap_confidence_option__logreg,0.03578257192273822,0.030053652324326233,0.005728919598411986,0.06944444444444445,0.9305555555555556,0.037037037037037035,0.962962962962963,0.027777777777777776,0.9722222222222222,0.4444444444444444,0.7777777777777778,0.8888888888888888
qwen25_7b,Qwen,arc_challenge,777,cheap_confidence_option__mlp,0.13501390408481906,0.12928498448640707,0.005728919598411986,0.09722222222222222,0.9027777777777778,0.09259259259259259,0.9074074074074074,0.1111111111111111,0.8888888888888888,0.2222222222222222,0.4444444444444444,0.5555555555555556
qwen25_7b,Qwen,arc_challenge,777,cheap_confidence_option__extratrees,0.040799814831076066,0.03507089523266408,0.005728919598411986,0.05555555555555555,0.9444444444444444,0.05555555555555555,0.9444444444444444,0.027777777777777776,0.9722222222222222,0.5555555555555556,0.6666666666666666,0.8888888888888888
qwen25_7b,Qwen,arc_challenge,777,cheap_confidence_option__hgb,0.06679491575503549,0.0610659961566235,0.005728919598411986,0.06944444444444445,0.9305555555555556,0.07407407407407407,0.9259259259259259,0.1111111111111111,0.8888888888888888,0.4444444444444444,0.5555555555555556,0.5555555555555556
qwen25_7b,Qwen,arc_challenge,777,hidden_summary_only__logreg,0.0878047779650133,0.08207585836660132,0.005728919598411986,0.06944444444444445,0.9305555555555556,0.07407407407407407,0.9259259259259259,0.08333333333333333,0.9166666666666666,0.4444444444444444,0.5555555555555556,0.6666666666666666
qwen25_7b,Qwen,arc_challenge,777,hidden_summary_only__mlp,0.18121990975050184,0.17549099015208985,0.005728919598411986,0.1111111111111111,0.8888888888888888,0.1111111111111111,0.8888888888888888,0.1388888888888889,0.8611111111111112,0.1111111111111111,0.3333333333333333,0.4444444444444444
qwen25_7b,Qwen,arc_challenge,777,hidden_summary_only__extratrees,0.09486949078813131,0.08914057118971933,0.005728919598411986,0.06944444444444445,0.9305555555555556,0.07407407407407407,0.9259259259259259,0.08333333333333333,0.9166666666666666,0.4444444444444444,0.5555555555555556,0.6666666666666666
qwen25_7b,Qwen,arc_challenge,777,hidden_summary_only__hgb,0.1140054877454503,0.10827656814703832,0.005728919598411986,0.06944444444444445,0.9305555555555556,0.05555555555555555,0.9444444444444444,0.05555555555555555,0.9444444444444444,0.4444444444444444,0.6666666666666666,0.7777777777777778
qwen25_7b,Qwen,arc_challenge,777,cheap_plus_hidden_summary__logreg,0.05616853171545354,0.05043961211704155,0.005728919598411986,0.06944444444444445,0.9305555555555556,0.037037037037037035,0.962962962962963,0.05555555555555555,0.9444444444444444,0.4444444444444444,0.7777777777777778,0.7777777777777778
qwen25_7b,Qwen,arc_challenge,777,cheap_plus_hidden_summary__mlp,0.10952427052698989,0.1037953509285779,0.005728919598411986,0.09722222222222222,0.9027777777777778,0.1111111111111111,0.8888888888888888,0.1111111111111111,0.8888888888888888,0.2222222222222222,0.3333333333333333,0.5555555555555556
qwen25_7b,Qwen,arc_challenge,777,cheap_plus_hidden_summary__extratrees,0.07344014524235656,0.06771122564394458,0.005728919598411986,0.05555555555555555,0.9444444444444444,0.05555555555555555,0.9444444444444444,0.05555555555555555,0.9444444444444444,0.5555555555555556,0.6666666666666666,0.7777777777777778
qwen25_7b,Qwen,arc_challenge,777,cheap_plus_hidden_summary__hgb,0.09348596211689778,0.08775704251848579,0.005728919598411986,0.06944444444444445,0.9305555555555556,0.07407407407407407,0.9259259259259259,0.08333333333333333,0.9166666666666666,0.4444444444444444,0.5555555555555556,0.6666666666666666
qwen25_7b,Qwen,arc_challenge,777,pca_hidden_embeddings__logreg,0.10224987602041387,0.09652095642200188,0.005728919598411986,0.08333333333333333,0.9166666666666666,0.07407407407407407,0.9259259259259259,0.08333333333333333,0.9166666666666666,0.3333333333333333,0.5555555555555556,0.6666666666666666
qwen25_7b,Qwen,arc_challenge,777,pca_hidden_embeddings__mlp,0.07781434416707865,0.07208542456866666,0.005728919598411986,0.06944444444444445,0.9305555555555556,0.05555555555555555,0.9444444444444444,0.08333333333333333,0.9166666666666666,0.4444444444444444,0.6666666666666666,0.6666666666666666
qwen25_7b,Qwen,arc_challenge,777,pca_hidden_embeddings__extratrees,0.057648097413470704,0.05191917781505872,0.005728919598411986,0.06944444444444445,0.9305555555555556,0.07407407407407407,0.9259259259259259,0.05555555555555555,0.9444444444444444,0.4444444444444444,0.5555555555555556,0.7777777777777778
qwen25_7b,Qwen,arc_challenge,777,pca_hidden_embeddings__hgb,0.05154086199289956,0.045811942394487576,0.005728919598411986,0.08333333333333333,0.9166666666666666,0.037037037037037035,0.962962962962963,0.027777777777777776,0.9722222222222222,0.3333333333333333,0.7777777777777778,0.8888888888888888
qwen25_7b,Qwen,arc_challenge,777,cheap_plus_pca_hidden__logreg,0.10300551194235064,0.09727659234393865,0.005728919598411986,0.08333333333333333,0.9166666666666666,0.09259259259259259,0.9074074074074074,0.08333333333333333,0.9166666666666666,0.3333333333333333,0.4444444444444444,0.6666666666666666
qwen25_7b,Qwen,arc_challenge,777,cheap_plus_pca_hidden__mlp,0.14400403311848248,0.1382751135200705,0.005728919598411986,0.1111111111111111,0.8888888888888888,0.12962962962962962,0.8703703703703703,0.16666666666666666,0.8333333333333334,0.1111111111111111,0.2222222222222222,0.3333333333333333
qwen25_7b,Qwen,arc_challenge,777,cheap_plus_pca_hidden__extratrees,0.04411198237693869,0.038383062778526704,0.005728919598411986,0.05555555555555555,0.9444444444444444,0.05555555555555555,0.9444444444444444,0.027777777777777776,0.9722222222222222,0.5555555555555556,0.6666666666666666,0.8888888888888888
qwen25_7b,Qwen,arc_challenge,777,cheap_plus_pca_hidden__hgb,0.037713748941488115,0.03198482934307613,0.005728919598411986,0.05555555555555555,0.9444444444444444,0.05555555555555555,0.9444444444444444,0.027777777777777776,0.9722222222222222,0.5555555555555556,0.6666666666666666,0.8888888888888888
qwen25_7b,Qwen,arc_challenge,2025,direct_pmax,0.04810116570924698,0.042372246110834996,0.005728919598411986,0.027777777777777776,0.9722222222222222,0.037037037037037035,0.962962962962963,0.027777777777777776,0.9722222222222222,0.7777777777777778,0.8888888888888888,1.0
qwen25_7b,Qwen,arc_challenge,2025,cheap_confidence_option__logreg,0.0313924557964328,0.025663536198020816,0.005728919598411986,0.041666666666666664,0.9583333333333334,0.037037037037037035,0.962962962962963,0.027777777777777776,0.9722222222222222,0.6666666666666666,0.7777777777777778,0.8888888888888888
qwen25_7b,Qwen,arc_challenge,2025,cheap_confidence_option__mlp,0.029692202618449005,0.02396328302003702,0.005728919598411986,0.06944444444444445,0.9305555555555556,0.018518518518518517,0.9814814814814815,0.0,1.0,0.4444444444444444,0.8888888888888888,1.0
qwen25_7b,Qwen,arc_challenge,2025,cheap_confidence_option__extratrees,0.03969562915723087,0.033966709558818885,0.005728919598411986,0.08333333333333333,0.9166666666666666,0.037037037037037035,0.962962962962963,0.05555555555555555,0.9444444444444444,0.3333333333333333,0.7777777777777778,0.7777777777777778
qwen25_7b,Qwen,arc_challenge,2025,cheap_confidence_option__hgb,0.03341332985799657,0.027684410259584583,0.005728919598411986,0.06944444444444445,0.9305555555555556,0.037037037037037035,0.962962962962963,0.0,1.0,0.4444444444444444,0.7777777777777778,1.0
qwen25_7b,Qwen,arc_challenge,2025,hidden_summary_only__logreg,0.05136398437718789,0.04563506477877591,0.005728919598411986,0.06944444444444445,0.9305555555555556,0.037037037037037035,0.962962962962963,0.05555555555555555,0.9444444444444444,0.4444444444444444,0.7777777777777778,0.7777777777777778
qwen25_7b,Qwen,arc_challenge,2025,hidden_summary_only__mlp,0.16951663330545308,0.1637877137070411,0.005728919598411986,0.125,0.875,0.14814814814814814,0.8518518518518519,0.19444444444444445,0.8055555555555556,0.0,0.1111111111111111,0.2222222222222222
qwen25_7b,Qwen,arc_challenge,2025,hidden_summary_only__extratrees,0.03158112111143934,0.025852201513027355,0.005728919598411986,0.041666666666666664,0.9583333333333334,0.037037037037037035,0.962962962962963,0.027777777777777776,0.9722222222222222,0.6666666666666666,0.7777777777777778,0.8888888888888888
qwen25_7b,Qwen,arc_challenge,2025,hidden_summary_only__hgb,0.04812830846048605,0.04239938886207406,0.005728919598411986,0.06944444444444445,0.9305555555555556,0.05555555555555555,0.9444444444444444,0.027777777777777776,0.9722222222222222,0.4444444444444444,0.6666666666666666,0.8888888888888888
qwen25_7b,Qwen,arc_challenge,2025,cheap_plus_hidden_summary__logreg,0.06676805343415358,0.061039133835741596,0.005728919598411986,0.06944444444444445,0.9305555555555556,0.09259259259259259,0.9074074074074074,0.08333333333333333,0.9166666666666666,0.4444444444444444,0.4444444444444444,0.6666666666666666
qwen25_7b,Qwen,arc_challenge,2025,cheap_plus_hidden_summary__mlp,0.041067810194697914,0.03533889059628593,0.005728919598411986,0.06944444444444445,0.9305555555555556,0.05555555555555555,0.9444444444444444,0.027777777777777776,0.9722222222222222,0.4444444444444444,0.6666666666666666,0.8888888888888888
qwen25_7b,Qwen,arc_challenge,2025,cheap_plus_hidden_summary__extratrees,0.034712419895193795,0.02898350029678181,0.005728919598411986,0.041666666666666664,0.9583333333333334,0.037037037037037035,0.962962962962963,0.05555555555555555,0.9444444444444444,0.6666666666666666,0.7777777777777778,0.7777777777777778
qwen25_7b,Qwen,arc_challenge,2025,cheap_plus_hidden_summary__hgb,0.07286533054681087,0.06713641094839888,0.005728919598411986,0.05555555555555555,0.9444444444444444,0.05555555555555555,0.9444444444444444,0.05555555555555555,0.9444444444444444,0.5555555555555556,0.6666666666666666,0.7777777777777778
qwen25_7b,Qwen,arc_challenge,2025,pca_hidden_embeddings__logreg,0.061051307634049104,0.05532238803563712,0.005728919598411986,0.08333333333333333,0.9166666666666666,0.07407407407407407,0.9259259259259259,0.08333333333333333,0.9166666666666666,0.3333333333333333,0.5555555555555556,0.6666666666666666
qwen25_7b,Qwen,arc_challenge,2025,pca_hidden_embeddings__mlp,0.1018853506954825,0.09615643109707052,0.005728919598411986,0.09722222222222222,0.9027777777777778,0.07407407407407407,0.9259259259259259,0.08333333333333333,0.9166666666666666,0.2222222222222222,0.5555555555555556,0.6666666666666666
qwen25_7b,Qwen,arc_challenge,2025,pca_hidden_embeddings__extratrees,0.03499789201934852,0.029268972420936533,0.005728919598411986,0.05555555555555555,0.9444444444444444,0.05555555555555555,0.9444444444444444,0.0,1.0,0.5555555555555556,0.6666666666666666,1.0
qwen25_7b,Qwen,arc_challenge,2025,pca_hidden_embeddings__hgb,0.034781416738875456,0.02905249714046347,0.005728919598411986,0.06944444444444445,0.9305555555555556,0.037037037037037035,0.962962962962963,0.0,1.0,0.4444444444444444,0.7777777777777778,1.0
qwen25_7b,Qwen,arc_challenge,2025,cheap_plus_pca_hidden__logreg,0.061180304069739094,0.05545138447132711,0.005728919598411986,0.06944444444444445,0.9305555555555556,0.07407407407407407,0.9259259259259259,0.05555555555555555,0.9444444444444444,0.4444444444444444,0.5555555555555556,0.7777777777777778
qwen25_7b,Qwen,arc_challenge,2025,cheap_plus_pca_hidden__mlp,0.04307232688969636,0.037343407291284374,0.005728919598411986,0.041666666666666664,0.9583333333333334,0.05555555555555555,0.9444444444444444,0.05555555555555555,0.9444444444444444,0.6666666666666666,0.6666666666666666,0.7777777777777778
qwen25_7b,Qwen,arc_challenge,2025,cheap_plus_pca_hidden__extratrees,0.028676567220766946,0.02294764762235496,0.005728919598411986,0.05555555555555555,0.9444444444444444,0.037037037037037035,0.962962962962963,0.027777777777777776,0.9722222222222222,0.5555555555555556,0.7777777777777778,0.8888888888888888
qwen25_7b,Qwen,arc_challenge,2025,cheap_plus_pca_hidden__hgb,0.056437592425947966,0.05070867282753598,0.005728919598411986,0.06944444444444445,0.9305555555555556,0.07407407407407407,0.9259259259259259,0.05555555555555555,0.9444444444444444,0.4444444444444444,0.5555555555555556,0.7777777777777778
qwen25_7b,Qwen,commonsenseqa,42,direct_pmax,0.06032263027891183,0.043413055070750835,0.016909575208161,0.10833333333333334,0.8916666666666666,0.05555555555555555,0.9444444444444444,0.016666666666666666,0.9833333333333333,0.5094339622641509,0.8113207547169812,0.9245283018867925
qwen25_7b,Qwen,commonsenseqa,42,cheap_confidence_option__logreg,0.052114200319063775,0.035204625110902776,0.016909575208161,0.1,0.9,0.06111111111111111,0.9388888888888889,0.025,0.975,0.5471698113207547,0.7924528301886793,0.9433962264150944
qwen25_7b,Qwen,commonsenseqa,42,cheap_confidence_option__mlp,0.06322582311610785,0.04631624790794685,0.016909575208161,0.1,0.9,0.05,0.95,0.05,0.95,0.5471698113207547,0.8301886792452831,0.8867924528301887
qwen25_7b,Qwen,commonsenseqa,42,cheap_confidence_option__extratrees,0.06965068506724975,0.05274110985908875,0.016909575208161,0.1,0.9,0.05555555555555555,0.9444444444444444,0.03333333333333333,0.9666666666666667,0.5471698113207547,0.8113207547169812,0.9245283018867925
qwen25_7b,Qwen,commonsenseqa,42,cheap_confidence_option__hgb,0.06935064808873306,0.052441072880572065,0.016909575208161,0.11666666666666667,0.8833333333333333,0.07222222222222222,0.9277777777777778,0.03333333333333333,0.9666666666666667,0.4716981132075472,0.7547169811320755,0.9245283018867925
qwen25_7b,Qwen,commonsenseqa,42,hidden_summary_only__logreg,0.0971863903488578,0.0802768151406968,0.016909575208161,0.12083333333333333,0.8791666666666667,0.10555555555555556,0.8944444444444445,0.10833333333333334,0.8916666666666666,0.4528301886792453,0.6415094339622641,0.7547169811320755
qwen25_7b,Qwen,commonsenseqa,42,hidden_summary_only__mlp,0.22501612201603013,0.20810654680786914,0.016909575208161,0.19583333333333333,0.8041666666666667,0.2222222222222222,0.7777777777777778,0.225,0.775,0.11320754716981132,0.24528301886792453,0.49056603773584906
qwen25_7b,Qwen,commonsenseqa,42,hidden_summary_only__extratrees,0.1052732816553443,0.0883637064471833,0.016909575208161,0.12083333333333333,0.8791666666666667,0.09444444444444444,0.9055555555555556,0.08333333333333333,0.9166666666666666,0.4528301886792453,0.6792452830188679,0.8113207547169812
qwen25_7b,Qwen,commonsenseqa,42,hidden_summary_only__hgb,0.11088753389754459,0.09397795868938359,0.016909575208161,0.14583333333333334,0.8541666666666666,0.12777777777777777,0.8722222222222222,0.09166666666666666,0.9083333333333333,0.33962264150943394,0.5660377358490566,0.7924528301886793
qwen25_7b,Qwen,commonsenseqa,42,cheap_plus_hidden_summary__logreg,0.06549560103495665,0.04858602582679565,0.016909575208161,0.10416666666666667,0.8958333333333334,0.06666666666666667,0.9333333333333333,0.05,0.95,0.5283018867924528,0.7735849056603774,0.8867924528301887
qwen25_7b,Qwen,commonsenseqa,42,cheap_plus_hidden_summary__mlp,0.07882288409227384,0.06191330888411284,0.016909575208161,0.10416666666666667,0.8958333333333334,0.07222222222222222,0.9277777777777778,0.041666666666666664,0.9583333333333334,0.5283018867924528,0.7547169811320755,0.9056603773584906
qwen25_7b,Qwen,commonsenseqa,42,cheap_plus_hidden_summary__extratrees,0.06754513030898453,0.05063555510082353,0.016909575208161,0.10416666666666667,0.8958333333333334,0.05,0.95,0.05,0.95,0.5283018867924528,0.8301886792452831,0.8867924528301887
qwen25_7b,Qwen,commonsenseqa,42,cheap_plus_hidden_summary__hgb,0.07324839782137207,0.056338822613211076,0.016909575208161,0.125,0.875,0.08888888888888889,0.9111111111111111,0.05,0.95,0.4339622641509434,0.6981132075471698,0.8867924528301887
qwen25_7b,Qwen,commonsenseqa,42,pca_hidden_embeddings__logreg,0.0839474235909985,0.0670378483828375,0.016909575208161,0.12083333333333333,0.8791666666666667,0.08888888888888889,0.9111111111111111,0.08333333333333333,0.9166666666666666,0.4528301886792453,0.6981132075471698,0.8113207547169812
qwen25_7b,Qwen,commonsenseqa,42,pca_hidden_embeddings__mlp,0.10469359814811063,0.08778402293994964,0.016909575208161,0.13333333333333333,0.8666666666666667,0.10555555555555556,0.8944444444444445,0.09166666666666666,0.9083333333333333,0.39622641509433965,0.6415094339622641,0.7924528301886793
qwen25_7b,Qwen,commonsenseqa,42,pca_hidden_embeddings__extratrees,0.06854565575036095,0.05163608054219995,0.016909575208161,0.11666666666666667,0.8833333333333333,0.07777777777777778,0.9222222222222223,0.05,0.95,0.4716981132075472,0.7358490566037735,0.8867924528301887
qwen25_7b,Qwen,commonsenseqa,42,pca_hidden_embeddings__hgb,0.09641614301496194,0.07950656780680095,0.016909575208161,0.125,0.875,0.10555555555555556,0.8944444444444445,0.075,0.925,0.4339622641509434,0.6415094339622641,0.8301886792452831
qwen25_7b,Qwen,commonsenseqa,42,cheap_plus_pca_hidden__logreg,0.07843929877636577,0.06152972356820477,0.016909575208161,0.10416666666666667,0.8958333333333334,0.09444444444444444,0.9055555555555556,0.075,0.925,0.5283018867924528,0.6792452830188679,0.8301886792452831
qwen25_7b,Qwen,commonsenseqa,42,cheap_plus_pca_hidden__mlp,0.12351910427640869,0.1066095290682477,0.016909575208161,0.14583333333333334,0.8541666666666666,0.12222222222222222,0.8777777777777778,0.11666666666666667,0.8833333333333333,0.33962264150943394,0.5849056603773585,0.7358490566037735
qwen25_7b,Qwen,commonsenseqa,42,cheap_plus_pca_hidden__extratrees,0.0550700754813641,0.0381605002732031,0.016909575208161,0.1125,0.8875,0.05,0.95,0.025,0.975,0.49056603773584906,0.8301886792452831,0.9433962264150944
qwen25_7b,Qwen,commonsenseqa,42,cheap_plus_pca_hidden__hgb,0.0686868531855401,0.051777277977379105,0.016909575208161,0.1125,0.8875,0.06666666666666667,0.9333333333333333,0.058333333333333334,0.9416666666666667,0.49056603773584906,0.7735849056603774,0.8679245283018868
qwen25_7b,Qwen,commonsenseqa,7,direct_pmax,0.0729646879135359,0.0560551127053749,0.016909575208161,0.12083333333333333,0.8791666666666667,0.044444444444444446,0.9555555555555556,0.041666666666666664,0.9583333333333334,0.4528301886792453,0.8301886792452831,0.9056603773584906
qwen25_7b,Qwen,commonsenseqa,7,cheap_confidence_option__logreg,0.04957735480276078,0.03266777959459978,0.016909575208161,0.10416666666666667,0.8958333333333334,0.03888888888888889,0.9611111111111111,0.03333333333333333,0.9666666666666667,0.5283018867924528,0.8679245283018868,0.9245283018867925
qwen25_7b,Qwen,commonsenseqa,7,cheap_confidence_option__mlp,0.05362776239279262,0.03671818718463162,0.016909575208161,0.11666666666666667,0.8833333333333333,0.03888888888888889,0.9611111111111111,0.025,0.975,0.4716981132075472,0.8679245283018868,0.9433962264150944
qwen25_7b,Qwen,commonsenseqa,7,cheap_confidence_option__extratrees,0.062328060354299546,0.04541848514613855,0.016909575208161,0.10833333333333334,0.8916666666666666,0.06111111111111111,0.9388888888888889,0.03333333333333333,0.9666666666666667,0.5094339622641509,0.7924528301886793,0.9245283018867925
qwen25_7b,Qwen,commonsenseqa,7,cheap_confidence_option__hgb,0.08166406343381494,0.06475448822565394,0.016909575208161,0.12083333333333333,0.8791666666666667,0.08888888888888889,0.9111111111111111,0.08333333333333333,0.9166666666666666,0.4528301886792453,0.6981132075471698,0.8113207547169812
qwen25_7b,Qwen,commonsenseqa,7,hidden_summary_only__logreg,0.1031492175300191,0.0862396423218581,0.016909575208161,0.13333333333333333,0.8666666666666667,0.1,0.9,0.075,0.925,0.39622641509433965,0.660377358490566,0.8301886792452831
qwen25_7b,Qwen,commonsenseqa,7,hidden_summary_only__mlp,0.10735106350191695,0.09044148829375595,0.016909575208161,0.13333333333333333,0.8666666666666667,0.13333333333333333,0.8666666666666667,0.1,0.9,0.39622641509433965,0.5471698113207547,0.7735849056603774
qwen25_7b,Qwen,commonsenseqa,7,hidden_summary_only__extratrees,0.11114886681192088,0.09423929160375988,0.016909575208161,0.14583333333333334,0.8541666666666666,0.1,0.9,0.09166666666666666,0.9083333333333333,0.33962264150943394,0.660377358490566,0.7924528301886793
qwen25_7b,Qwen,commonsenseqa,7,hidden_summary_only__hgb,0.12749453790930404,0.11058496270114304,0.016909575208161,0.15,0.85,0.14444444444444443,0.8555555555555556,0.11666666666666667,0.8833333333333333,0.32075471698113206,0.5094339622641509,0.7358490566037735
qwen25_7b,Qwen,commonsenseqa,7,cheap_plus_hidden_summary__logreg,0.0585453348162248,0.0416357596080638,0.016909575208161,0.0875,0.9125,0.044444444444444446,0.9555555555555556,0.03333333333333333,0.9666666666666667,0.6037735849056604,0.8490566037735849,0.9245283018867925
qwen25_7b,Qwen,commonsenseqa,7,cheap_plus_hidden_summary__mlp,0.06717079484891461,0.05026121964075361,0.016909575208161,0.1125,0.8875,0.07222222222222222,0.9277777777777778,0.041666666666666664,0.9583333333333334,0.49056603773584906,0.7547169811320755,0.9056603773584906
qwen25_7b,Qwen,commonsenseqa,7,cheap_plus_hidden_summary__extratrees,0.05191973474137264,0.03501015953321164,0.016909575208161,0.10833333333333334,0.8916666666666666,0.05555555555555555,0.9444444444444444,0.025,0.975,0.5094339622641509,0.8113207547169812,0.9433962264150944
qwen25_7b,Qwen,commonsenseqa,7,cheap_plus_hidden_summary__hgb,0.07646399794862396,0.059554422740462964,0.016909575208161,0.12083333333333333,0.8791666666666667,0.07222222222222222,0.9277777777777778,0.075,0.925,0.4528301886792453,0.7547169811320755,0.8301886792452831
qwen25_7b,Qwen,commonsenseqa,7,pca_hidden_embeddings__logreg,0.0739387895944335,0.057029214386272495,0.016909575208161,0.10833333333333334,0.8916666666666666,0.07222222222222222,0.9277777777777778,0.05,0.95,0.5094339622641509,0.7547169811320755,0.8867924528301887
qwen25_7b,Qwen,commonsenseqa,7,pca_hidden_embeddings__mlp,0.18677476018655256,0.16986518497839156,0.016909575208161,0.175,0.825,0.18888888888888888,0.8111111111111111,0.15833333333333333,0.8416666666666667,0.20754716981132076,0.3584905660377358,0.6415094339622641
qwen25_7b,Qwen,commonsenseqa,7,pca_hidden_embeddings__extratrees,0.05942203369553536,0.04251245848737436,0.016909575208161,0.12083333333333333,0.8791666666666667,0.06666666666666667,0.9333333333333333,0.016666666666666666,0.9833333333333333,0.4528301886792453,0.7735849056603774,0.9622641509433962
qwen25_7b,Qwen,commonsenseqa,7,pca_hidden_embeddings__hgb,0.06997749285324947,0.053067917645088475,0.016909575208161,0.12916666666666668,0.8708333333333333,0.06666666666666667,0.9333333333333333,0.041666666666666664,0.9583333333333334,0.41509433962264153,0.7735849056603774,0.9056603773584906
qwen25_7b,Qwen,commonsenseqa,7,cheap_plus_pca_hidden__logreg,0.06068832995867702,0.04377875475051602,0.016909575208161,0.1125,0.8875,0.06111111111111111,0.9388888888888889,0.03333333333333333,0.9666666666666667,0.49056603773584906,0.7924528301886793,0.9245283018867925
qwen25_7b,Qwen,commonsenseqa,7,cheap_plus_pca_hidden__mlp,0.05699846341040066,0.04008888820223966,0.016909575208161,0.1,0.9,0.044444444444444446,0.9555555555555556,0.03333333333333333,0.9666666666666667,0.5471698113207547,0.8490566037735849,0.9245283018867925
qwen25_7b,Qwen,commonsenseqa,7,cheap_plus_pca_hidden__extratrees,0.049458314257965375,0.032548739049804376,0.016909575208161,0.1125,0.8875,0.03888888888888889,0.9611111111111111,0.025,0.975,0.49056603773584906,0.8679245283018868,0.9433962264150944
qwen25_7b,Qwen,commonsenseqa,7,cheap_plus_pca_hidden__hgb,0.06979271377084416,0.05288313856268316,0.016909575208161,0.10833333333333334,0.8916666666666666,0.06666666666666667,0.9333333333333333,0.041666666666666664,0.9583333333333334,0.5094339622641509,0.7735849056603774,0.9056603773584906
qwen25_7b,Qwen,commonsenseqa,123,direct_pmax,0.07006861211724921,0.053159036909088214,0.016909575208161,0.10833333333333334,0.8916666666666666,0.03888888888888889,0.9611111111111111,0.03333333333333333,0.9666666666666667,0.5094339622641509,0.8679245283018868,0.9245283018867925
qwen25_7b,Qwen,commonsenseqa,123,cheap_confidence_option__logreg,0.05603305403851375,0.03912347883035275,0.016909575208161,0.09583333333333334,0.9041666666666667,0.027777777777777776,0.9722222222222222,0.025,0.975,0.5660377358490566,0.9056603773584906,0.9433962264150944
qwen25_7b,Qwen,commonsenseqa,123,cheap_confidence_option__mlp,0.06801245762568033,0.05110288241751933,0.016909575208161,0.1,0.9,0.07222222222222222,0.9277777777777778,0.05,0.95,0.5471698113207547,0.7547169811320755,0.8867924528301887
qwen25_7b,Qwen,commonsenseqa,123,cheap_confidence_option__extratrees,0.06347926600958803,0.04656969080142703,0.016909575208161,0.10416666666666667,0.8958333333333334,0.05555555555555555,0.9444444444444444,0.041666666666666664,0.9583333333333334,0.5283018867924528,0.8113207547169812,0.9056603773584906
qwen25_7b,Qwen,commonsenseqa,123,cheap_confidence_option__hgb,0.0684174935653171,0.051507918357156096,0.016909575208161,0.11666666666666667,0.8833333333333333,0.06111111111111111,0.9388888888888889,0.05,0.95,0.4716981132075472,0.7924528301886793,0.8867924528301887
qwen25_7b,Qwen,commonsenseqa,123,hidden_summary_only__logreg,0.09391761234735102,0.07700803713919002,0.016909575208161,0.13333333333333333,0.8666666666666667,0.08888888888888889,0.9111111111111111,0.075,0.925,0.39622641509433965,0.6981132075471698,0.8301886792452831
qwen25_7b,Qwen,commonsenseqa,123,hidden_summary_only__mlp,0.15144039508588727,0.13453081987772628,0.016909575208161,0.15416666666666667,0.8458333333333333,0.1388888888888889,0.8611111111111112,0.11666666666666667,0.8833333333333333,0.3018867924528302,0.5283018867924528,0.7358490566037735
qwen25_7b,Qwen,commonsenseqa,123,hidden_summary_only__extratrees,0.12596503172247542,0.10905545651431442,0.016909575208161,0.12916666666666668,0.8708333333333333,0.11666666666666667,0.8833333333333333,0.1,0.9,0.41509433962264153,0.6037735849056604,0.7735849056603774
qwen25_7b,Qwen,commonsenseqa,123,hidden_summary_only__hgb,0.12720067372435384,0.11029109851619284,0.016909575208161,0.14583333333333334,0.8541666666666666,0.12777777777777777,0.8722222222222222,0.125,0.875,0.33962264150943394,0.5660377358490566,0.7169811320754716
qwen25_7b,Qwen,commonsenseqa,123,cheap_plus_hidden_summary__logreg,0.06262235853026034,0.04571278332209934,0.016909575208161,0.1125,0.8875,0.06111111111111111,0.9388888888888889,0.041666666666666664,0.9583333333333334,0.49056603773584906,0.7924528301886793,0.9056603773584906
qwen25_7b,Qwen,commonsenseqa,123,cheap_plus_hidden_summary__mlp,0.06330856854696781,0.046398993338806815,0.016909575208161,0.10416666666666667,0.8958333333333334,0.05555555555555555,0.9444444444444444,0.05,0.95,0.5283018867924528,0.8113207547169812,0.8867924528301887
qwen25_7b,Qwen,commonsenseqa,123,cheap_plus_hidden_summary__extratrees,0.057795252049160174,0.040885676840999176,0.016909575208161,0.09583333333333334,0.9041666666666667,0.03888888888888889,0.9611111111111111,0.025,0.975,0.5660377358490566,0.8679245283018868,0.9433962264150944
qwen25_7b,Qwen,commonsenseqa,123,cheap_plus_hidden_summary__hgb,0.064401134543184,0.047491559335023,0.016909575208161,0.12916666666666668,0.8708333333333333,0.07222222222222222,0.9277777777777778,0.03333333333333333,0.9666666666666667,0.41509433962264153,0.7547169811320755,0.9245283018867925
qwen25_7b,Qwen,commonsenseqa,123,pca_hidden_embeddings__logreg,0.06466718220912032,0.04775760700095932,0.016909575208161,0.12083333333333333,0.8791666666666667,0.07777777777777778,0.9222222222222223,0.03333333333333333,0.9666666666666667,0.4528301886792453,0.7358490566037735,0.9245283018867925
qwen25_7b,Qwen,commonsenseqa,123,pca_hidden_embeddings__mlp,0.14968380483896093,0.13277422963079993,0.016909575208161,0.15833333333333333,0.8416666666666667,0.1388888888888889,0.8611111111111112,0.125,0.875,0.2830188679245283,0.5283018867924528,0.7169811320754716
qwen25_7b,Qwen,commonsenseqa,123,pca_hidden_embeddings__extratrees,0.05410104669686666,0.03719147148870566,0.016909575208161,0.09583333333333334,0.9041666666666667,0.05,0.95,0.016666666666666666,0.9833333333333333,0.5660377358490566,0.8301886792452831,0.9622641509433962
qwen25_7b,Qwen,commonsenseqa,123,pca_hidden_embeddings__hgb,0.07438947574045003,0.05747990053228903,0.016909575208161,0.12083333333333333,0.8791666666666667,0.07222222222222222,0.9277777777777778,0.041666666666666664,0.9583333333333334,0.4528301886792453,0.7547169811320755,0.9056603773584906
qwen25_7b,Qwen,commonsenseqa,123,cheap_plus_pca_hidden__logreg,0.060934447380295326,0.04402487217213433,0.016909575208161,0.11666666666666667,0.8833333333333333,0.05,0.95,0.025,0.975,0.4716981132075472,0.8301886792452831,0.9433962264150944
qwen25_7b,Qwen,commonsenseqa,123,cheap_plus_pca_hidden__mlp,0.22850778736505162,0.21159821215689062,0.016909575208161,0.19166666666666668,0.8083333333333333,0.20555555555555555,0.7944444444444445,0.21666666666666667,0.7833333333333333,0.1320754716981132,0.3018867924528302,0.5094339622641509
qwen25_7b,Qwen,commonsenseqa,123,cheap_plus_pca_hidden__extratrees,0.05258363391728913,0.03567405870912813,0.016909575208161,0.09583333333333334,0.9041666666666667,0.03333333333333333,0.9666666666666667,0.016666666666666666,0.9833333333333333,0.5660377358490566,0.8867924528301887,0.9622641509433962
qwen25_7b,Qwen,commonsenseqa,123,cheap_plus_pca_hidden__hgb,0.051374101728945805,0.034464526520784806,0.016909575208161,0.09583333333333334,0.9041666666666667,0.05,0.95,0.016666666666666666,0.9833333333333333,0.5660377358490566,0.8301886792452831,0.9622641509433962
qwen25_7b,Qwen,commonsenseqa,777,direct_pmax,0.06111250336033552,0.04420292815217452,0.016909575208161,0.12083333333333333,0.8791666666666667,0.06666666666666667,0.9333333333333333,0.025,0.975,0.4528301886792453,0.7735849056603774,0.9245283018867925
qwen25_7b,Qwen,commonsenseqa,777,cheap_confidence_option__logreg,0.059761636722295286,0.04285206151413429,0.016909575208161,0.10833333333333334,0.8916666666666666,0.07777777777777778,0.9222222222222223,0.03333333333333333,0.9666666666666667,0.5094339622641509,0.7358490566037735,0.9245283018867925
qwen25_7b,Qwen,commonsenseqa,777,cheap_confidence_option__mlp,0.06597513191853362,0.04906555671037262,0.016909575208161,0.12083333333333333,0.8791666666666667,0.07222222222222222,0.9277777777777778,0.05,0.95,0.4528301886792453,0.7547169811320755,0.8867924528301887
qwen25_7b,Qwen,commonsenseqa,777,cheap_confidence_option__extratrees,0.07447319477927195,0.05756361957111095,0.016909575208161,0.125,0.875,0.08333333333333333,0.9166666666666666,0.058333333333333334,0.9416666666666667,0.4339622641509434,0.7169811320754716,0.8679245283018868
qwen25_7b,Qwen,commonsenseqa,777,cheap_confidence_option__hgb,0.06856551491280544,0.05165593970464444,0.016909575208161,0.1125,0.8875,0.07222222222222222,0.9277777777777778,0.06666666666666667,0.9333333333333333,0.49056603773584906,0.7547169811320755,0.8490566037735849
qwen25_7b,Qwen,commonsenseqa,777,hidden_summary_only__logreg,0.11060760372399282,0.09369802851583182,0.016909575208161,0.14583333333333334,0.8541666666666666,0.11666666666666667,0.8833333333333333,0.1,0.9,0.33962264150943394,0.6037735849056604,0.7735849056603774
qwen25_7b,Qwen,commonsenseqa,777,hidden_summary_only__mlp,0.12867307371331052,0.11176349850514952,0.016909575208161,0.14583333333333334,0.8541666666666666,0.14444444444444443,0.8555555555555556,0.11666666666666667,0.8833333333333333,0.33962264150943394,0.5094339622641509,0.7358490566037735
qwen25_7b,Qwen,commonsenseqa,777,hidden_summary_only__extratrees,0.11814655102943751,0.10123697582127651,0.016909575208161,0.14166666666666666,0.8583333333333334,0.1111111111111111,0.8888888888888888,0.125,0.875,0.3584905660377358,0.6226415094339622,0.7169811320754716
qwen25_7b,Qwen,commonsenseqa,777,hidden_summary_only__hgb,0.11496041113866708,0.09805083593050608,0.016909575208161,0.13333333333333333,0.8666666666666667,0.12222222222222222,0.8777777777777778,0.13333333333333333,0.8666666666666667,0.39622641509433965,0.5849056603773585,0.6981132075471698
qwen25_7b,Qwen,commonsenseqa,777,cheap_plus_hidden_summary__logreg,0.07294675487857605,0.05603717967041505,0.016909575208161,0.12083333333333333,0.8791666666666667,0.07222222222222222,0.9277777777777778,0.03333333333333333,0.9666666666666667,0.4528301886792453,0.7547169811320755,0.9245283018867925
qwen25_7b,Qwen,commonsenseqa,777,cheap_plus_hidden_summary__mlp,0.10307592452035821,0.08616634931219722,0.016909575208161,0.125,0.875,0.10555555555555556,0.8944444444444445,0.10833333333333334,0.8916666666666666,0.4339622641509434,0.6415094339622641,0.7547169811320755
qwen25_7b,Qwen,commonsenseqa,777,cheap_plus_hidden_summary__extratrees,0.06483439797622147,0.04792482276806047,0.016909575208161,0.11666666666666667,0.8833333333333333,0.08333333333333333,0.9166666666666666,0.058333333333333334,0.9416666666666667,0.4716981132075472,0.7169811320754716,0.8679245283018868
qwen25_7b,Qwen,commonsenseqa,777,cheap_plus_hidden_summary__hgb,0.06791296701751046,0.05100339180934946,0.016909575208161,0.1125,0.8875,0.06666666666666667,0.9333333333333333,0.05,0.95,0.49056603773584906,0.7735849056603774,0.8867924528301887
qwen25_7b,Qwen,commonsenseqa,777,pca_hidden_embeddings__logreg,0.0845067223544237,0.0675971471462627,0.016909575208161,0.13333333333333333,0.8666666666666667,0.1111111111111111,0.8888888888888888,0.06666666666666667,0.9333333333333333,0.39622641509433965,0.6226415094339622,0.8490566037735849
qwen25_7b,Qwen,commonsenseqa,777,pca_hidden_embeddings__mlp,0.10313046117125646,0.08622088596309546,0.016909575208161,0.12916666666666668,0.8708333333333333,0.11666666666666667,0.8833333333333333,0.1,0.9,0.41509433962264153,0.6037735849056604,0.7735849056603774
qwen25_7b,Qwen,commonsenseqa,777,pca_hidden_embeddings__extratrees,0.08238903371101015,0.06547945850284916,0.016909575208161,0.12083333333333333,0.8791666666666667,0.1111111111111111,0.8888888888888888,0.058333333333333334,0.9416666666666667,0.4528301886792453,0.6226415094339622,0.8679245283018868
qwen25_7b,Qwen,commonsenseqa,777,pca_hidden_embeddings__hgb,0.0987297933456037,0.0818202181374427,0.016909575208161,0.12916666666666668,0.8708333333333333,0.1111111111111111,0.8888888888888888,0.08333333333333333,0.9166666666666666,0.41509433962264153,0.6226415094339622,0.8113207547169812
qwen25_7b,Qwen,commonsenseqa,777,cheap_plus_pca_hidden__logreg,0.0745399569700799,0.0576303817619189,0.016909575208161,0.12916666666666668,0.8708333333333333,0.08333333333333333,0.9166666666666666,0.05,0.95,0.41509433962264153,0.7169811320754716,0.8867924528301887
qwen25_7b,Qwen,commonsenseqa,777,cheap_plus_pca_hidden__mlp,0.0919204340166875,0.0750108588085265,0.016909575208161,0.11666666666666667,0.8833333333333333,0.08888888888888889,0.9111111111111111,0.075,0.925,0.4716981132075472,0.6981132075471698,0.8301886792452831
qwen25_7b,Qwen,commonsenseqa,777,cheap_plus_pca_hidden__extratrees,0.06077743548095194,0.043867860272790944,0.016909575208161,0.11666666666666667,0.8833333333333333,0.06666666666666667,0.9333333333333333,0.025,0.975,0.4716981132075472,0.7735849056603774,0.9433962264150944
qwen25_7b,Qwen,commonsenseqa,777,cheap_plus_pca_hidden__hgb,0.06913575513487011,0.05222617992670911,0.016909575208161,0.1125,0.8875,0.07222222222222222,0.9277777777777778,0.03333333333333333,0.9666666666666667,0.49056603773584906,0.7547169811320755,0.9245283018867925
qwen25_7b,Qwen,commonsenseqa,2025,direct_pmax,0.05329753063076114,0.03638795542260014,0.016909575208161,0.09583333333333334,0.9041666666666667,0.05,0.95,0.025,0.975,0.5660377358490566,0.8301886792452831,0.9245283018867925
qwen25_7b,Qwen,commonsenseqa,2025,cheap_confidence_option__logreg,0.051397958207498,0.034488382999337,0.016909575208161,0.09166666666666666,0.9083333333333333,0.05,0.95,0.025,0.975,0.5849056603773585,0.8301886792452831,0.9433962264150944
qwen25_7b,Qwen,commonsenseqa,2025,cheap_confidence_option__mlp,0.05094179397739083,0.03403221876922983,0.016909575208161,0.0875,0.9125,0.03888888888888889,0.9611111111111111,0.025,0.975,0.6037735849056604,0.8679245283018868,0.9433962264150944
qwen25_7b,Qwen,commonsenseqa,2025,cheap_confidence_option__extratrees,0.05670080300059423,0.03979122779243323,0.016909575208161,0.1,0.9,0.05,0.95,0.016666666666666666,0.9833333333333333,0.5471698113207547,0.8301886792452831,0.9622641509433962
qwen25_7b,Qwen,commonsenseqa,2025,cheap_confidence_option__hgb,0.06878791939564691,0.05187834418748591,0.016909575208161,0.1,0.9,0.07777777777777778,0.9222222222222223,0.058333333333333334,0.9416666666666667,0.5471698113207547,0.7358490566037735,0.8679245283018868
qwen25_7b,Qwen,commonsenseqa,2025,hidden_summary_only__logreg,0.09129082412288891,0.07438124891472792,0.016909575208161,0.12916666666666668,0.8708333333333333,0.08333333333333333,0.9166666666666666,0.075,0.925,0.41509433962264153,0.7169811320754716,0.8301886792452831
qwen25_7b,Qwen,commonsenseqa,2025,hidden_summary_only__mlp,0.10085757686419532,0.08394800165603432,0.016909575208161,0.12083333333333333,0.8791666666666667,0.11666666666666667,0.8833333333333333,0.10833333333333334,0.8916666666666666,0.4528301886792453,0.6037735849056604,0.7547169811320755
qwen25_7b,Qwen,commonsenseqa,2025,hidden_summary_only__extratrees,0.09490749392010057,0.07799791871193958,0.016909575208161,0.11666666666666667,0.8833333333333333,0.1,0.9,0.08333333333333333,0.9166666666666666,0.4716981132075472,0.660377358490566,0.8113207547169812
qwen25_7b,Qwen,commonsenseqa,2025,hidden_summary_only__hgb,0.11659440840803283,0.09968483319987183,0.016909575208161,0.14583333333333334,0.8541666666666666,0.1111111111111111,0.8888888888888888,0.10833333333333334,0.8916666666666666,0.33962264150943394,0.6226415094339622,0.7547169811320755
qwen25_7b,Qwen,commonsenseqa,2025,cheap_plus_hidden_summary__logreg,0.058867115784496264,0.041957540576335266,0.016909575208161,0.09166666666666666,0.9083333333333333,0.06666666666666667,0.9333333333333333,0.041666666666666664,0.9583333333333334,0.5849056603773585,0.7735849056603774,0.9056603773584906
qwen25_7b,Qwen,commonsenseqa,2025,cheap_plus_hidden_summary__mlp,0.06705562611293728,0.05014605090477628,0.016909575208161,0.10416666666666667,0.8958333333333334,0.06111111111111111,0.9388888888888889,0.041666666666666664,0.9583333333333334,0.5283018867924528,0.7924528301886793,0.9056603773584906
qwen25_7b,Qwen,commonsenseqa,2025,cheap_plus_hidden_summary__extratrees,0.06032661264436392,0.04341703743620292,0.016909575208161,0.09166666666666666,0.9083333333333333,0.044444444444444446,0.9555555555555556,0.016666666666666666,0.9833333333333333,0.5849056603773585,0.8490566037735849,0.9622641509433962
qwen25_7b,Qwen,commonsenseqa,2025,cheap_plus_hidden_summary__hgb,0.07166220647448027,0.05475263126631927,0.016909575208161,0.08333333333333333,0.9166666666666666,0.06111111111111111,0.9388888888888889,0.025,0.975,0.6226415094339622,0.7924528301886793,0.9433962264150944
qwen25_7b,Qwen,commonsenseqa,2025,pca_hidden_embeddings__logreg,0.07584274984792051,0.058933174639759514,0.016909575208161,0.1125,0.8875,0.07222222222222222,0.9277777777777778,0.05,0.95,0.49056603773584906,0.7547169811320755,0.8867924528301887
qwen25_7b,Qwen,commonsenseqa,2025,pca_hidden_embeddings__mlp,0.18266214586739118,0.1657525706592302,0.016909575208161,0.1875,0.8125,0.17777777777777778,0.8222222222222222,0.175,0.825,0.1509433962264151,0.39622641509433965,0.6037735849056604
qwen25_7b,Qwen,commonsenseqa,2025,pca_hidden_embeddings__extratrees,0.07176952110136926,0.054859945893208265,0.016909575208161,0.09166666666666666,0.9083333333333333,0.06111111111111111,0.9388888888888889,0.058333333333333334,0.9416666666666667,0.5849056603773585,0.7924528301886793,0.8679245283018868
qwen25_7b,Qwen,commonsenseqa,2025,pca_hidden_embeddings__hgb,0.07904572937415925,0.062136154165998256,0.016909575208161,0.1125,0.8875,0.08333333333333333,0.9166666666666666,0.058333333333333334,0.9416666666666667,0.49056603773584906,0.7169811320754716,0.8679245283018868
qwen25_7b,Qwen,commonsenseqa,2025,cheap_plus_pca_hidden__logreg,0.0595246481543329,0.0426150729461719,0.016909575208161,0.10833333333333334,0.8916666666666666,0.05,0.95,0.03333333333333333,0.9666666666666667,0.5094339622641509,0.8301886792452831,0.9245283018867925
qwen25_7b,Qwen,commonsenseqa,2025,cheap_plus_pca_hidden__mlp,0.07139215373786324,0.054482578529702244,0.016909575208161,0.10416666666666667,0.8958333333333334,0.06111111111111111,0.9388888888888889,0.041666666666666664,0.9583333333333334,0.5283018867924528,0.7924528301886793,0.9056603773584906
qwen25_7b,Qwen,commonsenseqa,2025,cheap_plus_pca_hidden__extratrees,0.05396779564167254,0.03705822043351154,0.016909575208161,0.09166666666666666,0.9083333333333333,0.05,0.95,0.025,0.975,0.5849056603773585,0.8301886792452831,0.9433962264150944
qwen25_7b,Qwen,commonsenseqa,2025,cheap_plus_pca_hidden__hgb,0.057705495256749326,0.04079592004858833,0.016909575208161,0.10833333333333334,0.8916666666666666,0.05,0.95,0.025,0.975,0.5094339622641509,0.8301886792452831,0.9433962264150944
qwen25_7b,Qwen,hellaswag,42,direct_pmax,0.03882802518622389,0.024425179678217127,0.014402845508006766,0.09583333333333334,0.9041666666666667,0.022222222222222223,0.9777777777777777,0.0,1.0,0.5306122448979592,0.8979591836734694,1.0
qwen25_7b,Qwen,hellaswag,42,cheap_confidence_option__logreg,0.035811515945812694,0.021408670437805928,0.014402845508006766,0.0875,0.9125,0.016666666666666666,0.9833333333333333,0.0,1.0,0.5714285714285714,0.9387755102040817,1.0
qwen25_7b,Qwen,hellaswag,42,cheap_confidence_option__mlp,0.03669723536763067,0.022294389859623905,0.014402845508006766,0.08333333333333333,0.9166666666666666,0.016666666666666666,0.9833333333333333,0.0,1.0,0.5918367346938775,0.9387755102040817,1.0
qwen25_7b,Qwen,hellaswag,42,cheap_confidence_option__extratrees,0.03730819330215713,0.022905347794150363,0.014402845508006766,0.09583333333333334,0.9041666666666667,0.022222222222222223,0.9777777777777777,0.0,1.0,0.5306122448979592,0.9183673469387755,1.0
qwen25_7b,Qwen,hellaswag,42,cheap_confidence_option__hgb,0.04107329868127764,0.026670453173270874,0.014402845508006766,0.1125,0.8875,0.022222222222222223,0.9777777777777777,0.008333333333333333,0.9916666666666667,0.4489795918367347,0.9183673469387755,0.9795918367346939
qwen25_7b,Qwen,hellaswag,42,hidden_summary_only__logreg,0.05130384357073364,0.03690099806272688,0.014402845508006766,0.075,0.925,0.03333333333333333,0.9666666666666667,0.025,0.975,0.6326530612244898,0.8775510204081632,0.9387755102040817
qwen25_7b,Qwen,hellaswag,42,hidden_summary_only__mlp,0.049912508855192834,0.03550966334718607,0.014402845508006766,0.0875,0.9125,0.06666666666666667,0.9333333333333333,0.03333333333333333,0.9666666666666667,0.5714285714285714,0.7551020408163265,0.9183673469387755
qwen25_7b,Qwen,hellaswag,42,hidden_summary_only__extratrees,0.04473946383328611,0.03033661832527934,0.014402845508006766,0.08333333333333333,0.9166666666666666,0.05,0.95,0.025,0.975,0.5918367346938775,0.8163265306122449,0.9387755102040817
qwen25_7b,Qwen,hellaswag,42,hidden_summary_only__hgb,0.04850776726007887,0.0341049217520721,0.014402845508006766,0.0875,0.9125,0.05,0.95,0.008333333333333333,0.9916666666666667,0.5714285714285714,0.8163265306122449,0.9795918367346939
qwen25_7b,Qwen,hellaswag,42,cheap_plus_hidden_summary__logreg,0.035534259907704646,0.02113141439969788,0.014402845508006766,0.08333333333333333,0.9166666666666666,0.011111111111111112,0.9888888888888889,0.008333333333333333,0.9916666666666667,0.5918367346938775,0.9591836734693877,0.9795918367346939
qwen25_7b,Qwen,hellaswag,42,cheap_plus_hidden_summary__mlp,0.0363492536958655,0.021946408187858736,0.014402845508006766,0.0875,0.9125,0.027777777777777776,0.9722222222222222,0.0,1.0,0.5714285714285714,0.8979591836734694,1.0
qwen25_7b,Qwen,hellaswag,42,cheap_plus_hidden_summary__extratrees,0.03674606080743902,0.022343215299432256,0.014402845508006766,0.07916666666666666,0.9208333333333334,0.03333333333333333,0.9666666666666667,0.0,1.0,0.6122448979591837,0.8775510204081632,1.0
qwen25_7b,Qwen,hellaswag,42,cheap_plus_hidden_summary__hgb,0.039488954107165165,0.0250861085991584,0.014402845508006766,0.07916666666666666,0.9208333333333334,0.03333333333333333,0.9666666666666667,0.0,1.0,0.6122448979591837,0.8775510204081632,1.0
qwen25_7b,Qwen,hellaswag,42,pca_hidden_embeddings__logreg,0.03934091911720237,0.024938073609195602,0.014402845508006766,0.08333333333333333,0.9166666666666666,0.03888888888888889,0.9611111111111111,0.008333333333333333,0.9916666666666667,0.5918367346938775,0.8571428571428571,0.9795918367346939
qwen25_7b,Qwen,hellaswag,42,pca_hidden_embeddings__mlp,0.1269092334530836,0.11250638794507684,0.014402845508006766,0.16666666666666666,0.8333333333333334,0.14444444444444443,0.8555555555555556,0.13333333333333333,0.8666666666666667,0.1836734693877551,0.46938775510204084,0.673469387755102
qwen25_7b,Qwen,hellaswag,42,pca_hidden_embeddings__extratrees,0.03436319183373259,0.019960346325725825,0.014402845508006766,0.075,0.925,0.016666666666666666,0.9833333333333333,0.0,1.0,0.6326530612244898,0.9387755102040817,1.0
qwen25_7b,Qwen,hellaswag,42,pca_hidden_embeddings__hgb,0.04228721541798464,0.027884369909977877,0.014402845508006766,0.0875,0.9125,0.027777777777777776,0.9722222222222222,0.016666666666666666,0.9833333333333333,0.5714285714285714,0.8979591836734694,0.9591836734693877
qwen25_7b,Qwen,hellaswag,42,cheap_plus_pca_hidden__logreg,0.03843758189898388,0.024034736390977113,0.014402845508006766,0.07083333333333333,0.9291666666666667,0.027777777777777776,0.9722222222222222,0.0,1.0,0.6530612244897959,0.8979591836734694,1.0
qwen25_7b,Qwen,hellaswag,42,cheap_plus_pca_hidden__mlp,0.06094923498660587,0.046546389478599105,0.014402845508006766,0.10833333333333334,0.8916666666666666,0.06666666666666667,0.9333333333333333,0.041666666666666664,0.9583333333333334,0.46938775510204084,0.7551020408163265,0.8979591836734694
qwen25_7b,Qwen,hellaswag,42,cheap_plus_pca_hidden__extratrees,0.034525943978666325,0.02012309847065956,0.014402845508006766,0.08333333333333333,0.9166666666666666,0.005555555555555556,0.9944444444444445,0.0,1.0,0.5918367346938775,0.9795918367346939,1.0
qwen25_7b,Qwen,hellaswag,42,cheap_plus_pca_hidden__hgb,0.035811101669056225,0.02140825616104946,0.014402845508006766,0.08333333333333333,0.9166666666666666,0.016666666666666666,0.9833333333333333,0.0,1.0,0.5918367346938775,0.9387755102040817,1.0
qwen25_7b,Qwen,hellaswag,7,direct_pmax,0.03952706116029162,0.025124215652284856,0.014402845508006766,0.08333333333333333,0.9166666666666666,0.03888888888888889,0.9611111111111111,0.008333333333333333,0.9916666666666667,0.5918367346938775,0.8571428571428571,0.9591836734693877
qwen25_7b,Qwen,hellaswag,7,cheap_confidence_option__logreg,0.03880086544581321,0.024398019937806444,0.014402845508006766,0.075,0.925,0.03333333333333333,0.9666666666666667,0.016666666666666666,0.9833333333333333,0.6326530612244898,0.8775510204081632,0.9591836734693877
qwen25_7b,Qwen,hellaswag,7,cheap_confidence_option__mlp,0.03979893517605381,0.025396089668047045,0.014402845508006766,0.0875,0.9125,0.03333333333333333,0.9666666666666667,0.016666666666666666,0.9833333333333333,0.5714285714285714,0.8775510204081632,0.9591836734693877
qwen25_7b,Qwen,hellaswag,7,cheap_confidence_option__extratrees,0.03860855813448117,0.024205712626474404,0.014402845508006766,0.0875,0.9125,0.027777777777777776,0.9722222222222222,0.008333333333333333,0.9916666666666667,0.5714285714285714,0.8979591836734694,0.9795918367346939
qwen25_7b,Qwen,hellaswag,7,cheap_confidence_option__hgb,0.04025964351234294,0.02585679800433617,0.014402845508006766,0.07916666666666666,0.9208333333333334,0.027777777777777776,0.9722222222222222,0.008333333333333333,0.9916666666666667,0.6122448979591837,0.8979591836734694,0.9795918367346939
qwen25_7b,Qwen,hellaswag,7,hidden_summary_only__logreg,0.05344203503310999,0.03903918952510323,0.014402845508006766,0.0875,0.9125,0.07222222222222222,0.9277777777777778,0.03333333333333333,0.9666666666666667,0.5714285714285714,0.7346938775510204,0.9183673469387755
qwen25_7b,Qwen,hellaswag,7,hidden_summary_only__mlp,0.056008101533457984,0.04160525602545122,0.014402845508006766,0.0875,0.9125,0.06111111111111111,0.9388888888888889,0.041666666666666664,0.9583333333333334,0.5714285714285714,0.7755102040816326,0.8979591836734694
qwen25_7b,Qwen,hellaswag,7,hidden_summary_only__extratrees,0.049306907315898624,0.03490406180789186,0.014402845508006766,0.0875,0.9125,0.06666666666666667,0.9333333333333333,0.016666666666666666,0.9833333333333333,0.5714285714285714,0.7551020408163265,0.9591836734693877
qwen25_7b,Qwen,hellaswag,7,hidden_summary_only__hgb,0.052361598131332,0.03795875262332524,0.014402845508006766,0.09166666666666666,0.9083333333333333,0.06111111111111111,0.9388888888888889,0.016666666666666666,0.9833333333333333,0.5510204081632653,0.7755102040816326,0.9591836734693877
qwen25_7b,Qwen,hellaswag,7,cheap_plus_hidden_summary__logreg,0.03675029136817233,0.022347445860165564,0.014402845508006766,0.07083333333333333,0.9291666666666667,0.027777777777777776,0.9722222222222222,0.008333333333333333,0.9916666666666667,0.6530612244897959,0.8979591836734694,0.9795918367346939
qwen25_7b,Qwen,hellaswag,7,cheap_plus_hidden_summary__mlp,0.050803521308553375,0.03640067580054661,0.014402845508006766,0.07916666666666666,0.9208333333333334,0.05,0.95,0.041666666666666664,0.9583333333333334,0.6122448979591837,0.8163265306122449,0.8979591836734694
qwen25_7b,Qwen,hellaswag,7,cheap_plus_hidden_summary__extratrees,0.036384265741749085,0.02198142023374232,0.014402845508006766,0.075,0.925,0.03333333333333333,0.9666666666666667,0.008333333333333333,0.9916666666666667,0.6326530612244898,0.8775510204081632,0.9795918367346939
qwen25_7b,Qwen,hellaswag,7,cheap_plus_hidden_summary__hgb,0.03646069209826355,0.022057846590256787,0.014402845508006766,0.08333333333333333,0.9166666666666666,0.027777777777777776,0.9722222222222222,0.008333333333333333,0.9916666666666667,0.5918367346938775,0.8979591836734694,0.9795918367346939
qwen25_7b,Qwen,hellaswag,7,pca_hidden_embeddings__logreg,0.036610222119735907,0.02220737661172914,0.014402845508006766,0.07916666666666666,0.9208333333333334,0.03333333333333333,0.9666666666666667,0.008333333333333333,0.9916666666666667,0.6122448979591837,0.8775510204081632,0.9795918367346939
qwen25_7b,Qwen,hellaswag,7,pca_hidden_embeddings__mlp,0.05959459439572098,0.04519174888771421,0.014402845508006766,0.07916666666666666,0.9208333333333334,0.06111111111111111,0.9388888888888889,0.041666666666666664,0.9583333333333334,0.6122448979591837,0.7755102040816326,0.8979591836734694
qwen25_7b,Qwen,hellaswag,7,pca_hidden_embeddings__extratrees,0.039939253228420374,0.025536407720413608,0.014402845508006766,0.07916666666666666,0.9208333333333334,0.044444444444444446,0.9555555555555556,0.0,1.0,0.6122448979591837,0.8367346938775511,1.0
qwen25_7b,Qwen,hellaswag,7,pca_hidden_embeddings__hgb,0.04560315957000339,0.031200314061996623,0.014402845508006766,0.07916666666666666,0.9208333333333334,0.05,0.95,0.008333333333333333,0.9916666666666667,0.6122448979591837,0.8163265306122449,0.9795918367346939
qwen25_7b,Qwen,hellaswag,7,cheap_plus_pca_hidden__logreg,0.03548258270213827,0.021079737194131504,0.014402845508006766,0.06666666666666667,0.9333333333333333,0.027777777777777776,0.9722222222222222,0.016666666666666666,0.9833333333333333,0.673469387755102,0.8979591836734694,0.9591836734693877
qwen25_7b,Qwen,hellaswag,7,cheap_plus_pca_hidden__mlp,0.04638542244017347,0.031982576932166704,0.014402845508006766,0.075,0.925,0.027777777777777776,0.9722222222222222,0.016666666666666666,0.9833333333333333,0.6326530612244898,0.8979591836734694,0.9591836734693877
qwen25_7b,Qwen,hellaswag,7,cheap_plus_pca_hidden__extratrees,0.0354473949230718,0.021044549415065034,0.014402845508006766,0.07916666666666666,0.9208333333333334,0.03333333333333333,0.9666666666666667,0.0,1.0,0.6122448979591837,0.8775510204081632,1.0
qwen25_7b,Qwen,hellaswag,7,cheap_plus_pca_hidden__hgb,0.03597922680504581,0.021576381297039045,0.014402845508006766,0.07916666666666666,0.9208333333333334,0.03888888888888889,0.9611111111111111,0.0,1.0,0.6122448979591837,0.8571428571428571,1.0
qwen25_7b,Qwen,hellaswag,123,direct_pmax,0.0499787328563092,0.035575887348302436,0.014402845508006766,0.07916666666666666,0.9208333333333334,0.03888888888888889,0.9611111111111111,0.041666666666666664,0.9583333333333334,0.6122448979591837,0.8571428571428571,0.8979591836734694
qwen25_7b,Qwen,hellaswag,123,cheap_confidence_option__logreg,0.0415629363304858,0.027160090822479034,0.014402845508006766,0.07916666666666666,0.9208333333333334,0.03333333333333333,0.9666666666666667,0.016666666666666666,0.9833333333333333,0.6122448979591837,0.8775510204081632,0.9591836734693877
qwen25_7b,Qwen,hellaswag,123,cheap_confidence_option__mlp,0.04647198181998518,0.03206913631197841,0.014402845508006766,0.08333333333333333,0.9166666666666666,0.03333333333333333,0.9666666666666667,0.025,0.975,0.5918367346938775,0.8775510204081632,0.9387755102040817
qwen25_7b,Qwen,hellaswag,123,cheap_confidence_option__extratrees,0.04250323902570175,0.028100393517694985,0.014402845508006766,0.07916666666666666,0.9208333333333334,0.027777777777777776,0.9722222222222222,0.016666666666666666,0.9833333333333333,0.6122448979591837,0.8979591836734694,0.9591836734693877
qwen25_7b,Qwen,hellaswag,123,cheap_confidence_option__hgb,0.0397427546003639,0.025339909092357137,0.014402845508006766,0.08333333333333333,0.9166666666666666,0.044444444444444446,0.9555555555555556,0.0,1.0,0.5918367346938775,0.8367346938775511,1.0
qwen25_7b,Qwen,hellaswag,123,hidden_summary_only__logreg,0.04939471832537714,0.03499187281737037,0.014402845508006766,0.09166666666666666,0.9083333333333333,0.05,0.95,0.03333333333333333,0.9666666666666667,0.5510204081632653,0.8163265306122449,0.9183673469387755
qwen25_7b,Qwen,hellaswag,123,hidden_summary_only__mlp,0.05980920758795333,0.04540636207994656,0.014402845508006766,0.09166666666666666,0.9083333333333333,0.08333333333333333,0.9166666666666666,0.05,0.95,0.5510204081632653,0.6938775510204082,0.8775510204081632
qwen25_7b,Qwen,hellaswag,123,hidden_summary_only__extratrees,0.048737200238738836,0.03433435473073207,0.014402845508006766,0.09583333333333334,0.9041666666666667,0.06111111111111111,0.9388888888888889,0.008333333333333333,0.9916666666666667,0.5306122448979592,0.7755102040816326,0.9795918367346939
qwen25_7b,Qwen,hellaswag,123,hidden_summary_only__hgb,0.04841595728554825,0.03401311177754148,0.014402845508006766,0.10833333333333334,0.8916666666666666,0.044444444444444446,0.9555555555555556,0.008333333333333333,0.9916666666666667,0.46938775510204084,0.8367346938775511,0.9795918367346939
qwen25_7b,Qwen,hellaswag,123,cheap_plus_hidden_summary__logreg,0.04240275421510088,0.027999908707094116,0.014402845508006766,0.075,0.925,0.05,0.95,0.008333333333333333,0.9916666666666667,0.6326530612244898,0.8163265306122449,0.9795918367346939
qwen25_7b,Qwen,hellaswag,123,cheap_plus_hidden_summary__mlp,0.04754951960216122,0.033146674094154456,0.014402845508006766,0.075,0.925,0.05,0.95,0.025,0.975,0.6326530612244898,0.8163265306122449,0.9387755102040817
qwen25_7b,Qwen,hellaswag,123,cheap_plus_hidden_summary__extratrees,0.03931869371499201,0.024915848206985246,0.014402845508006766,0.08333333333333333,0.9166666666666666,0.03888888888888889,0.9611111111111111,0.0,1.0,0.5918367346938775,0.8571428571428571,1.0
qwen25_7b,Qwen,hellaswag,123,cheap_plus_hidden_summary__hgb,0.04416550130364329,0.02976265579563652,0.014402845508006766,0.07916666666666666,0.9208333333333334,0.05555555555555555,0.9444444444444444,0.0,1.0,0.6122448979591837,0.7959183673469388,1.0
qwen25_7b,Qwen,hellaswag,123,pca_hidden_embeddings__logreg,0.04954320270551151,0.035140357197504746,0.014402845508006766,0.09583333333333334,0.9041666666666667,0.044444444444444446,0.9555555555555556,0.016666666666666666,0.9833333333333333,0.5306122448979592,0.8367346938775511,0.9591836734693877
qwen25_7b,Qwen,hellaswag,123,pca_hidden_embeddings__mlp,0.14309797672991645,0.12869513122190968,0.014402845508006766,0.16666666666666666,0.8333333333333334,0.15,0.85,0.15,0.85,0.1836734693877551,0.4489795918367347,0.6326530612244898
qwen25_7b,Qwen,hellaswag,123,pca_hidden_embeddings__extratrees,0.043826751071569144,0.029423905563562378,0.014402845508006766,0.0875,0.9125,0.03888888888888889,0.9611111111111111,0.008333333333333333,0.9916666666666667,0.5714285714285714,0.8571428571428571,0.9795918367346939
qwen25_7b,Qwen,hellaswag,123,pca_hidden_embeddings__hgb,0.0476753438106325,0.033272498302625735,0.014402845508006766,0.08333333333333333,0.9166666666666666,0.05,0.95,0.03333333333333333,0.9666666666666667,0.5918367346938775,0.8163265306122449,0.9183673469387755
qwen25_7b,Qwen,hellaswag,123,cheap_plus_pca_hidden__logreg,0.04867377106384963,0.034270925555842865,0.014402845508006766,0.07916666666666666,0.9208333333333334,0.05,0.95,0.016666666666666666,0.9833333333333333,0.6122448979591837,0.8163265306122449,0.9591836734693877
qwen25_7b,Qwen,hellaswag,123,cheap_plus_pca_hidden__mlp,0.06796516428121926,0.0535623187732125,0.014402845508006766,0.09583333333333334,0.9041666666666667,0.05,0.95,0.041666666666666664,0.9583333333333334,0.5306122448979592,0.8163265306122449,0.8979591836734694
qwen25_7b,Qwen,hellaswag,123,cheap_plus_pca_hidden__extratrees,0.040288231035067165,0.0258853855270604,0.014402845508006766,0.07916666666666666,0.9208333333333334,0.03333333333333333,0.9666666666666667,0.016666666666666666,0.9833333333333333,0.6122448979591837,0.8775510204081632,0.9591836734693877
qwen25_7b,Qwen,hellaswag,123,cheap_plus_pca_hidden__hgb,0.03918322147623184,0.024780375968225077,0.014402845508006766,0.07916666666666666,0.9208333333333334,0.03333333333333333,0.9666666666666667,0.0,1.0,0.6122448979591837,0.8775510204081632,1.0
qwen25_7b,Qwen,hellaswag,777,direct_pmax,0.03581958936365278,0.021416743855646014,0.014402845508006766,0.07083333333333333,0.9291666666666667,0.016666666666666666,0.9833333333333333,0.016666666666666666,0.9833333333333333,0.6530612244897959,0.9387755102040817,0.9591836734693877
qwen25_7b,Qwen,hellaswag,777,cheap_confidence_option__logreg,0.034776879084112575,0.02037403357610581,0.014402845508006766,0.07083333333333333,0.9291666666666667,0.022222222222222223,0.9777777777777777,0.008333333333333333,0.9916666666666667,0.6530612244897959,0.9183673469387755,0.9795918367346939
qwen25_7b,Qwen,hellaswag,777,cheap_confidence_option__mlp,0.04336730293791897,0.028964457429912202,0.014402845508006766,0.07916666666666666,0.9208333333333334,0.03333333333333333,0.9666666666666667,0.03333333333333333,0.9666666666666667,0.6122448979591837,0.8775510204081632,0.9183673469387755
qwen25_7b,Qwen,hellaswag,777,cheap_confidence_option__extratrees,0.037116796224927244,0.022713950716920478,0.014402845508006766,0.07083333333333333,0.9291666666666667,0.027777777777777776,0.9722222222222222,0.008333333333333333,0.9916666666666667,0.6530612244897959,0.8979591836734694,0.9795918367346939
qwen25_7b,Qwen,hellaswag,777,cheap_confidence_option__hgb,0.035101163597752345,0.02069831808974558,0.014402845508006766,0.0625,0.9375,0.011111111111111112,0.9888888888888889,0.008333333333333333,0.9916666666666667,0.6938775510204082,0.9591836734693877,0.9795918367346939
qwen25_7b,Qwen,hellaswag,777,hidden_summary_only__logreg,0.04894751360417763,0.034544668096170864,0.014402845508006766,0.07916666666666666,0.9208333333333334,0.044444444444444446,0.9555555555555556,0.03333333333333333,0.9666666666666667,0.6122448979591837,0.8367346938775511,0.9183673469387755
qwen25_7b,Qwen,hellaswag,777,hidden_summary_only__mlp,0.07084811405834807,0.0564452685503413,0.014402845508006766,0.09583333333333334,0.9041666666666667,0.06111111111111111,0.9388888888888889,0.058333333333333334,0.9416666666666667,0.5306122448979592,0.7755102040816326,0.8571428571428571
qwen25_7b,Qwen,hellaswag,777,hidden_summary_only__extratrees,0.040596559687324583,0.026193714179317817,0.014402845508006766,0.075,0.925,0.03888888888888889,0.9611111111111111,0.016666666666666666,0.9833333333333333,0.6326530612244898,0.8571428571428571,0.9591836734693877
qwen25_7b,Qwen,hellaswag,777,hidden_summary_only__hgb,0.04615351833158373,0.031750672823576964,0.014402845508006766,0.09583333333333334,0.9041666666666667,0.044444444444444446,0.9555555555555556,0.016666666666666666,0.9833333333333333,0.5306122448979592,0.8367346938775511,0.9591836734693877
qwen25_7b,Qwen,hellaswag,777,cheap_plus_hidden_summary__logreg,0.03691855295044242,0.022515707442435653,0.014402845508006766,0.075,0.925,0.027777777777777776,0.9722222222222222,0.008333333333333333,0.9916666666666667,0.6326530612244898,0.8979591836734694,0.9795918367346939
qwen25_7b,Qwen,hellaswag,777,cheap_plus_hidden_summary__mlp,0.05235704114642954,0.037954195638422776,0.014402845508006766,0.075,0.925,0.05555555555555555,0.9444444444444444,0.05,0.95,0.6326530612244898,0.7959183673469388,0.8775510204081632
qwen25_7b,Qwen,hellaswag,777,cheap_plus_hidden_summary__extratrees,0.033938293842203045,0.01953544833419628,0.014402845508006766,0.075,0.925,0.022222222222222223,0.9777777777777777,0.0,1.0,0.6326530612244898,0.9183673469387755,1.0
qwen25_7b,Qwen,hellaswag,777,cheap_plus_hidden_summary__hgb,0.03622378393745886,0.021820938429452097,0.014402845508006766,0.07916666666666666,0.9208333333333334,0.016666666666666666,0.9833333333333333,0.0,1.0,0.6122448979591837,0.9387755102040817,1.0
qwen25_7b,Qwen,hellaswag,777,pca_hidden_embeddings__logreg,0.04483969780421367,0.030436852296206907,0.014402845508006766,0.075,0.925,0.03333333333333333,0.9666666666666667,0.016666666666666666,0.9833333333333333,0.6326530612244898,0.8775510204081632,0.9591836734693877
qwen25_7b,Qwen,hellaswag,777,pca_hidden_embeddings__mlp,0.13265168574119954,0.11824884023319276,0.014402845508006766,0.15,0.85,0.13333333333333333,0.8666666666666667,0.13333333333333333,0.8666666666666667,0.2653061224489796,0.5102040816326531,0.673469387755102
qwen25_7b,Qwen,hellaswag,777,pca_hidden_embeddings__extratrees,0.04385939635666575,0.02945655084865898,0.014402845508006766,0.0875,0.9125,0.05,0.95,0.016666666666666666,0.9833333333333333,0.5714285714285714,0.8163265306122449,0.9591836734693877
qwen25_7b,Qwen,hellaswag,777,pca_hidden_embeddings__hgb,0.050582927699474145,0.03618008219146738,0.014402845508006766,0.08333333333333333,0.9166666666666666,0.06111111111111111,0.9388888888888889,0.025,0.975,0.5918367346938775,0.7755102040816326,0.9387755102040817
qwen25_7b,Qwen,hellaswag,777,cheap_plus_pca_hidden__logreg,0.04189065783878337,0.0274878123307766,0.014402845508006766,0.07916666666666666,0.9208333333333334,0.03888888888888889,0.9611111111111111,0.016666666666666666,0.9833333333333333,0.6122448979591837,0.8571428571428571,0.9591836734693877
qwen25_7b,Qwen,hellaswag,777,cheap_plus_pca_hidden__mlp,0.043092964912645706,0.02869011940463894,0.014402845508006766,0.08333333333333333,0.9166666666666666,0.03333333333333333,0.9666666666666667,0.025,0.975,0.5918367346938775,0.8775510204081632,0.9387755102040817
qwen25_7b,Qwen,hellaswag,777,cheap_plus_pca_hidden__extratrees,0.03130605124638227,0.016903205738375504,0.014402845508006766,0.06666666666666667,0.9333333333333333,0.011111111111111112,0.9888888888888889,0.008333333333333333,0.9916666666666667,0.673469387755102,0.9591836734693877,0.9795918367346939
qwen25_7b,Qwen,hellaswag,777,cheap_plus_pca_hidden__hgb,0.03255406328479838,0.018151217776791614,0.014402845508006766,0.075,0.925,0.016666666666666666,0.9833333333333333,0.0,1.0,0.6326530612244898,0.9387755102040817,1.0
qwen25_7b,Qwen,hellaswag,2025,direct_pmax,0.049240397859893294,0.03483755235188653,0.014402845508006766,0.0875,0.9125,0.03333333333333333,0.9666666666666667,0.03333333333333333,0.9666666666666667,0.5714285714285714,0.8775510204081632,0.9183673469387755
qwen25_7b,Qwen,hellaswag,2025,cheap_confidence_option__logreg,0.04658598519935286,0.03218313969134609,0.014402845508006766,0.08333333333333333,0.9166666666666666,0.027777777777777776,0.9722222222222222,0.016666666666666666,0.9833333333333333,0.5918367346938775,0.8979591836734694,0.9591836734693877
qwen25_7b,Qwen,hellaswag,2025,cheap_confidence_option__mlp,0.045067763360136355,0.03066491785212959,0.014402845508006766,0.08333333333333333,0.9166666666666666,0.03333333333333333,0.9666666666666667,0.025,0.975,0.5918367346938775,0.8775510204081632,0.9387755102040817
qwen25_7b,Qwen,hellaswag,2025,cheap_confidence_option__extratrees,0.04227071484915142,0.02786786934114465,0.014402845508006766,0.07916666666666666,0.9208333333333334,0.03888888888888889,0.9611111111111111,0.016666666666666666,0.9833333333333333,0.6122448979591837,0.8571428571428571,0.9591836734693877
qwen25_7b,Qwen,hellaswag,2025,cheap_confidence_option__hgb,0.042135736624969174,0.027732891116962408,0.014402845508006766,0.08333333333333333,0.9166666666666666,0.03888888888888889,0.9611111111111111,0.008333333333333333,0.9916666666666667,0.5918367346938775,0.8571428571428571,0.9795918367346939
qwen25_7b,Qwen,hellaswag,2025,hidden_summary_only__logreg,0.05068628359896212,0.036283438090955356,0.014402845508006766,0.08333333333333333,0.9166666666666666,0.05555555555555555,0.9444444444444444,0.025,0.975,0.5918367346938775,0.7959183673469388,0.9387755102040817
qwen25_7b,Qwen,hellaswag,2025,hidden_summary_only__mlp,0.05712851416099132,0.04272566865298456,0.014402845508006766,0.09166666666666666,0.9083333333333333,0.06666666666666667,0.9333333333333333,0.05,0.95,0.5510204081632653,0.7551020408163265,0.8775510204081632
qwen25_7b,Qwen,hellaswag,2025,hidden_summary_only__extratrees,0.050418387410348924,0.03601554190234216,0.014402845508006766,0.09166666666666666,0.9083333333333333,0.03333333333333333,0.9666666666666667,0.025,0.975,0.5510204081632653,0.8775510204081632,0.9387755102040817
qwen25_7b,Qwen,hellaswag,2025,hidden_summary_only__hgb,0.057525970061717356,0.04312312455371059,0.014402845508006766,0.09166666666666666,0.9083333333333333,0.06666666666666667,0.9333333333333333,0.025,0.975,0.5510204081632653,0.7551020408163265,0.9387755102040817
qwen25_7b,Qwen,hellaswag,2025,cheap_plus_hidden_summary__logreg,0.04297051505116432,0.02856766954315755,0.014402845508006766,0.07916666666666666,0.9208333333333334,0.03333333333333333,0.9666666666666667,0.016666666666666666,0.9833333333333333,0.6122448979591837,0.8775510204081632,0.9591836734693877
qwen25_7b,Qwen,hellaswag,2025,cheap_plus_hidden_summary__mlp,0.07339693824640527,0.0589940927383985,0.014402845508006766,0.1,0.9,0.06111111111111111,0.9388888888888889,0.041666666666666664,0.9583333333333334,0.5102040816326531,0.7755102040816326,0.8979591836734694
qwen25_7b,Qwen,hellaswag,2025,cheap_plus_hidden_summary__extratrees,0.03918398959855466,0.024781144090547894,0.014402845508006766,0.07916666666666666,0.9208333333333334,0.03333333333333333,0.9666666666666667,0.008333333333333333,0.9916666666666667,0.6122448979591837,0.8775510204081632,0.9795918367346939
qwen25_7b,Qwen,hellaswag,2025,cheap_plus_hidden_summary__hgb,0.0402794462273254,0.025876600719318632,0.014402845508006766,0.07916666666666666,0.9208333333333334,0.03888888888888889,0.9611111111111111,0.008333333333333333,0.9916666666666667,0.6122448979591837,0.8571428571428571,0.9795918367346939
qwen25_7b,Qwen,hellaswag,2025,pca_hidden_embeddings__logreg,0.04779181287820819,0.033388967370201424,0.014402845508006766,0.0875,0.9125,0.044444444444444446,0.9555555555555556,0.016666666666666666,0.9833333333333333,0.5714285714285714,0.8367346938775511,0.9591836734693877
qwen25_7b,Qwen,hellaswag,2025,pca_hidden_embeddings__mlp,0.0570234576962946,0.04262061218828783,0.014402845508006766,0.10416666666666667,0.8958333333333334,0.06111111111111111,0.9388888888888889,0.025,0.975,0.4897959183673469,0.7755102040816326,0.9387755102040817
qwen25_7b,Qwen,hellaswag,2025,pca_hidden_embeddings__extratrees,0.042900039330634576,0.02849719382262781,0.014402845508006766,0.08333333333333333,0.9166666666666666,0.05,0.95,0.016666666666666666,0.9833333333333333,0.5918367346938775,0.8163265306122449,0.9591836734693877
qwen25_7b,Qwen,hellaswag,2025,pca_hidden_embeddings__hgb,0.05108295555956278,0.03668011005155601,0.014402845508006766,0.09583333333333334,0.9041666666666667,0.05555555555555555,0.9444444444444444,0.016666666666666666,0.9833333333333333,0.5306122448979592,0.7959183673469388,0.9591836734693877
qwen25_7b,Qwen,hellaswag,2025,cheap_plus_pca_hidden__logreg,0.04799731322194411,0.03359446771393734,0.014402845508006766,0.08333333333333333,0.9166666666666666,0.03333333333333333,0.9666666666666667,0.041666666666666664,0.9583333333333334,0.5918367346938775,0.8775510204081632,0.8979591836734694
qwen25_7b,Qwen,hellaswag,2025,cheap_plus_pca_hidden__mlp,0.05214418424381917,0.0377413387358124,0.014402845508006766,0.075,0.925,0.044444444444444446,0.9555555555555556,0.03333333333333333,0.9666666666666667,0.6326530612244898,0.8367346938775511,0.9183673469387755
qwen25_7b,Qwen,hellaswag,2025,cheap_plus_pca_hidden__extratrees,0.04264955480631431,0.028246709298307547,0.014402845508006766,0.08333333333333333,0.9166666666666666,0.03333333333333333,0.9666666666666667,0.016666666666666666,0.9833333333333333,0.5918367346938775,0.8775510204081632,0.9591836734693877
qwen25_7b,Qwen,hellaswag,2025,cheap_plus_pca_hidden__hgb,0.03854814093866489,0.024145295430658124,0.014402845508006766,0.07916666666666666,0.9208333333333334,0.022222222222222223,0.9777777777777777,0.016666666666666666,0.9833333333333333,0.6122448979591837,0.9183673469387755,0.9591836734693877
qwen25_7b,Qwen,mmlu_all,42,direct_pmax,0.14109621479512555,0.08409703124948575,0.0569991835456398,0.2375,0.7625,0.1388888888888889,0.8611111111111112,0.06666666666666667,0.9333333333333333,0.4,0.7368421052631579,0.9157894736842105
qwen25_7b,Qwen,mmlu_all,42,cheap_confidence_option__logreg,0.1158824465431218,0.058883262997482,0.0569991835456398,0.22083333333333333,0.7791666666666667,0.12222222222222222,0.8777777777777778,0.058333333333333334,0.9416666666666667,0.4421052631578947,0.7684210526315789,0.9263157894736842
qwen25_7b,Qwen,mmlu_all,42,cheap_confidence_option__mlp,0.1208748378759114,0.06387565433027159,0.0569991835456398,0.225,0.775,0.14444444444444443,0.8555555555555556,0.075,0.925,0.43157894736842106,0.7263157894736842,0.9052631578947369
qwen25_7b,Qwen,mmlu_all,42,cheap_confidence_option__extratrees,0.12194091999949457,0.06494173645385476,0.0569991835456398,0.22916666666666666,0.7708333333333334,0.14444444444444443,0.8555555555555556,0.058333333333333334,0.9416666666666667,0.42105263157894735,0.7263157894736842,0.9263157894736842
qwen25_7b,Qwen,mmlu_all,42,cheap_confidence_option__hgb,0.1365272812911171,0.07952809774547731,0.0569991835456398,0.25416666666666665,0.7458333333333333,0.17222222222222222,0.8277777777777777,0.08333333333333333,0.9166666666666666,0.35789473684210527,0.6736842105263158,0.8947368421052632
qwen25_7b,Qwen,mmlu_all,42,hidden_summary_only__logreg,0.1450850614765519,0.0880858779309121,0.0569991835456398,0.23333333333333334,0.7666666666666666,0.17222222222222222,0.8277777777777777,0.11666666666666667,0.8833333333333333,0.4105263157894737,0.6736842105263158,0.8526315789473684
qwen25_7b,Qwen,mmlu_all,42,hidden_summary_only__mlp,0.14738559175481722,0.09038640820917743,0.0569991835456398,0.2375,0.7625,0.16666666666666666,0.8333333333333334,0.125,0.875,0.4,0.6842105263157895,0.8421052631578947
qwen25_7b,Qwen,mmlu_all,42,hidden_summary_only__extratrees,0.14817693658826084,0.09117775304262105,0.0569991835456398,0.24166666666666667,0.7583333333333333,0.16111111111111112,0.8388888888888889,0.10833333333333334,0.8916666666666666,0.3894736842105263,0.6947368421052632,0.8631578947368421
qwen25_7b,Qwen,mmlu_all,42,hidden_summary_only__hgb,0.16729895553151752,0.11029977198587773,0.0569991835456398,0.2375,0.7625,0.18333333333333332,0.8166666666666667,0.125,0.875,0.4,0.6526315789473685,0.8421052631578947
qwen25_7b,Qwen,mmlu_all,42,cheap_plus_hidden_summary__logreg,0.12101003803227096,0.06401085448663116,0.0569991835456398,0.22916666666666666,0.7708333333333334,0.14444444444444443,0.8555555555555556,0.08333333333333333,0.9166666666666666,0.42105263157894735,0.7263157894736842,0.8947368421052632
qwen25_7b,Qwen,mmlu_all,42,cheap_plus_hidden_summary__mlp,0.12812904202616207,0.07112985848052228,0.0569991835456398,0.22916666666666666,0.7708333333333334,0.15555555555555556,0.8444444444444444,0.1,0.9,0.42105263157894735,0.7052631578947368,0.8736842105263158
qwen25_7b,Qwen,mmlu_all,42,cheap_plus_hidden_summary__extratrees,0.11838455850107386,0.061385374955434065,0.0569991835456398,0.22916666666666666,0.7708333333333334,0.13333333333333333,0.8666666666666667,0.058333333333333334,0.9416666666666667,0.42105263157894735,0.7473684210526316,0.9263157894736842
qwen25_7b,Qwen,mmlu_all,42,cheap_plus_hidden_summary__hgb,0.12230153572004544,0.06530235217440564,0.0569991835456398,0.2375,0.7625,0.16111111111111112,0.8388888888888889,0.075,0.925,0.4,0.6947368421052632,0.9052631578947369
qwen25_7b,Qwen,mmlu_all,42,pca_hidden_embeddings__logreg,0.13476306263187898,0.07776387908623919,0.0569991835456398,0.22083333333333333,0.7791666666666667,0.17222222222222222,0.8277777777777777,0.08333333333333333,0.9166666666666666,0.4421052631578947,0.6736842105263158,0.8947368421052632
qwen25_7b,Qwen,mmlu_all,42,pca_hidden_embeddings__mlp,0.1609317540817467,0.10393257053610691,0.0569991835456398,0.25416666666666665,0.7458333333333333,0.19444444444444445,0.8055555555555556,0.09166666666666666,0.9083333333333333,0.35789473684210527,0.631578947368421,0.8842105263157894
qwen25_7b,Qwen,mmlu_all,42,pca_hidden_embeddings__extratrees,0.13533771046959228,0.07833852692395249,0.0569991835456398,0.2375,0.7625,0.17222222222222222,0.8277777777777777,0.08333333333333333,0.9166666666666666,0.4,0.6736842105263158,0.8947368421052632
qwen25_7b,Qwen,mmlu_all,42,pca_hidden_embeddings__hgb,0.1465918582580013,0.08959267471236151,0.0569991835456398,0.24583333333333332,0.7541666666666667,0.18333333333333332,0.8166666666666667,0.08333333333333333,0.9166666666666666,0.37894736842105264,0.6526315789473685,0.8947368421052632
qwen25_7b,Qwen,mmlu_all,42,cheap_plus_pca_hidden__logreg,0.12017339371273121,0.0631742101670914,0.0569991835456398,0.21666666666666667,0.7833333333333333,0.15,0.85,0.075,0.925,0.45263157894736844,0.7157894736842105,0.9052631578947369
qwen25_7b,Qwen,mmlu_all,42,cheap_plus_pca_hidden__mlp,0.12307591913806602,0.06607673559242622,0.0569991835456398,0.23333333333333334,0.7666666666666666,0.1388888888888889,0.8611111111111112,0.058333333333333334,0.9416666666666667,0.4105263157894737,0.7368421052631579,0.9263157894736842
qwen25_7b,Qwen,mmlu_all,42,cheap_plus_pca_hidden__extratrees,0.11721583605145737,0.06021665250581757,0.0569991835456398,0.22916666666666666,0.7708333333333334,0.12777777777777777,0.8722222222222222,0.06666666666666667,0.9333333333333333,0.42105263157894735,0.7578947368421053,0.9157894736842105
qwen25_7b,Qwen,mmlu_all,42,cheap_plus_pca_hidden__hgb,0.11906095859239864,0.06206177504675884,0.0569991835456398,0.22083333333333333,0.7791666666666667,0.15555555555555556,0.8444444444444444,0.075,0.925,0.4421052631578947,0.7052631578947368,0.9052631578947369
qwen25_7b,Qwen,mmlu_all,7,direct_pmax,0.10993972980786011,0.05294054626222031,0.0569991835456398,0.225,0.775,0.11666666666666667,0.8833333333333333,0.016666666666666666,0.9833333333333333,0.43157894736842106,0.7789473684210526,0.9789473684210527
qwen25_7b,Qwen,mmlu_all,7,cheap_confidence_option__logreg,0.10052847095845956,0.04352928741281976,0.0569991835456398,0.2125,0.7875,0.12222222222222222,0.8777777777777778,0.016666666666666666,0.9833333333333333,0.4631578947368421,0.7684210526315789,0.9789473684210527
qwen25_7b,Qwen,mmlu_all,7,cheap_confidence_option__mlp,0.1032901552127691,0.0462909716671293,0.0569991835456398,0.20833333333333334,0.7916666666666666,0.11666666666666667,0.8833333333333333,0.03333333333333333,0.9666666666666667,0.47368421052631576,0.7789473684210526,0.9578947368421052
qwen25_7b,Qwen,mmlu_all,7,cheap_confidence_option__extratrees,0.10058128072011639,0.04358209717447659,0.0569991835456398,0.225,0.775,0.1111111111111111,0.8888888888888888,0.016666666666666666,0.9833333333333333,0.43157894736842106,0.7894736842105263,0.9789473684210527
qwen25_7b,Qwen,mmlu_all,7,cheap_confidence_option__hgb,0.11113748967243776,0.054138306126797965,0.0569991835456398,0.23333333333333334,0.7666666666666666,0.1388888888888889,0.8611111111111112,0.041666666666666664,0.9583333333333334,0.4105263157894737,0.7368421052631579,0.9473684210526315
qwen25_7b,Qwen,mmlu_all,7,hidden_summary_only__logreg,0.1296901518443202,0.07269096829868041,0.0569991835456398,0.22916666666666666,0.7708333333333334,0.1388888888888889,0.8611111111111112,0.09166666666666666,0.9083333333333333,0.42105263157894735,0.7368421052631579,0.8842105263157894
qwen25_7b,Qwen,mmlu_all,7,hidden_summary_only__mlp,0.1469647618382497,0.0899655782926099,0.0569991835456398,0.225,0.775,0.14444444444444443,0.8555555555555556,0.11666666666666667,0.8833333333333333,0.43157894736842106,0.7263157894736842,0.8526315789473684
qwen25_7b,Qwen,mmlu_all,7,hidden_summary_only__extratrees,0.12754863268810404,0.07054944914246425,0.0569991835456398,0.22083333333333333,0.7791666666666667,0.12777777777777777,0.8722222222222222,0.09166666666666666,0.9083333333333333,0.4421052631578947,0.7578947368421053,0.8842105263157894
qwen25_7b,Qwen,mmlu_all,7,hidden_summary_only__hgb,0.1473284135512754,0.09032923000563561,0.0569991835456398,0.225,0.775,0.17222222222222222,0.8277777777777777,0.125,0.875,0.43157894736842106,0.6736842105263158,0.8421052631578947
qwen25_7b,Qwen,mmlu_all,7,cheap_plus_hidden_summary__logreg,0.10664716417210995,0.049647980626470155,0.0569991835456398,0.22083333333333333,0.7791666666666667,0.12777777777777777,0.8722222222222222,0.025,0.975,0.4421052631578947,0.7578947368421053,0.968421052631579
qwen25_7b,Qwen,mmlu_all,7,cheap_plus_hidden_summary__mlp,0.10687038957986518,0.04987120603422538,0.0569991835456398,0.225,0.775,0.12777777777777777,0.8722222222222222,0.03333333333333333,0.9666666666666667,0.43157894736842106,0.7578947368421053,0.9578947368421052
qwen25_7b,Qwen,mmlu_all,7,cheap_plus_hidden_summary__extratrees,0.10361935152462694,0.04662016797898714,0.0569991835456398,0.22083333333333333,0.7791666666666667,0.11666666666666667,0.8833333333333333,0.025,0.975,0.4421052631578947,0.7789473684210526,0.968421052631579
qwen25_7b,Qwen,mmlu_all,7,cheap_plus_hidden_summary__hgb,0.11150130604731913,0.05450212250167933,0.0569991835456398,0.2375,0.7625,0.12777777777777777,0.8722222222222222,0.058333333333333334,0.9416666666666667,0.4,0.7578947368421053,0.9263157894736842
qwen25_7b,Qwen,mmlu_all,7,pca_hidden_embeddings__logreg,0.11821839793702571,0.06121921439138591,0.0569991835456398,0.24583333333333332,0.7541666666666667,0.14444444444444443,0.8555555555555556,0.058333333333333334,0.9416666666666667,0.37894736842105264,0.7263157894736842,0.9263157894736842
qwen25_7b,Qwen,mmlu_all,7,pca_hidden_embeddings__mlp,0.12534879286612494,0.06834960932048514,0.0569991835456398,0.2375,0.7625,0.1388888888888889,0.8611111111111112,0.075,0.925,0.4,0.7368421052631579,0.9052631578947369
qwen25_7b,Qwen,mmlu_all,7,pca_hidden_embeddings__extratrees,0.11302358454040105,0.056024400994761255,0.0569991835456398,0.22083333333333333,0.7791666666666667,0.13333333333333333,0.8666666666666667,0.041666666666666664,0.9583333333333334,0.4421052631578947,0.7473684210526316,0.9473684210526315
qwen25_7b,Qwen,mmlu_all,7,pca_hidden_embeddings__hgb,0.1230876412672917,0.0660884577216519,0.0569991835456398,0.23333333333333334,0.7666666666666666,0.14444444444444443,0.8555555555555556,0.06666666666666667,0.9333333333333333,0.4105263157894737,0.7263157894736842,0.9157894736842105
qwen25_7b,Qwen,mmlu_all,7,cheap_plus_pca_hidden__logreg,0.11122989733130866,0.054230713785668856,0.0569991835456398,0.225,0.775,0.14444444444444443,0.8555555555555556,0.05,0.95,0.43157894736842106,0.7263157894736842,0.9368421052631579
qwen25_7b,Qwen,mmlu_all,7,cheap_plus_pca_hidden__mlp,0.11303757826447992,0.056038394718840125,0.0569991835456398,0.22916666666666666,0.7708333333333334,0.11666666666666667,0.8833333333333333,0.041666666666666664,0.9583333333333334,0.42105263157894735,0.7789473684210526,0.9473684210526315
qwen25_7b,Qwen,mmlu_all,7,cheap_plus_pca_hidden__extratrees,0.10450041063448859,0.04750122708884879,0.0569991835456398,0.2125,0.7875,0.12222222222222222,0.8777777777777778,0.041666666666666664,0.9583333333333334,0.4631578947368421,0.7684210526315789,0.9473684210526315
qwen25_7b,Qwen,mmlu_all,7,cheap_plus_pca_hidden__hgb,0.10992368053308607,0.05292449698744627,0.0569991835456398,0.22083333333333333,0.7791666666666667,0.13333333333333333,0.8666666666666667,0.041666666666666664,0.9583333333333334,0.4421052631578947,0.7473684210526316,0.9473684210526315
qwen25_7b,Qwen,mmlu_all,123,direct_pmax,0.12465873072940382,0.06765954718376402,0.0569991835456398,0.20833333333333334,0.7916666666666666,0.12777777777777777,0.8722222222222222,0.05,0.95,0.47368421052631576,0.7578947368421053,0.9263157894736842
qwen25_7b,Qwen,mmlu_all,123,cheap_confidence_option__logreg,0.10760181483434136,0.050602631288701565,0.0569991835456398,0.20416666666666666,0.7958333333333334,0.12777777777777777,0.8722222222222222,0.058333333333333334,0.9416666666666667,0.4842105263157895,0.7578947368421053,0.9263157894736842
qwen25_7b,Qwen,mmlu_all,123,cheap_confidence_option__mlp,0.10788154808153526,0.05088236453589546,0.0569991835456398,0.20833333333333334,0.7916666666666666,0.12777777777777777,0.8722222222222222,0.06666666666666667,0.9333333333333333,0.47368421052631576,0.7578947368421053,0.9157894736842105
qwen25_7b,Qwen,mmlu_all,123,cheap_confidence_option__extratrees,0.11142732041486487,0.054428136869225076,0.0569991835456398,0.21666666666666667,0.7833333333333333,0.11666666666666667,0.8833333333333333,0.06666666666666667,0.9333333333333333,0.45263157894736844,0.7789473684210526,0.9157894736842105
qwen25_7b,Qwen,mmlu_all,123,cheap_confidence_option__hgb,0.12560762246384136,0.06860843891820156,0.0569991835456398,0.22916666666666666,0.7708333333333334,0.12777777777777777,0.8722222222222222,0.06666666666666667,0.9333333333333333,0.42105263157894735,0.7578947368421053,0.9157894736842105
qwen25_7b,Qwen,mmlu_all,123,hidden_summary_only__logreg,0.1424244444694844,0.08542526092384461,0.0569991835456398,0.22083333333333333,0.7791666666666667,0.15555555555555556,0.8444444444444444,0.13333333333333333,0.8666666666666667,0.4421052631578947,0.7052631578947368,0.8315789473684211
qwen25_7b,Qwen,mmlu_all,123,hidden_summary_only__mlp,0.15020036199755746,0.09320117845191767,0.0569991835456398,0.22916666666666666,0.7708333333333334,0.16666666666666666,0.8333333333333334,0.11666666666666667,0.8833333333333333,0.42105263157894735,0.6842105263157895,0.8526315789473684
qwen25_7b,Qwen,mmlu_all,123,hidden_summary_only__extratrees,0.14912460634492708,0.09212542279928729,0.0569991835456398,0.225,0.775,0.15,0.85,0.11666666666666667,0.8833333333333333,0.43157894736842106,0.7157894736842105,0.8526315789473684
qwen25_7b,Qwen,mmlu_all,123,hidden_summary_only__hgb,0.15166734432552406,0.09466816077988427,0.0569991835456398,0.24583333333333332,0.7541666666666667,0.16666666666666666,0.8333333333333334,0.11666666666666667,0.8833333333333333,0.37894736842105264,0.6842105263157895,0.8526315789473684
qwen25_7b,Qwen,mmlu_all,123,cheap_plus_hidden_summary__logreg,0.11495501287785727,0.05795582933221747,0.0569991835456398,0.20416666666666666,0.7958333333333334,0.12777777777777777,0.8722222222222222,0.058333333333333334,0.9416666666666667,0.4842105263157895,0.7578947368421053,0.9263157894736842
qwen25_7b,Qwen,mmlu_all,123,cheap_plus_hidden_summary__mlp,0.11930654359192544,0.06230736004628564,0.0569991835456398,0.19583333333333333,0.8041666666666667,0.15555555555555556,0.8444444444444444,0.06666666666666667,0.9333333333333333,0.5052631578947369,0.7052631578947368,0.9157894736842105
qwen25_7b,Qwen,mmlu_all,123,cheap_plus_hidden_summary__extratrees,0.11329759569740898,0.05629841215176918,0.0569991835456398,0.20833333333333334,0.7916666666666666,0.12777777777777777,0.8722222222222222,0.058333333333333334,0.9416666666666667,0.47368421052631576,0.7578947368421053,0.9263157894736842
qwen25_7b,Qwen,mmlu_all,123,cheap_plus_hidden_summary__hgb,0.1247324463698809,0.06773326282424111,0.0569991835456398,0.23333333333333334,0.7666666666666666,0.14444444444444443,0.8555555555555556,0.06666666666666667,0.9333333333333333,0.4105263157894737,0.7263157894736842,0.9157894736842105
qwen25_7b,Qwen,mmlu_all,123,pca_hidden_embeddings__logreg,0.13003563884586594,0.07303645530022615,0.0569991835456398,0.2125,0.7875,0.14444444444444443,0.8555555555555556,0.08333333333333333,0.9166666666666666,0.4631578947368421,0.7263157894736842,0.8947368421052632
qwen25_7b,Qwen,mmlu_all,123,pca_hidden_embeddings__mlp,0.12994534139878391,0.07294615785314412,0.0569991835456398,0.20416666666666666,0.7958333333333334,0.16111111111111112,0.8388888888888889,0.1,0.9,0.4842105263157895,0.6947368421052632,0.8736842105263158
qwen25_7b,Qwen,mmlu_all,123,pca_hidden_embeddings__extratrees,0.1196853037802623,0.0626861202346225,0.0569991835456398,0.20833333333333334,0.7916666666666666,0.1388888888888889,0.8611111111111112,0.09166666666666666,0.9083333333333333,0.47368421052631576,0.7368421052631579,0.8842105263157894
qwen25_7b,Qwen,mmlu_all,123,pca_hidden_embeddings__hgb,0.11749585392632222,0.060496670380682425,0.0569991835456398,0.2,0.8,0.1388888888888889,0.8611111111111112,0.06666666666666667,0.9333333333333333,0.49473684210526314,0.7368421052631579,0.9157894736842105
qwen25_7b,Qwen,mmlu_all,123,cheap_plus_pca_hidden__logreg,0.1159721098512991,0.058972926305659305,0.0569991835456398,0.2,0.8,0.14444444444444443,0.8555555555555556,0.075,0.925,0.49473684210526314,0.7263157894736842,0.9052631578947369
qwen25_7b,Qwen,mmlu_all,123,cheap_plus_pca_hidden__mlp,0.12058475357147354,0.06358557002583373,0.0569991835456398,0.20416666666666666,0.7958333333333334,0.1388888888888889,0.8611111111111112,0.075,0.925,0.4842105263157895,0.7368421052631579,0.9052631578947369
qwen25_7b,Qwen,mmlu_all,123,cheap_plus_pca_hidden__extratrees,0.11009046927877578,0.05309128573313598,0.0569991835456398,0.2125,0.7875,0.12777777777777777,0.8722222222222222,0.058333333333333334,0.9416666666666667,0.4631578947368421,0.7578947368421053,0.9263157894736842
qwen25_7b,Qwen,mmlu_all,123,cheap_plus_pca_hidden__hgb,0.11205024768507263,0.05505106413943283,0.0569991835456398,0.20833333333333334,0.7916666666666666,0.12777777777777777,0.8722222222222222,0.075,0.925,0.47368421052631576,0.7578947368421053,0.9052631578947369
qwen25_7b,Qwen,mmlu_all,777,direct_pmax,0.12033780931421091,0.0633386257685711,0.0569991835456398,0.22916666666666666,0.7708333333333334,0.12777777777777777,0.8722222222222222,0.05,0.95,0.42105263157894735,0.7578947368421053,0.9263157894736842
qwen25_7b,Qwen,mmlu_all,777,cheap_confidence_option__logreg,0.12076100811115428,0.06376182456551449,0.0569991835456398,0.21666666666666667,0.7833333333333333,0.12222222222222222,0.8777777777777778,0.05,0.95,0.45263157894736844,0.7684210526315789,0.9368421052631579
qwen25_7b,Qwen,mmlu_all,777,cheap_confidence_option__mlp,0.11776569072491845,0.06076650717927865,0.0569991835456398,0.225,0.775,0.12222222222222222,0.8777777777777778,0.041666666666666664,0.9583333333333334,0.43157894736842106,0.7684210526315789,0.9473684210526315
qwen25_7b,Qwen,mmlu_all,777,cheap_confidence_option__extratrees,0.13114507773325768,0.07414589418761788,0.0569991835456398,0.21666666666666667,0.7833333333333333,0.14444444444444443,0.8555555555555556,0.075,0.925,0.45263157894736844,0.7263157894736842,0.9052631578947369
qwen25_7b,Qwen,mmlu_all,777,cheap_confidence_option__hgb,0.12957909043130206,0.07257990688566227,0.0569991835456398,0.225,0.775,0.16111111111111112,0.8388888888888889,0.09166666666666666,0.9083333333333333,0.43157894736842106,0.6947368421052632,0.8842105263157894
qwen25_7b,Qwen,mmlu_all,777,hidden_summary_only__logreg,0.13145542293507992,0.07445623938944013,0.0569991835456398,0.21666666666666667,0.7833333333333333,0.14444444444444443,0.8555555555555556,0.06666666666666667,0.9333333333333333,0.45263157894736844,0.7263157894736842,0.9157894736842105
qwen25_7b,Qwen,mmlu_all,777,hidden_summary_only__mlp,0.14602854882726496,0.08902936528162517,0.0569991835456398,0.22083333333333333,0.7791666666666667,0.15555555555555556,0.8444444444444444,0.10833333333333334,0.8916666666666666,0.4421052631578947,0.7052631578947368,0.8631578947368421
qwen25_7b,Qwen,mmlu_all,777,hidden_summary_only__extratrees,0.1372410636236564,0.08024188007801661,0.0569991835456398,0.20416666666666666,0.7958333333333334,0.13333333333333333,0.8666666666666667,0.09166666666666666,0.9083333333333333,0.4842105263157895,0.7473684210526316,0.8842105263157894
qwen25_7b,Qwen,mmlu_all,777,hidden_summary_only__hgb,0.14142537707830058,0.08442619353266079,0.0569991835456398,0.22916666666666666,0.7708333333333334,0.14444444444444443,0.8555555555555556,0.09166666666666666,0.9083333333333333,0.42105263157894735,0.7263157894736842,0.8842105263157894
qwen25_7b,Qwen,mmlu_all,777,cheap_plus_hidden_summary__logreg,0.11790432240632277,0.060905138860682974,0.0569991835456398,0.2125,0.7875,0.12222222222222222,0.8777777777777778,0.05,0.95,0.4631578947368421,0.7684210526315789,0.9368421052631579
qwen25_7b,Qwen,mmlu_all,777,cheap_plus_hidden_summary__mlp,0.11572534164019814,0.05872615809455834,0.0569991835456398,0.225,0.775,0.12777777777777777,0.8722222222222222,0.058333333333333334,0.9416666666666667,0.43157894736842106,0.7578947368421053,0.9263157894736842
qwen25_7b,Qwen,mmlu_all,777,cheap_plus_hidden_summary__extratrees,0.12080890320392834,0.06380971965828855,0.0569991835456398,0.22083333333333333,0.7791666666666667,0.12777777777777777,0.8722222222222222,0.041666666666666664,0.9583333333333334,0.4421052631578947,0.7578947368421053,0.9473684210526315
qwen25_7b,Qwen,mmlu_all,777,cheap_plus_hidden_summary__hgb,0.12188235248573562,0.06488316894009583,0.0569991835456398,0.22083333333333333,0.7791666666666667,0.13333333333333333,0.8666666666666667,0.041666666666666664,0.9583333333333334,0.4421052631578947,0.7473684210526316,0.9473684210526315
qwen25_7b,Qwen,mmlu_all,777,pca_hidden_embeddings__logreg,0.12970178223925657,0.07270259869361678,0.0569991835456398,0.225,0.775,0.14444444444444443,0.8555555555555556,0.075,0.925,0.43157894736842106,0.7263157894736842,0.9052631578947369
qwen25_7b,Qwen,mmlu_all,777,pca_hidden_embeddings__mlp,0.13227611879504395,0.07527693524940415,0.0569991835456398,0.21666666666666667,0.7833333333333333,0.12222222222222222,0.8777777777777778,0.08333333333333333,0.9166666666666666,0.45263157894736844,0.7684210526315789,0.8947368421052632
qwen25_7b,Qwen,mmlu_all,777,pca_hidden_embeddings__extratrees,0.1214404783986187,0.06444129485297889,0.0569991835456398,0.20833333333333334,0.7916666666666666,0.1388888888888889,0.8611111111111112,0.058333333333333334,0.9416666666666667,0.47368421052631576,0.7368421052631579,0.9263157894736842
qwen25_7b,Qwen,mmlu_all,777,pca_hidden_embeddings__hgb,0.12706606641030269,0.0700668828646629,0.0569991835456398,0.24166666666666667,0.7583333333333333,0.13333333333333333,0.8666666666666667,0.08333333333333333,0.9166666666666666,0.3894736842105263,0.7473684210526316,0.8947368421052632
qwen25_7b,Qwen,mmlu_all,777,cheap_plus_pca_hidden__logreg,0.1280392699809441,0.0710400864353043,0.0569991835456398,0.225,0.775,0.16111111111111112,0.8388888888888889,0.05,0.95,0.43157894736842106,0.6947368421052632,0.9368421052631579
qwen25_7b,Qwen,mmlu_all,777,cheap_plus_pca_hidden__mlp,0.13183890922314545,0.07483972567750566,0.0569991835456398,0.23333333333333334,0.7666666666666666,0.11666666666666667,0.8833333333333333,0.08333333333333333,0.9166666666666666,0.4105263157894737,0.7789473684210526,0.8947368421052632
qwen25_7b,Qwen,mmlu_all,777,cheap_plus_pca_hidden__extratrees,0.11609420366336796,0.059095020117728166,0.0569991835456398,0.21666666666666667,0.7833333333333333,0.14444444444444443,0.8555555555555556,0.05,0.95,0.45263157894736844,0.7263157894736842,0.9368421052631579
qwen25_7b,Qwen,mmlu_all,777,cheap_plus_pca_hidden__hgb,0.12491563750660174,0.06791645396096194,0.0569991835456398,0.22083333333333333,0.7791666666666667,0.15,0.85,0.06666666666666667,0.9333333333333333,0.4421052631578947,0.7157894736842105,0.9157894736842105
qwen25_7b,Qwen,mmlu_all,2025,direct_pmax,0.10289891978684194,0.045899736241202145,0.0569991835456398,0.23333333333333334,0.7666666666666666,0.10555555555555556,0.8944444444444445,0.016666666666666666,0.9833333333333333,0.4105263157894737,0.8,0.9789473684210527
qwen25_7b,Qwen,mmlu_all,2025,cheap_confidence_option__logreg,0.10102363427271681,0.04402445072707701,0.0569991835456398,0.2125,0.7875,0.12222222222222222,0.8777777777777778,0.03333333333333333,0.9666666666666667,0.4631578947368421,0.7684210526315789,0.9578947368421052
qwen25_7b,Qwen,mmlu_all,2025,cheap_confidence_option__mlp,0.11470962806942282,0.057710444523783024,0.0569991835456398,0.2125,0.7875,0.14444444444444443,0.8555555555555556,0.075,0.925,0.4631578947368421,0.7263157894736842,0.9052631578947369
qwen25_7b,Qwen,mmlu_all,2025,cheap_confidence_option__extratrees,0.10327433018405993,0.04627514663842013,0.0569991835456398,0.2125,0.7875,0.11666666666666667,0.8833333333333333,0.025,0.975,0.4631578947368421,0.7789473684210526,0.968421052631579
qwen25_7b,Qwen,mmlu_all,2025,cheap_confidence_option__hgb,0.1143862847123359,0.057387101166696104,0.0569991835456398,0.225,0.775,0.12222222222222222,0.8777777777777778,0.058333333333333334,0.9416666666666667,0.43157894736842106,0.7684210526315789,0.9263157894736842
qwen25_7b,Qwen,mmlu_all,2025,hidden_summary_only__logreg,0.10424005763823532,0.047240874092595524,0.0569991835456398,0.2,0.8,0.11666666666666667,0.8833333333333333,0.05,0.95,0.49473684210526314,0.7789473684210526,0.9368421052631579
qwen25_7b,Qwen,mmlu_all,2025,hidden_summary_only__mlp,0.180976930041359,0.12397774649571922,0.0569991835456398,0.21666666666666667,0.7833333333333333,0.15,0.85,0.11666666666666667,0.8833333333333333,0.45263157894736844,0.7157894736842105,0.8526315789473684
qwen25_7b,Qwen,mmlu_all,2025,hidden_summary_only__extratrees,0.11235574815500773,0.055356564609367935,0.0569991835456398,0.20833333333333334,0.7916666666666666,0.1111111111111111,0.8888888888888888,0.075,0.925,0.47368421052631576,0.7894736842105263,0.9052631578947369
qwen25_7b,Qwen,mmlu_all,2025,hidden_summary_only__hgb,0.12031269501118644,0.06331351146554665,0.0569991835456398,0.22083333333333333,0.7791666666666667,0.14444444444444443,0.8555555555555556,0.06666666666666667,0.9333333333333333,0.4421052631578947,0.7263157894736842,0.9157894736842105
qwen25_7b,Qwen,mmlu_all,2025,cheap_plus_hidden_summary__logreg,0.1018581481980956,0.044858964652455806,0.0569991835456398,0.21666666666666667,0.7833333333333333,0.11666666666666667,0.8833333333333333,0.03333333333333333,0.9666666666666667,0.45263157894736844,0.7789473684210526,0.9578947368421052
qwen25_7b,Qwen,mmlu_all,2025,cheap_plus_hidden_summary__mlp,0.09461967166599529,0.03762048812035549,0.0569991835456398,0.20833333333333334,0.7916666666666666,0.08888888888888889,0.9111111111111111,0.016666666666666666,0.9833333333333333,0.47368421052631576,0.8315789473684211,0.9789473684210527
qwen25_7b,Qwen,mmlu_all,2025,cheap_plus_hidden_summary__extratrees,0.0966625768949024,0.0396633933492626,0.0569991835456398,0.20833333333333334,0.7916666666666666,0.09444444444444444,0.9055555555555556,0.016666666666666666,0.9833333333333333,0.47368421052631576,0.8210526315789474,0.9789473684210527
qwen25_7b,Qwen,mmlu_all,2025,cheap_plus_hidden_summary__hgb,0.11118298306457416,0.054183799518934365,0.0569991835456398,0.21666666666666667,0.7833333333333333,0.11666666666666667,0.8833333333333333,0.041666666666666664,0.9583333333333334,0.45263157894736844,0.7789473684210526,0.9473684210526315
qwen25_7b,Qwen,mmlu_all,2025,pca_hidden_embeddings__logreg,0.10903666403720022,0.05203748049156042,0.0569991835456398,0.2125,0.7875,0.12222222222222222,0.8777777777777778,0.058333333333333334,0.9416666666666667,0.4631578947368421,0.7684210526315789,0.9263157894736842
qwen25_7b,Qwen,mmlu_all,2025,pca_hidden_embeddings__mlp,0.12323565087761428,0.06623646733197447,0.0569991835456398,0.225,0.775,0.14444444444444443,0.8555555555555556,0.075,0.925,0.43157894736842106,0.7263157894736842,0.9052631578947369
qwen25_7b,Qwen,mmlu_all,2025,pca_hidden_embeddings__extratrees,0.10569707559245756,0.04869789204681776,0.0569991835456398,0.2125,0.7875,0.12222222222222222,0.8777777777777778,0.05,0.95,0.4631578947368421,0.7684210526315789,0.9368421052631579
qwen25_7b,Qwen,mmlu_all,2025,pca_hidden_embeddings__hgb,0.1112402772026465,0.054241093657006696,0.0569991835456398,0.22916666666666666,0.7708333333333334,0.10555555555555556,0.8944444444444445,0.058333333333333334,0.9416666666666667,0.42105263157894735,0.8,0.9263157894736842
qwen25_7b,Qwen,mmlu_all,2025,cheap_plus_pca_hidden__logreg,0.10207047921220766,0.04507129566656786,0.0569991835456398,0.20833333333333334,0.7916666666666666,0.1111111111111111,0.8888888888888888,0.041666666666666664,0.9583333333333334,0.47368421052631576,0.7894736842105263,0.9473684210526315
qwen25_7b,Qwen,mmlu_all,2025,cheap_plus_pca_hidden__mlp,0.10278409257541536,0.04578490902977556,0.0569991835456398,0.22083333333333333,0.7791666666666667,0.10555555555555556,0.8944444444444445,0.03333333333333333,0.9666666666666667,0.4421052631578947,0.8,0.9578947368421052
qwen25_7b,Qwen,mmlu_all,2025,cheap_plus_pca_hidden__extratrees,0.09590802782800047,0.03890884428236067,0.0569991835456398,0.20833333333333334,0.7916666666666666,0.08888888888888889,0.9111111111111111,0.016666666666666666,0.9833333333333333,0.47368421052631576,0.8315789473684211,0.9789473684210527
qwen25_7b,Qwen,mmlu_all,2025,cheap_plus_pca_hidden__hgb,0.11412760498173,0.0571284214360902,0.0569991835456398,0.22916666666666666,0.7708333333333334,0.1111111111111111,0.8888888888888888,0.05,0.95,0.42105263157894735,0.7894736842105263,0.9368421052631579
