model_key,model_family,dataset,seed,feature_set,probe,n_total,n_test,auroc,bootstrap_mean,ci_low,ci_high,base_accuracy,pca_dim,pca_explained_variance
deepseek_r1_qwen7b,DeepSeek/Qwen-distill,arc_challenge,42,direct_pmax,none,299,90,0.5630299604296213,0.5673548222607363,0.43930820105820106,0.6730077911427008,,,
deepseek_r1_qwen7b,DeepSeek/Qwen-distill,arc_challenge,42,cheap_confidence_option,logreg,299,90,0.6579988694177501,0.6592256215788171,0.5409786155202821,0.7704819119160455,0.32441471571906355,,
deepseek_r1_qwen7b,DeepSeek/Qwen-distill,arc_challenge,42,cheap_confidence_option,mlp,299,90,0.49971735443753534,0.5078620550855911,0.3685310132575758,0.6472195804195803,0.32441471571906355,,
deepseek_r1_qwen7b,DeepSeek/Qwen-distill,arc_challenge,42,cheap_confidence_option,extratrees,299,90,0.5822498586772187,0.5882074131098153,0.46202130034627303,0.7115066102198454,0.32441471571906355,,
deepseek_r1_qwen7b,DeepSeek/Qwen-distill,arc_challenge,42,cheap_confidence_option,hgb,299,90,0.579423403052572,0.584596577995074,0.4564317439096851,0.7139973573901949,0.32441471571906355,,
deepseek_r1_qwen7b,DeepSeek/Qwen-distill,arc_challenge,42,hidden_summary_only,logreg,299,90,0.4013566986998304,0.4022044330352777,0.2960829493087558,0.5185676593354902,0.32441471571906355,,
deepseek_r1_qwen7b,DeepSeek/Qwen-distill,arc_challenge,42,hidden_summary_only,mlp,299,90,0.44149236856981344,0.4430561901242264,0.30432457416831393,0.5810483870967741,0.32441471571906355,,
deepseek_r1_qwen7b,DeepSeek/Qwen-distill,arc_challenge,42,hidden_summary_only,extratrees,299,90,0.4245336348219333,0.42064595117833053,0.29855143670371376,0.5427403593648996,0.32441471571906355,,
deepseek_r1_qwen7b,DeepSeek/Qwen-distill,arc_challenge,42,hidden_summary_only,hgb,299,90,0.5511588468061052,0.5495745727250178,0.40903786057692304,0.6759983747880158,0.32441471571906355,,
deepseek_r1_qwen7b,DeepSeek/Qwen-distill,arc_challenge,42,cheap_plus_hidden_summary,logreg,299,90,0.6167326172979084,0.6188610688743236,0.49079739858906524,0.7313345728518936,0.32441471571906355,,
deepseek_r1_qwen7b,DeepSeek/Qwen-distill,arc_challenge,42,cheap_plus_hidden_summary,mlp,299,90,0.4771057094403617,0.47423260365444736,0.3440668253336074,0.5899327813390313,0.32441471571906355,,
deepseek_r1_qwen7b,DeepSeek/Qwen-distill,arc_challenge,42,cheap_plus_hidden_summary,extratrees,299,90,0.5285472018089317,0.5320251969309889,0.3899601449275362,0.6707502672531275,0.32441471571906355,,
deepseek_r1_qwen7b,DeepSeek/Qwen-distill,arc_challenge,42,cheap_plus_hidden_summary,hgb,299,90,0.5839457320520068,0.5833812679701892,0.4492940543674288,0.7224116161616161,0.32441471571906355,,
deepseek_r1_qwen7b,DeepSeek/Qwen-distill,arc_challenge,42,pca_hidden_embeddings,logreg,299,90,0.39909553420011307,0.40044674790475,0.26560882118677814,0.5493066460091144,0.32441471571906355,64.0,0.8114538788795471
deepseek_r1_qwen7b,DeepSeek/Qwen-distill,arc_challenge,42,pca_hidden_embeddings,mlp,299,90,0.5573770491803278,0.5532486344111983,0.41723858675791264,0.6826060919236345,0.32441471571906355,64.0,0.8114538788795471
deepseek_r1_qwen7b,DeepSeek/Qwen-distill,arc_challenge,42,pca_hidden_embeddings,extratrees,299,90,0.43866591294516677,0.441568979971972,0.3118377444329695,0.5711724099470786,0.32441471571906355,64.0,0.8114538788795471
deepseek_r1_qwen7b,DeepSeek/Qwen-distill,arc_challenge,42,pca_hidden_embeddings,hgb,299,90,0.5065008479366874,0.5138881379342304,0.37847274708133666,0.6396268224895206,0.32441471571906355,64.0,0.8114538788795471
deepseek_r1_qwen7b,DeepSeek/Qwen-distill,arc_challenge,42,cheap_plus_pca_hidden,logreg,299,90,0.5121537591859808,0.5136217251349023,0.37908653846153845,0.6556235998576302,0.32441471571906355,64.0,0.8114538788795471
deepseek_r1_qwen7b,DeepSeek/Qwen-distill,arc_challenge,42,cheap_plus_pca_hidden,mlp,299,90,0.49236856981345395,0.5008616135207054,0.35828222880061117,0.6371437013348162,0.32441471571906355,64.0,0.8114538788795471
deepseek_r1_qwen7b,DeepSeek/Qwen-distill,arc_challenge,42,cheap_plus_pca_hidden,extratrees,299,90,0.5833804409270774,0.5868526622202631,0.46495041099251627,0.7111708482676224,0.32441471571906355,64.0,0.8114538788795471
deepseek_r1_qwen7b,DeepSeek/Qwen-distill,arc_challenge,42,cheap_plus_pca_hidden,hgb,299,90,0.58111927642736,0.5835338092541451,0.45583922882672884,0.7192471590909091,0.32441471571906355,64.0,0.8114538788795471
deepseek_r1_qwen7b,DeepSeek/Qwen-distill,arc_challenge,7,direct_pmax,none,299,90,0.6461277557942341,0.6498546220798969,0.5234714230266887,0.7607548905193527,,,
deepseek_r1_qwen7b,DeepSeek/Qwen-distill,arc_challenge,7,cheap_confidence_option,logreg,299,90,0.6930469191633691,0.6896781016975101,0.5650098566308243,0.8001763668430334,0.32441471571906355,,
deepseek_r1_qwen7b,DeepSeek/Qwen-distill,arc_challenge,7,cheap_confidence_option,mlp,299,90,0.5025438100621821,0.5074969892172284,0.37061679292929295,0.6315196907644824,0.32441471571906355,,
deepseek_r1_qwen7b,DeepSeek/Qwen-distill,arc_challenge,7,cheap_confidence_option,extratrees,299,90,0.6992651215375919,0.6925511994252426,0.5939946105645734,0.8008790148776415,0.32441471571906355,,
deepseek_r1_qwen7b,DeepSeek/Qwen-distill,arc_challenge,7,cheap_confidence_option,hgb,299,90,0.5669869983041266,0.5593554490866272,0.43839745374827577,0.6796115822872358,0.32441471571906355,,
deepseek_r1_qwen7b,DeepSeek/Qwen-distill,arc_challenge,7,hidden_summary_only,logreg,299,90,0.4488411531938949,0.4404389048835231,0.31670999402140665,0.5715890522875816,0.32441471571906355,,
deepseek_r1_qwen7b,DeepSeek/Qwen-distill,arc_challenge,7,hidden_summary_only,mlp,299,90,0.4833239118145845,0.4794029437850777,0.35993846153846154,0.6136701369577308,0.32441471571906355,,
deepseek_r1_qwen7b,DeepSeek/Qwen-distill,arc_challenge,7,hidden_summary_only,extratrees,299,90,0.49462973431317125,0.497767767475064,0.36968679515159003,0.6357547043619873,0.32441471571906355,,
deepseek_r1_qwen7b,DeepSeek/Qwen-distill,arc_challenge,7,hidden_summary_only,hgb,299,90,0.4482758620689655,0.45195796298545626,0.330598941410413,0.571489345186265,0.32441471571906355,,
deepseek_r1_qwen7b,DeepSeek/Qwen-distill,arc_challenge,7,cheap_plus_hidden_summary,logreg,299,90,0.6353872244205766,0.6292355423920863,0.5172225259704757,0.73768856373406,0.32441471571906355,,
deepseek_r1_qwen7b,DeepSeek/Qwen-distill,arc_challenge,7,cheap_plus_hidden_summary,mlp,299,90,0.6212549462973431,0.6144572426612719,0.49903291996131416,0.7592945584881068,0.32441471571906355,,
deepseek_r1_qwen7b,DeepSeek/Qwen-distill,arc_challenge,7,cheap_plus_hidden_summary,extratrees,299,90,0.6585641605426795,0.6540950622620858,0.5512621527777778,0.76742895826824,0.32441471571906355,,
deepseek_r1_qwen7b,DeepSeek/Qwen-distill,arc_challenge,7,cheap_plus_hidden_summary,hgb,299,90,0.5534200113058225,0.5469273860610006,0.4259861111111111,0.6737323567976141,0.32441471571906355,,
deepseek_r1_qwen7b,DeepSeek/Qwen-distill,arc_challenge,7,pca_hidden_embeddings,logreg,299,90,0.43018654607122664,0.42240641173772825,0.2974601469756925,0.5430367700134799,0.32441471571906355,64.0,0.8061431050300598
deepseek_r1_qwen7b,DeepSeek/Qwen-distill,arc_challenge,7,pca_hidden_embeddings,mlp,299,90,0.44940644431882426,0.45260916458652056,0.3345622119815668,0.5841225192560405,0.32441471571906355,64.0,0.8061431050300598
deepseek_r1_qwen7b,DeepSeek/Qwen-distill,arc_challenge,7,pca_hidden_embeddings,extratrees,299,90,0.429055963821368,0.423626361038546,0.29097952532732757,0.5762555918346358,0.32441471571906355,64.0,0.8061431050300598
deepseek_r1_qwen7b,DeepSeek/Qwen-distill,arc_challenge,7,pca_hidden_embeddings,hgb,299,90,0.4318824194460147,0.4265234129595034,0.2873294688245669,0.56231878412868,0.32441471571906355,64.0,0.8061431050300598
deepseek_r1_qwen7b,DeepSeek/Qwen-distill,arc_challenge,7,cheap_plus_pca_hidden,logreg,299,90,0.57263990955342,0.5654493141647022,0.4456319143819144,0.6856502929602344,0.32441471571906355,64.0,0.8061431050300598
deepseek_r1_qwen7b,DeepSeek/Qwen-distill,arc_challenge,7,cheap_plus_pca_hidden,mlp,299,90,0.5822498586772188,0.5745515243250278,0.43269984947586554,0.712863432410001,0.32441471571906355,64.0,0.8061431050300598
deepseek_r1_qwen7b,DeepSeek/Qwen-distill,arc_challenge,7,cheap_plus_pca_hidden,extratrees,299,90,0.6715658564160543,0.665215099824997,0.5475338866131877,0.7736658425996661,0.32441471571906355,64.0,0.8061431050300598
deepseek_r1_qwen7b,DeepSeek/Qwen-distill,arc_challenge,7,cheap_plus_pca_hidden,hgb,299,90,0.4968908988128886,0.48818623944834,0.37721018527657557,0.6089260149572648,0.32441471571906355,64.0,0.8061431050300598
deepseek_r1_qwen7b,DeepSeek/Qwen-distill,arc_challenge,123,direct_pmax,none,299,90,0.6495195025438101,0.6528284097787747,0.5222774863772737,0.7821078326790692,,,
deepseek_r1_qwen7b,DeepSeek/Qwen-distill,arc_challenge,123,cheap_confidence_option,logreg,299,90,0.6913510457885812,0.6910692274404561,0.5691880570409983,0.8120980954970849,0.32441471571906355,,
deepseek_r1_qwen7b,DeepSeek/Qwen-distill,arc_challenge,123,cheap_confidence_option,mlp,299,90,0.6274731486715659,0.6202221261751233,0.49151665220264484,0.7403818509615385,0.32441471571906355,,
deepseek_r1_qwen7b,DeepSeek/Qwen-distill,arc_challenge,123,cheap_confidence_option,extratrees,299,90,0.7303561334087054,0.724788969507905,0.6096884809323448,0.8295920219939826,0.32441471571906355,,
deepseek_r1_qwen7b,DeepSeek/Qwen-distill,arc_challenge,123,cheap_confidence_option,hgb,299,90,0.6772187676653477,0.6742185757507013,0.5588235294117646,0.784148476974522,0.32441471571906355,,
deepseek_r1_qwen7b,DeepSeek/Qwen-distill,arc_challenge,123,hidden_summary_only,logreg,299,90,0.4714527981910684,0.46971181673284745,0.34908850020946797,0.616601923076923,0.32441471571906355,,
deepseek_r1_qwen7b,DeepSeek/Qwen-distill,arc_challenge,123,hidden_summary_only,mlp,299,90,0.43244771057094405,0.431091644567056,0.30499818510418564,0.5501341489194345,0.32441471571906355,,
deepseek_r1_qwen7b,DeepSeek/Qwen-distill,arc_challenge,123,hidden_summary_only,extratrees,299,90,0.5178066704352742,0.5116982337741101,0.37612310606060606,0.6259225317693058,0.32441471571906355,,
deepseek_r1_qwen7b,DeepSeek/Qwen-distill,arc_challenge,123,hidden_summary_only,hgb,299,90,0.49123798756359527,0.4882679296172637,0.35924972943722944,0.6107445987654321,0.32441471571906355,,
deepseek_r1_qwen7b,DeepSeek/Qwen-distill,arc_challenge,123,cheap_plus_hidden_summary,logreg,299,90,0.6834369700395704,0.6830797005477917,0.5692309769218827,0.7945852438079685,0.32441471571906355,,
deepseek_r1_qwen7b,DeepSeek/Qwen-distill,arc_challenge,123,cheap_plus_hidden_summary,mlp,299,90,0.44205765969474287,0.4404765127472467,0.3218187802346088,0.5751793032786885,0.32441471571906355,,
deepseek_r1_qwen7b,DeepSeek/Qwen-distill,arc_challenge,123,cheap_plus_hidden_summary,extratrees,299,90,0.7207461842849067,0.7183403019390153,0.6044666820029139,0.8196708937198067,0.32441471571906355,,
deepseek_r1_qwen7b,DeepSeek/Qwen-distill,arc_challenge,123,cheap_plus_hidden_summary,hgb,299,90,0.7292255511588468,0.7274779185829319,0.6091235194252715,0.8383734979101358,0.32441471571906355,,
deepseek_r1_qwen7b,DeepSeek/Qwen-distill,arc_challenge,123,pca_hidden_embeddings,logreg,299,90,0.44149236856981344,0.4422685046361938,0.30286007046359215,0.5747457210998878,0.32441471571906355,64.0,0.8067874908447266
deepseek_r1_qwen7b,DeepSeek/Qwen-distill,arc_challenge,123,pca_hidden_embeddings,mlp,299,90,0.5511588468061052,0.5536132612547866,0.41477558970553774,0.6786312034249025,0.32441471571906355,64.0,0.8067874908447266
deepseek_r1_qwen7b,DeepSeek/Qwen-distill,arc_challenge,123,pca_hidden_embeddings,extratrees,299,90,0.42622950819672134,0.4269675230406858,0.2958156779661017,0.5576644905273936,0.32441471571906355,64.0,0.8067874908447266
deepseek_r1_qwen7b,DeepSeek/Qwen-distill,arc_challenge,123,pca_hidden_embeddings,hgb,299,90,0.425664217071792,0.43008092183694546,0.29540264239605046,0.549563419117647,0.32441471571906355,64.0,0.8067874908447266
deepseek_r1_qwen7b,DeepSeek/Qwen-distill,arc_challenge,123,cheap_plus_pca_hidden,logreg,299,90,0.5647258338044092,0.5628848601998212,0.4460923721340388,0.6948648286475084,0.32441471571906355,64.0,0.8067874908447266
deepseek_r1_qwen7b,DeepSeek/Qwen-distill,arc_challenge,123,cheap_plus_pca_hidden,mlp,299,90,0.4646693046919163,0.4652464617683975,0.32984078731547295,0.5869122609798495,0.32441471571906355,64.0,0.8067874908447266
deepseek_r1_qwen7b,DeepSeek/Qwen-distill,arc_challenge,123,cheap_plus_pca_hidden,extratrees,299,90,0.6873940079140758,0.6875520544081075,0.5718186262771393,0.7881174242424244,0.32441471571906355,64.0,0.8067874908447266
deepseek_r1_qwen7b,DeepSeek/Qwen-distill,arc_challenge,123,cheap_plus_pca_hidden,hgb,299,90,0.5308083663086489,0.5337938375257723,0.3966204751131222,0.6579410401409104,0.32441471571906355,64.0,0.8067874908447266
deepseek_r1_qwen7b,DeepSeek/Qwen-distill,arc_challenge,777,direct_pmax,none,299,90,0.5155455059355567,0.5200908241159281,0.3869243187119531,0.6333199141170155,,,
deepseek_r1_qwen7b,DeepSeek/Qwen-distill,arc_challenge,777,cheap_confidence_option,logreg,299,90,0.5828151498021481,0.5875826505710094,0.456510819013805,0.6929062980030721,0.32441471571906355,,
deepseek_r1_qwen7b,DeepSeek/Qwen-distill,arc_challenge,777,cheap_confidence_option,mlp,299,90,0.5771622385528548,0.583191313687888,0.44563095687086235,0.6944083743393475,0.32441471571906355,,
deepseek_r1_qwen7b,DeepSeek/Qwen-distill,arc_challenge,777,cheap_confidence_option,extratrees,299,90,0.6116449971735444,0.6169779340615037,0.4748014207096066,0.7222555773678734,0.32441471571906355,,
deepseek_r1_qwen7b,DeepSeek/Qwen-distill,arc_challenge,777,cheap_confidence_option,hgb,299,90,0.5415488976823064,0.543227469193221,0.40183775252525256,0.663844005739879,0.32441471571906355,,
deepseek_r1_qwen7b,DeepSeek/Qwen-distill,arc_challenge,777,hidden_summary_only,logreg,299,90,0.567552289429056,0.5654322641982948,0.45892242345584333,0.6838049242424243,0.32441471571906355,,
deepseek_r1_qwen7b,DeepSeek/Qwen-distill,arc_challenge,777,hidden_summary_only,mlp,299,90,0.502543810062182,0.49869231094821864,0.3629706790123457,0.6189081996434938,0.32441471571906355,,
deepseek_r1_qwen7b,DeepSeek/Qwen-distill,arc_challenge,777,hidden_summary_only,extratrees,299,90,0.4482758620689655,0.4468083392274097,0.3171880917757654,0.5766270221370795,0.32441471571906355,,
deepseek_r1_qwen7b,DeepSeek/Qwen-distill,arc_challenge,777,hidden_summary_only,hgb,299,90,0.459016393442623,0.45810961422548946,0.33516217395386344,0.5909031870347394,0.32441471571906355,,
deepseek_r1_qwen7b,DeepSeek/Qwen-distill,arc_challenge,777,cheap_plus_hidden_summary,logreg,299,90,0.6495195025438101,0.6534807677346902,0.5376683077792399,0.7697082714988674,0.32441471571906355,,
deepseek_r1_qwen7b,DeepSeek/Qwen-distill,arc_challenge,777,cheap_plus_hidden_summary,mlp,299,90,0.5573770491803278,0.56309939711327,0.42169623511037296,0.6817728227654698,0.32441471571906355,,
deepseek_r1_qwen7b,DeepSeek/Qwen-distill,arc_challenge,777,cheap_plus_hidden_summary,extratrees,299,90,0.6037309214245337,0.6074856113621742,0.4583014062650757,0.7338487561509022,0.32441471571906355,,
deepseek_r1_qwen7b,DeepSeek/Qwen-distill,arc_challenge,777,cheap_plus_hidden_summary,hgb,299,90,0.6172979084228377,0.6204971952893655,0.47954677556118824,0.7395684620376377,0.32441471571906355,,
deepseek_r1_qwen7b,DeepSeek/Qwen-distill,arc_challenge,777,pca_hidden_embeddings,logreg,299,90,0.5234595816845675,0.5215349433747805,0.39104742703533024,0.6542536355483655,0.32441471571906355,64.0,0.8053225874900818
deepseek_r1_qwen7b,DeepSeek/Qwen-distill,arc_challenge,777,pca_hidden_embeddings,mlp,299,90,0.5296777840587903,0.5284265381085015,0.4151381571509327,0.6467309146735617,0.32441471571906355,64.0,0.8053225874900818
deepseek_r1_qwen7b,DeepSeek/Qwen-distill,arc_challenge,777,pca_hidden_embeddings,extratrees,299,90,0.48558507631430187,0.4851084251171042,0.35639157158894574,0.6138233108751975,0.32441471571906355,64.0,0.8053225874900818
deepseek_r1_qwen7b,DeepSeek/Qwen-distill,arc_challenge,777,pca_hidden_embeddings,hgb,299,90,0.46862634256642177,0.47047938763456265,0.34677812107247585,0.5820962763839107,0.32441471571906355,64.0,0.8053225874900818
deepseek_r1_qwen7b,DeepSeek/Qwen-distill,arc_challenge,777,cheap_plus_pca_hidden,logreg,299,90,0.5743357829282081,0.5779591255335473,0.4497835939931529,0.6966624711439159,0.32441471571906355,64.0,0.8053225874900818
deepseek_r1_qwen7b,DeepSeek/Qwen-distill,arc_challenge,777,cheap_plus_pca_hidden,mlp,299,90,0.5262860373092142,0.5356158684123145,0.40140133571274067,0.6542002747252748,0.32441471571906355,64.0,0.8053225874900818
deepseek_r1_qwen7b,DeepSeek/Qwen-distill,arc_challenge,777,cheap_plus_pca_hidden,extratrees,299,90,0.5511588468061053,0.5551227670561982,0.42548500881834217,0.663413033835235,0.32441471571906355,64.0,0.8053225874900818
deepseek_r1_qwen7b,DeepSeek/Qwen-distill,arc_challenge,777,cheap_plus_pca_hidden,hgb,299,90,0.5556811758055399,0.5597861076346758,0.43647735940530064,0.6893742172123815,0.32441471571906355,64.0,0.8053225874900818
deepseek_r1_qwen7b,DeepSeek/Qwen-distill,arc_challenge,2025,direct_pmax,none,299,90,0.6218202374222724,0.6263807044715242,0.4866265263119838,0.7504957420256576,,,
deepseek_r1_qwen7b,DeepSeek/Qwen-distill,arc_challenge,2025,cheap_confidence_option,logreg,299,90,0.5873374788015828,0.586691863539794,0.46685792972459633,0.7200901382393751,0.32441471571906355,,
deepseek_r1_qwen7b,DeepSeek/Qwen-distill,arc_challenge,2025,cheap_confidence_option,mlp,299,90,0.6319954776710006,0.6340836254675508,0.5139934386040811,0.7533592431761786,0.32441471571906355,,
deepseek_r1_qwen7b,DeepSeek/Qwen-distill,arc_challenge,2025,cheap_confidence_option,extratrees,299,90,0.6116449971735444,0.6095405005517353,0.4924498663101604,0.7138072299077731,0.32441471571906355,,
deepseek_r1_qwen7b,DeepSeek/Qwen-distill,arc_challenge,2025,cheap_confidence_option,hgb,299,90,0.5104578858111928,0.5054642521687549,0.38604054487179484,0.630733031674208,0.32441471571906355,,
deepseek_r1_qwen7b,DeepSeek/Qwen-distill,arc_challenge,2025,hidden_summary_only,logreg,299,90,0.5110231769361222,0.5127100313352858,0.4021416408262714,0.6382875832532582,0.32441471571906355,,
deepseek_r1_qwen7b,DeepSeek/Qwen-distill,arc_challenge,2025,hidden_summary_only,mlp,299,90,0.5669869983041267,0.5671312055360725,0.4454740642851756,0.6886522522882077,0.32441471571906355,,
deepseek_r1_qwen7b,DeepSeek/Qwen-distill,arc_challenge,2025,hidden_summary_only,extratrees,299,90,0.4742792538157151,0.4790311821708167,0.3456489316239316,0.6091555316091954,0.32441471571906355,,
deepseek_r1_qwen7b,DeepSeek/Qwen-distill,arc_challenge,2025,hidden_summary_only,hgb,299,90,0.46749576031656304,0.4747356529873936,0.3440169840452908,0.5988569518716577,0.32441471571906355,,
deepseek_r1_qwen7b,DeepSeek/Qwen-distill,arc_challenge,2025,cheap_plus_hidden_summary,logreg,299,90,0.605992085924251,0.6063764663023187,0.4922938311688312,0.7231489898989899,0.32441471571906355,,
deepseek_r1_qwen7b,DeepSeek/Qwen-distill,arc_challenge,2025,cheap_plus_hidden_summary,mlp,299,90,0.604296212549463,0.6060224777096084,0.47994650606600864,0.7198254705928298,0.32441471571906355,,
deepseek_r1_qwen7b,DeepSeek/Qwen-distill,arc_challenge,2025,cheap_plus_hidden_summary,extratrees,299,90,0.6110797060486151,0.6118905400625648,0.486659498461152,0.7252978294683256,0.32441471571906355,,
deepseek_r1_qwen7b,DeepSeek/Qwen-distill,arc_challenge,2025,cheap_plus_hidden_summary,hgb,299,90,0.5347654041831544,0.5380589884620715,0.4038948503482538,0.6454306807895125,0.32441471571906355,,
deepseek_r1_qwen7b,DeepSeek/Qwen-distill,arc_challenge,2025,pca_hidden_embeddings,logreg,299,90,0.49067269643866585,0.4935843335862496,0.36681671669673616,0.6258948985042735,0.32441471571906355,64.0,0.8034965991973877
deepseek_r1_qwen7b,DeepSeek/Qwen-distill,arc_challenge,2025,pca_hidden_embeddings,mlp,299,90,0.46579988694177504,0.46430524481227015,0.3309792960662526,0.6056737967914437,0.32441471571906355,64.0,0.8034965991973877
deepseek_r1_qwen7b,DeepSeek/Qwen-distill,arc_challenge,2025,pca_hidden_embeddings,extratrees,299,90,0.529112492933861,0.5359983648222483,0.41622699562602516,0.6648939581097405,0.32441471571906355,64.0,0.8034965991973877
deepseek_r1_qwen7b,DeepSeek/Qwen-distill,arc_challenge,2025,pca_hidden_embeddings,hgb,299,90,0.5924250989259469,0.6032870206285659,0.4731299259563966,0.7114559440559439,0.32441471571906355,64.0,0.8034965991973877
deepseek_r1_qwen7b,DeepSeek/Qwen-distill,arc_challenge,2025,cheap_plus_pca_hidden,logreg,299,90,0.6065573770491803,0.606900229229205,0.4830295993995684,0.7114429312914331,0.32441471571906355,64.0,0.8034965991973877
deepseek_r1_qwen7b,DeepSeek/Qwen-distill,arc_challenge,2025,cheap_plus_pca_hidden,mlp,299,90,0.5257207461842849,0.5297435723172771,0.38876914409501634,0.6511539001122334,0.32441471571906355,64.0,0.8034965991973877
deepseek_r1_qwen7b,DeepSeek/Qwen-distill,arc_challenge,2025,cheap_plus_pca_hidden,extratrees,299,90,0.604296212549463,0.6063638561334819,0.48313132706035045,0.713951015239904,0.32441471571906355,64.0,0.8034965991973877
deepseek_r1_qwen7b,DeepSeek/Qwen-distill,arc_challenge,2025,cheap_plus_pca_hidden,hgb,299,90,0.576031656302996,0.5783618498495301,0.48355658829961723,0.6833749997054165,0.32441471571906355,64.0,0.8034965991973877
deepseek_r1_qwen7b,DeepSeek/Qwen-distill,commonsenseqa,42,direct_pmax,none,1000,300,0.6218691947985395,0.6218519598246796,0.5489686406143095,0.6931841781347199,,,
deepseek_r1_qwen7b,DeepSeek/Qwen-distill,commonsenseqa,42,cheap_confidence_option,logreg,1000,300,0.6235987444750496,0.6238976341036856,0.5338927094056218,0.6981108826558728,0.223,,
deepseek_r1_qwen7b,DeepSeek/Qwen-distill,commonsenseqa,42,cheap_confidence_option,mlp,1000,300,0.4275190570751393,0.4251705360046813,0.35497875768960296,0.4974653087350424,0.223,,
deepseek_r1_qwen7b,DeepSeek/Qwen-distill,commonsenseqa,42,cheap_confidence_option,extratrees,1000,300,0.569790532316956,0.5692063309027869,0.48490325644321153,0.6476176673567978,0.223,,
deepseek_r1_qwen7b,DeepSeek/Qwen-distill,commonsenseqa,42,cheap_confidence_option,hgb,1000,300,0.5724809429248607,0.5754497094163736,0.4909618407570753,0.6552329031611733,0.223,,
deepseek_r1_qwen7b,DeepSeek/Qwen-distill,commonsenseqa,42,hidden_summary_only,logreg,1000,300,0.46307091153673685,0.46029013656612155,0.37638234859592673,0.5340249963508976,0.223,,
deepseek_r1_qwen7b,DeepSeek/Qwen-distill,commonsenseqa,42,hidden_summary_only,mlp,1000,300,0.48523477035423734,0.48679461705736476,0.4149862052778823,0.5585579856226258,0.223,,
deepseek_r1_qwen7b,DeepSeek/Qwen-distill,commonsenseqa,42,hidden_summary_only,extratrees,1000,300,0.4509640638011659,0.4507876738988902,0.37002288257146504,0.5279778514712083,0.223,,
deepseek_r1_qwen7b,DeepSeek/Qwen-distill,commonsenseqa,42,hidden_summary_only,hgb,1000,300,0.4430850041637307,0.4433880733553902,0.35529330062734094,0.52688038687399,0.223,,
deepseek_r1_qwen7b,DeepSeek/Qwen-distill,commonsenseqa,42,cheap_plus_hidden_summary,logreg,1000,300,0.588879636153994,0.5867318769051927,0.5092109578479167,0.6676096316197617,0.223,,
deepseek_r1_qwen7b,DeepSeek/Qwen-distill,commonsenseqa,42,cheap_plus_hidden_summary,mlp,1000,300,0.49779001985779264,0.49682500700590554,0.4132326730672444,0.5712793645659112,0.223,,
deepseek_r1_qwen7b,DeepSeek/Qwen-distill,commonsenseqa,42,cheap_plus_hidden_summary,extratrees,1000,300,0.5605662673755685,0.5604127514717748,0.46506897877571807,0.6483737374277596,0.223,,
deepseek_r1_qwen7b,DeepSeek/Qwen-distill,commonsenseqa,42,cheap_plus_hidden_summary,hgb,1000,300,0.5279610531035809,0.5293940995845013,0.45328715323828617,0.6131185934824456,0.223,,
deepseek_r1_qwen7b,DeepSeek/Qwen-distill,commonsenseqa,42,pca_hidden_embeddings,logreg,1000,300,0.5224521170969189,0.5239249696438584,0.44803296009517235,0.607572214214827,0.223,64.0,0.6891472935676575
deepseek_r1_qwen7b,DeepSeek/Qwen-distill,commonsenseqa,42,pca_hidden_embeddings,mlp,1000,300,0.48158349881493817,0.4817838049589376,0.4099270184515438,0.5516792533545676,0.223,64.0,0.6891472935676575
deepseek_r1_qwen7b,DeepSeek/Qwen-distill,commonsenseqa,42,pca_hidden_embeddings,extratrees,1000,300,0.5152136314137467,0.5158862459341302,0.4374863319644305,0.5998828415330124,0.223,64.0,0.6891472935676575
deepseek_r1_qwen7b,DeepSeek/Qwen-distill,commonsenseqa,42,pca_hidden_embeddings,hgb,1000,300,0.5228364614694767,0.5240608779477306,0.4397250579940453,0.6053782090544545,0.223,64.0,0.6891472935676575
deepseek_r1_qwen7b,DeepSeek/Qwen-distill,commonsenseqa,42,cheap_plus_pca_hidden,logreg,1000,300,0.600538082121581,0.6008270247710292,0.5210074282053748,0.6753314445601679,0.223,64.0,0.6891472935676575
deepseek_r1_qwen7b,DeepSeek/Qwen-distill,commonsenseqa,42,cheap_plus_pca_hidden,mlp,1000,300,0.518032156812504,0.5184862984581459,0.432673126246794,0.6036648492598715,0.223,64.0,0.6891472935676575
deepseek_r1_qwen7b,DeepSeek/Qwen-distill,commonsenseqa,42,cheap_plus_pca_hidden,extratrees,1000,300,0.5796553712126065,0.5801027540360514,0.49500928658349064,0.6557487858173572,0.223,64.0,0.6891472935676575
deepseek_r1_qwen7b,DeepSeek/Qwen-distill,commonsenseqa,42,cheap_plus_pca_hidden,hgb,1000,300,0.5822817244250849,0.5839969766850505,0.5035705999882298,0.6646541501976284,0.223,64.0,0.6891472935676575
deepseek_r1_qwen7b,DeepSeek/Qwen-distill,commonsenseqa,7,direct_pmax,none,1000,300,0.5997693933764652,0.6023694944140383,0.5169532147170541,0.6938205782803231,,,
deepseek_r1_qwen7b,DeepSeek/Qwen-distill,commonsenseqa,7,cheap_confidence_option,logreg,1000,300,0.6863109345973993,0.6861483792768268,0.606605242415557,0.7569825053520705,0.223,,
deepseek_r1_qwen7b,DeepSeek/Qwen-distill,commonsenseqa,7,cheap_confidence_option,mlp,1000,300,0.47191083210556656,0.4708028744180526,0.3946830096732246,0.5469783219790907,0.223,,
deepseek_r1_qwen7b,DeepSeek/Qwen-distill,commonsenseqa,7,cheap_confidence_option,extratrees,1000,300,0.6227019409390815,0.6213693897676776,0.5456340968059719,0.6921914516418417,0.223,,
deepseek_r1_qwen7b,DeepSeek/Qwen-distill,commonsenseqa,7,cheap_confidence_option,hgb,1000,300,0.5582602011402216,0.5568006054924637,0.4737173416860917,0.6340270984299516,0.223,,
deepseek_r1_qwen7b,DeepSeek/Qwen-distill,commonsenseqa,7,hidden_summary_only,logreg,1000,300,0.5114983024790212,0.51005143953328,0.440967834896899,0.5850926784949898,0.223,,
deepseek_r1_qwen7b,DeepSeek/Qwen-distill,commonsenseqa,7,hidden_summary_only,mlp,1000,300,0.4972775606943821,0.4971670257117552,0.42170977363719314,0.5753348294817449,0.223,,
deepseek_r1_qwen7b,DeepSeek/Qwen-distill,commonsenseqa,7,hidden_summary_only,extratrees,1000,300,0.4911921081288835,0.4895221074411499,0.4107844049896298,0.563563020194737,0.223,,
deepseek_r1_qwen7b,DeepSeek/Qwen-distill,commonsenseqa,7,hidden_summary_only,hgb,1000,300,0.5089360066619691,0.5047654794499244,0.4223974660397074,0.5900828737028837,0.223,,
deepseek_r1_qwen7b,DeepSeek/Qwen-distill,commonsenseqa,7,cheap_plus_hidden_summary,logreg,1000,300,0.6540900646979694,0.6534437666725226,0.5757551982241739,0.7242624388866568,0.223,,
deepseek_r1_qwen7b,DeepSeek/Qwen-distill,commonsenseqa,7,cheap_plus_hidden_summary,mlp,1000,300,0.4817756710012171,0.4815189780091375,0.4025737366750714,0.5577693341324605,0.223,,
deepseek_r1_qwen7b,DeepSeek/Qwen-distill,commonsenseqa,7,cheap_plus_hidden_summary,extratrees,1000,300,0.5682531548267247,0.5691947083136656,0.48576852678571425,0.6471914767877434,0.223,,
deepseek_r1_qwen7b,DeepSeek/Qwen-distill,commonsenseqa,7,cheap_plus_hidden_summary,hgb,1000,300,0.5694061879443981,0.5673231425083342,0.48975215620777407,0.636115538684929,0.223,,
deepseek_r1_qwen7b,DeepSeek/Qwen-distill,commonsenseqa,7,pca_hidden_embeddings,logreg,1000,300,0.5322528985971431,0.53540772939909,0.46157080003182865,0.6105311189995067,0.223,64.0,0.6856676340103149
deepseek_r1_qwen7b,DeepSeek/Qwen-distill,commonsenseqa,7,pca_hidden_embeddings,mlp,1000,300,0.4926654282236884,0.4947285483742841,0.4176941664688619,0.565164673659528,0.223,64.0,0.6856676340103149
deepseek_r1_qwen7b,DeepSeek/Qwen-distill,commonsenseqa,7,pca_hidden_embeddings,extratrees,1000,300,0.5444238037281405,0.5435162431817764,0.4661332443282491,0.6311848769510059,0.223,64.0,0.6856676340103149
deepseek_r1_qwen7b,DeepSeek/Qwen-distill,commonsenseqa,7,pca_hidden_embeddings,hgb,1000,300,0.5585164307219268,0.5574631822071512,0.48091799522228246,0.6416555990784591,0.223,64.0,0.6856676340103149
deepseek_r1_qwen7b,DeepSeek/Qwen-distill,commonsenseqa,7,cheap_plus_pca_hidden,logreg,1000,300,0.61943501377234,0.6213495830227997,0.5432533002580123,0.7000635344983148,0.223,64.0,0.6856676340103149
deepseek_r1_qwen7b,DeepSeek/Qwen-distill,commonsenseqa,7,cheap_plus_pca_hidden,mlp,1000,300,0.5492281083851132,0.552264003365242,0.47659033333333334,0.6402842718136474,0.223,64.0,0.6856676340103149
deepseek_r1_qwen7b,DeepSeek/Qwen-distill,commonsenseqa,7,cheap_plus_pca_hidden,extratrees,1000,300,0.6478124399461918,0.6472116416090739,0.5604950480543834,0.7238457259325793,0.223,64.0,0.6856676340103149
deepseek_r1_qwen7b,DeepSeek/Qwen-distill,commonsenseqa,7,cheap_plus_pca_hidden,hgb,1000,300,0.6337198129524053,0.6332941417269922,0.55130954777002,0.7147609823472212,0.223,64.0,0.6856676340103149
deepseek_r1_qwen7b,DeepSeek/Qwen-distill,commonsenseqa,123,direct_pmax,none,1000,300,0.6053423867785535,0.6027858140968514,0.5260374511283353,0.6888531562695204,,,
deepseek_r1_qwen7b,DeepSeek/Qwen-distill,commonsenseqa,123,cheap_confidence_option,logreg,1000,300,0.6812504003587214,0.6787581291494447,0.5947478991596639,0.7511828231622187,0.223,,
deepseek_r1_qwen7b,DeepSeek/Qwen-distill,commonsenseqa,123,cheap_confidence_option,mlp,1000,300,0.4246364742809557,0.4271322003088572,0.3485143755082678,0.5037993320406005,0.223,,
deepseek_r1_qwen7b,DeepSeek/Qwen-distill,commonsenseqa,123,cheap_confidence_option,extratrees,1000,300,0.6310934597399269,0.6297221401315718,0.5517748308887549,0.7107519074260928,0.223,,
deepseek_r1_qwen7b,DeepSeek/Qwen-distill,commonsenseqa,123,cheap_confidence_option,hgb,1000,300,0.6232784574979181,0.6231091471513076,0.5456063557087177,0.6912658147638788,0.223,,
deepseek_r1_qwen7b,DeepSeek/Qwen-distill,commonsenseqa,123,hidden_summary_only,logreg,1000,300,0.5152136314137468,0.512908363055231,0.4385242768627287,0.5815035240233288,0.223,,
deepseek_r1_qwen7b,DeepSeek/Qwen-distill,commonsenseqa,123,hidden_summary_only,mlp,1000,300,0.4979821920440715,0.49546504160664956,0.4147902419262108,0.5926025659900361,0.223,,
deepseek_r1_qwen7b,DeepSeek/Qwen-distill,commonsenseqa,123,hidden_summary_only,extratrees,1000,300,0.4850425981679585,0.4825711320903709,0.404886487057181,0.5521315011820331,0.223,,
deepseek_r1_qwen7b,DeepSeek/Qwen-distill,commonsenseqa,123,hidden_summary_only,hgb,1000,300,0.46761898661200435,0.46516163676071526,0.3956930695208985,0.5387493440536918,0.223,,
deepseek_r1_qwen7b,DeepSeek/Qwen-distill,commonsenseqa,123,cheap_plus_hidden_summary,logreg,1000,300,0.6227659983345079,0.6203410297093961,0.539778885745548,0.6915798357996318,0.223,,
deepseek_r1_qwen7b,DeepSeek/Qwen-distill,commonsenseqa,123,cheap_plus_hidden_summary,mlp,1000,300,0.45666517199410667,0.45943912626097927,0.3830176767676768,0.5494913948216443,0.223,,
deepseek_r1_qwen7b,DeepSeek/Qwen-distill,commonsenseqa,123,cheap_plus_hidden_summary,extratrees,1000,300,0.6259688681058228,0.6254239739902347,0.5393927474517489,0.6939875305911116,0.223,,
deepseek_r1_qwen7b,DeepSeek/Qwen-distill,commonsenseqa,123,cheap_plus_hidden_summary,hgb,1000,300,0.6020754596118122,0.6005166665443508,0.5246075760544314,0.6824911163623933,0.223,,
deepseek_r1_qwen7b,DeepSeek/Qwen-distill,commonsenseqa,123,pca_hidden_embeddings,logreg,1000,300,0.5070783421946063,0.5069101530628694,0.43044638832544513,0.5813322779634862,0.223,64.0,0.6887129545211792
deepseek_r1_qwen7b,DeepSeek/Qwen-distill,commonsenseqa,123,pca_hidden_embeddings,mlp,1000,300,0.5181602716033566,0.5147697795568197,0.43794287053780717,0.5929517109728507,0.223,64.0,0.6887129545211792
deepseek_r1_qwen7b,DeepSeek/Qwen-distill,commonsenseqa,123,pca_hidden_embeddings,extratrees,1000,300,0.5320607264108641,0.5336862749782812,0.46029562487989245,0.5947694186480926,0.223,64.0,0.6887129545211792
deepseek_r1_qwen7b,DeepSeek/Qwen-distill,commonsenseqa,123,pca_hidden_embeddings,hgb,1000,300,0.5100249823842162,0.5107535460661589,0.4354972678105507,0.5782272233675115,0.223,64.0,0.6887129545211792
deepseek_r1_qwen7b,DeepSeek/Qwen-distill,commonsenseqa,123,cheap_plus_pca_hidden,logreg,1000,300,0.6117481263211837,0.6115807345626078,0.5314256234172882,0.6863812202962433,0.223,64.0,0.6887129545211792
deepseek_r1_qwen7b,DeepSeek/Qwen-distill,commonsenseqa,123,cheap_plus_pca_hidden,mlp,1000,300,0.47748382550765484,0.4824998199588841,0.41065118676345974,0.5647767659460995,0.223,64.0,0.6887129545211792
deepseek_r1_qwen7b,DeepSeek/Qwen-distill,commonsenseqa,123,cheap_plus_pca_hidden,extratrees,1000,300,0.663762731407341,0.6646370105252076,0.597244104445711,0.7385363165553842,0.223,64.0,0.6887129545211792
deepseek_r1_qwen7b,DeepSeek/Qwen-distill,commonsenseqa,123,cheap_plus_pca_hidden,hgb,1000,300,0.5941323425789506,0.5959375981482774,0.5035866630067533,0.6674664928468063,0.223,64.0,0.6887129545211792
deepseek_r1_qwen7b,DeepSeek/Qwen-distill,commonsenseqa,777,direct_pmax,none,1000,300,0.5920184485298827,0.5950232319854344,0.5126712749425515,0.6653747954173486,,,
deepseek_r1_qwen7b,DeepSeek/Qwen-distill,commonsenseqa,777,cheap_confidence_option,logreg,1000,300,0.6227659983345076,0.6233904671902205,0.5413126153360528,0.699112942142062,0.223,,
deepseek_r1_qwen7b,DeepSeek/Qwen-distill,commonsenseqa,777,cheap_confidence_option,mlp,1000,300,0.4473127922618666,0.4432808313396947,0.37166195273648595,0.5255001449978596,0.223,,
deepseek_r1_qwen7b,DeepSeek/Qwen-distill,commonsenseqa,777,cheap_confidence_option,extratrees,1000,300,0.6081609121773108,0.6064615260715688,0.5275043681117488,0.6865063429163428,0.223,,
deepseek_r1_qwen7b,DeepSeek/Qwen-distill,commonsenseqa,777,cheap_confidence_option,hgb,1000,300,0.5639613093331626,0.562730046082708,0.4756710680350973,0.6517686574074074,0.223,,
deepseek_r1_qwen7b,DeepSeek/Qwen-distill,commonsenseqa,777,hidden_summary_only,logreg,1000,300,0.48510665556338484,0.48443113996193216,0.4103514559920781,0.5538590646976933,0.223,,
deepseek_r1_qwen7b,DeepSeek/Qwen-distill,commonsenseqa,777,hidden_summary_only,mlp,1000,300,0.5512138876433283,0.5500092493058495,0.4845530766951062,0.6238115724280844,0.223,,
deepseek_r1_qwen7b,DeepSeek/Qwen-distill,commonsenseqa,777,hidden_summary_only,extratrees,1000,300,0.40939081416949585,0.40515964139992844,0.33177774351262085,0.4873075280455381,0.223,,
deepseek_r1_qwen7b,DeepSeek/Qwen-distill,commonsenseqa,777,hidden_summary_only,hgb,1000,300,0.4307219268464544,0.4279975407288188,0.36139320702652533,0.4971298178512547,0.223,,
deepseek_r1_qwen7b,DeepSeek/Qwen-distill,commonsenseqa,777,cheap_plus_hidden_summary,logreg,1000,300,0.5826660687976427,0.5837077224111746,0.5097476792484389,0.665612322515213,0.223,,
deepseek_r1_qwen7b,DeepSeek/Qwen-distill,commonsenseqa,777,cheap_plus_hidden_summary,mlp,1000,300,0.44430209467683046,0.44562397512085083,0.36589220262132977,0.5228248915893404,0.223,,
deepseek_r1_qwen7b,DeepSeek/Qwen-distill,commonsenseqa,777,cheap_plus_hidden_summary,extratrees,1000,300,0.5513420024341811,0.5504125308235311,0.4649552353177537,0.6295015050609271,0.223,,
deepseek_r1_qwen7b,DeepSeek/Qwen-distill,commonsenseqa,777,cheap_plus_hidden_summary,hgb,1000,300,0.561975530074947,0.5606422777098853,0.475042464849508,0.6336836174315653,0.223,,
deepseek_r1_qwen7b,DeepSeek/Qwen-distill,commonsenseqa,777,pca_hidden_embeddings,logreg,1000,300,0.558964832489911,0.558606378308225,0.4817983557477138,0.6335547022199685,0.223,64.0,0.6876703500747681
deepseek_r1_qwen7b,DeepSeek/Qwen-distill,commonsenseqa,777,pca_hidden_embeddings,mlp,1000,300,0.54096470437512,0.5370781099764024,0.4513752902339859,0.6247395833333333,0.223,64.0,0.6876703500747681
deepseek_r1_qwen7b,DeepSeek/Qwen-distill,commonsenseqa,777,pca_hidden_embeddings,extratrees,1000,300,0.5350073666004741,0.5346002007554331,0.46015474682720536,0.6170763091962921,0.223,64.0,0.6876703500747681
deepseek_r1_qwen7b,DeepSeek/Qwen-distill,commonsenseqa,777,pca_hidden_embeddings,hgb,1000,300,0.4946512074819038,0.49525001772012817,0.41821520065386214,0.5725353027086654,0.223,64.0,0.6876703500747681
deepseek_r1_qwen7b,DeepSeek/Qwen-distill,commonsenseqa,777,cheap_plus_pca_hidden,logreg,1000,300,0.6244314906155916,0.6242373152743174,0.5465433099363664,0.7051715097688556,0.223,64.0,0.6876703500747681
deepseek_r1_qwen7b,DeepSeek/Qwen-distill,commonsenseqa,777,cheap_plus_pca_hidden,mlp,1000,300,0.4405867657421049,0.44087075263871756,0.3618936754196456,0.5154781024474879,0.223,64.0,0.6876703500747681
deepseek_r1_qwen7b,DeepSeek/Qwen-distill,commonsenseqa,777,cheap_plus_pca_hidden,extratrees,1000,300,0.5941323425789508,0.5950571701362287,0.5166578289108966,0.6749473532228983,0.223,64.0,0.6876703500747681
deepseek_r1_qwen7b,DeepSeek/Qwen-distill,commonsenseqa,777,cheap_plus_pca_hidden,hgb,1000,300,0.583819101915316,0.5838302193107516,0.5042169360826407,0.6632371855165871,0.223,64.0,0.6876703500747681
deepseek_r1_qwen7b,DeepSeek/Qwen-distill,commonsenseqa,2025,direct_pmax,none,1000,300,0.5683812696175773,0.5647131497480707,0.4707536439404174,0.6529839006826512,,,
deepseek_r1_qwen7b,DeepSeek/Qwen-distill,commonsenseqa,2025,cheap_confidence_option,logreg,1000,300,0.646595349433092,0.6429894440252898,0.5595217821422077,0.7195691449703157,0.223,,
deepseek_r1_qwen7b,DeepSeek/Qwen-distill,commonsenseqa,2025,cheap_confidence_option,mlp,1000,300,0.3999743770418295,0.4011704003915139,0.3270963808611067,0.47608927787188643,0.223,,
deepseek_r1_qwen7b,DeepSeek/Qwen-distill,commonsenseqa,2025,cheap_confidence_option,extratrees,1000,300,0.5950291461149189,0.5916695036590637,0.5146717277064081,0.669516038599693,0.223,,
deepseek_r1_qwen7b,DeepSeek/Qwen-distill,commonsenseqa,2025,cheap_confidence_option,hgb,1000,300,0.5580039715585164,0.5557504297775947,0.4805752247124919,0.6295532596622974,0.223,,
deepseek_r1_qwen7b,DeepSeek/Qwen-distill,commonsenseqa,2025,hidden_summary_only,logreg,1000,300,0.4614054192556531,0.46198328414099316,0.3949992696192696,0.5379016624408381,0.223,,
deepseek_r1_qwen7b,DeepSeek/Qwen-distill,commonsenseqa,2025,hidden_summary_only,mlp,1000,300,0.47607456280827626,0.47348420927877377,0.406349809253659,0.5539334239130435,0.223,,
deepseek_r1_qwen7b,DeepSeek/Qwen-distill,commonsenseqa,2025,hidden_summary_only,extratrees,1000,300,0.4469925052847351,0.4504074553011061,0.38085818591714843,0.5210781012200396,0.223,,
deepseek_r1_qwen7b,DeepSeek/Qwen-distill,commonsenseqa,2025,hidden_summary_only,hgb,1000,300,0.42892831977451795,0.4311627126036828,0.3550115345624332,0.5031908415540128,0.223,,
deepseek_r1_qwen7b,DeepSeek/Qwen-distill,commonsenseqa,2025,cheap_plus_hidden_summary,logreg,1000,300,0.5946448017423612,0.5929082531563097,0.5171972349550255,0.67087527448397,0.223,,
deepseek_r1_qwen7b,DeepSeek/Qwen-distill,commonsenseqa,2025,cheap_plus_hidden_summary,mlp,1000,300,0.4501313176606239,0.4503801215675908,0.37674685647569384,0.5331915119985483,0.223,,
deepseek_r1_qwen7b,DeepSeek/Qwen-distill,commonsenseqa,2025,cheap_plus_hidden_summary,extratrees,1000,300,0.6005380821215809,0.5964560123759444,0.5205723487335562,0.6741033902028963,0.223,,
deepseek_r1_qwen7b,DeepSeek/Qwen-distill,commonsenseqa,2025,cheap_plus_hidden_summary,hgb,1000,300,0.5876625456408942,0.586833416660858,0.5094233720849337,0.6585918366916658,0.223,,
deepseek_r1_qwen7b,DeepSeek/Qwen-distill,commonsenseqa,2025,pca_hidden_embeddings,logreg,1000,300,0.5108577285247581,0.5133375344937496,0.44283658707330414,0.5962614447962741,0.223,64.0,0.6844340562820435
deepseek_r1_qwen7b,DeepSeek/Qwen-distill,commonsenseqa,2025,pca_hidden_embeddings,mlp,1000,300,0.49240919864198324,0.4941730714980493,0.4114901699517297,0.5828358462147623,0.223,64.0,0.6844340562820435
deepseek_r1_qwen7b,DeepSeek/Qwen-distill,commonsenseqa,2025,pca_hidden_embeddings,extratrees,1000,300,0.488117353148421,0.4895094723438437,0.4189977600666771,0.5818143296407542,0.223,64.0,0.6844340562820435
deepseek_r1_qwen7b,DeepSeek/Qwen-distill,commonsenseqa,2025,pca_hidden_embeddings,hgb,1000,300,0.5132919095509577,0.5156445345480862,0.441450792221293,0.5875879182995905,0.223,64.0,0.6844340562820435
deepseek_r1_qwen7b,DeepSeek/Qwen-distill,commonsenseqa,2025,cheap_plus_pca_hidden,logreg,1000,300,0.601178656075844,0.6008882248080663,0.527534159214251,0.6844575078674795,0.223,64.0,0.6844340562820435
deepseek_r1_qwen7b,DeepSeek/Qwen-distill,commonsenseqa,2025,cheap_plus_pca_hidden,mlp,1000,300,0.4283518032156812,0.4273490559216962,0.35251175350361397,0.5169394926383097,0.223,64.0,0.6844340562820435
deepseek_r1_qwen7b,DeepSeek/Qwen-distill,commonsenseqa,2025,cheap_plus_pca_hidden,extratrees,1000,300,0.5987444750496445,0.5954122535850157,0.5107069583813255,0.6929828588137146,0.223,64.0,0.6844340562820435
deepseek_r1_qwen7b,DeepSeek/Qwen-distill,commonsenseqa,2025,cheap_plus_pca_hidden,hgb,1000,300,0.5482031900582922,0.5475188302047852,0.46777532775980496,0.6257029919399011,0.223,64.0,0.6844340562820435
deepseek_r1_qwen7b,DeepSeek/Qwen-distill,hellaswag,42,direct_pmax,none,1000,300,0.48913866402655637,0.4897132997882195,0.4108883269939196,0.5646213987055386,,,
deepseek_r1_qwen7b,DeepSeek/Qwen-distill,hellaswag,42,cheap_confidence_option,logreg,1000,300,0.5007862093063886,0.5000270829376251,0.4243727097799097,0.5725217204531362,0.258,,
deepseek_r1_qwen7b,DeepSeek/Qwen-distill,hellaswag,42,cheap_confidence_option,mlp,1000,300,0.4738803797099761,0.47277435958721287,0.40447686237373737,0.5508860422440558,0.258,,
deepseek_r1_qwen7b,DeepSeek/Qwen-distill,hellaswag,42,cheap_confidence_option,extratrees,1000,300,0.46782365616446336,0.4663411655489936,0.3885590059676817,0.5280477081816911,0.258,,
deepseek_r1_qwen7b,DeepSeek/Qwen-distill,hellaswag,42,cheap_confidence_option,hgb,1000,300,0.5122590414070234,0.5109565255469491,0.439942176583277,0.5746763510923408,0.258,,
deepseek_r1_qwen7b,DeepSeek/Qwen-distill,hellaswag,42,hidden_summary_only,logreg,1000,300,0.5445809795585581,0.5446383246552575,0.4635008430658348,0.6279516522014126,0.258,,
deepseek_r1_qwen7b,DeepSeek/Qwen-distill,hellaswag,42,hidden_summary_only,mlp,1000,300,0.5010191602119853,0.501640061551641,0.4344958198285673,0.5748909874060454,0.258,,
deepseek_r1_qwen7b,DeepSeek/Qwen-distill,hellaswag,42,hidden_summary_only,extratrees,1000,300,0.4844796459146235,0.48515701671844674,0.40164763594391245,0.562989299089635,0.258,,
deepseek_r1_qwen7b,DeepSeek/Qwen-distill,hellaswag,42,hidden_summary_only,hgb,1000,300,0.44808106691514765,0.45052971019608645,0.3704908398205701,0.5225427183789649,0.258,,
deepseek_r1_qwen7b,DeepSeek/Qwen-distill,hellaswag,42,cheap_plus_hidden_summary,logreg,1000,300,0.5625764370158989,0.5606567253120706,0.4911239803095852,0.6328307284890275,0.258,,
deepseek_r1_qwen7b,DeepSeek/Qwen-distill,hellaswag,42,cheap_plus_hidden_summary,mlp,1000,300,0.4884980490361656,0.4883646583277599,0.4175513122388122,0.5615567516564591,0.258,,
deepseek_r1_qwen7b,DeepSeek/Qwen-distill,hellaswag,42,cheap_plus_hidden_summary,extratrees,1000,300,0.48203366140585874,0.4814160911441531,0.4027889437696858,0.5545106500244208,0.258,,
deepseek_r1_qwen7b,DeepSeek/Qwen-distill,hellaswag,42,cheap_plus_hidden_summary,hgb,1000,300,0.47009492749403065,0.4693266016072127,0.39395148687907894,0.5441466214944476,0.258,,
deepseek_r1_qwen7b,DeepSeek/Qwen-distill,hellaswag,42,pca_hidden_embeddings,logreg,1000,300,0.5477258167841128,0.5471612612429916,0.46912754537830414,0.6184864802006279,0.258,64.0,0.7699238657951355
deepseek_r1_qwen7b,DeepSeek/Qwen-distill,hellaswag,42,pca_hidden_embeddings,mlp,1000,300,0.5571020907343777,0.5581429139845281,0.4872257788927373,0.6263547753927349,0.258,64.0,0.7699238657951355
deepseek_r1_qwen7b,DeepSeek/Qwen-distill,hellaswag,42,pca_hidden_embeddings,extratrees,1000,300,0.5025915788247627,0.49950504113768907,0.4293324482235648,0.5767788081110055,0.258,64.0,0.7699238657951355
deepseek_r1_qwen7b,DeepSeek/Qwen-distill,hellaswag,42,pca_hidden_embeddings,hgb,1000,300,0.5425426591345874,0.5414169065768669,0.4653586841389842,0.6309008246216827,0.258,64.0,0.7699238657951355
deepseek_r1_qwen7b,DeepSeek/Qwen-distill,hellaswag,42,cheap_plus_pca_hidden,logreg,1000,300,0.5845320598683829,0.581824699102362,0.5081208400974025,0.6454459928808937,0.258,64.0,0.7699238657951355
deepseek_r1_qwen7b,DeepSeek/Qwen-distill,hellaswag,42,cheap_plus_pca_hidden,mlp,1000,300,0.538058354201852,0.53761633038673,0.46393533747563354,0.6109648815494453,0.258,64.0,0.7699238657951355
deepseek_r1_qwen7b,DeepSeek/Qwen-distill,hellaswag,42,cheap_plus_pca_hidden,extratrees,1000,300,0.539164871003436,0.5382397829748309,0.4680505843210028,0.614963590325237,0.258,64.0,0.7699238657951355
deepseek_r1_qwen7b,DeepSeek/Qwen-distill,hellaswag,42,cheap_plus_pca_hidden,hgb,1000,300,0.5541902044144196,0.5534230646301419,0.47613792145435935,0.6264449131667295,0.258,64.0,0.7699238657951355
deepseek_r1_qwen7b,DeepSeek/Qwen-distill,hellaswag,7,direct_pmax,none,1000,300,0.5295556461475744,0.5255753665420785,0.4528929409135061,0.6052501568479829,,,
deepseek_r1_qwen7b,DeepSeek/Qwen-distill,hellaswag,7,cheap_confidence_option,logreg,1000,300,0.5739327936637354,0.5713791424177571,0.493184586831579,0.6493739978479014,0.258,,
deepseek_r1_qwen7b,DeepSeek/Qwen-distill,hellaswag,7,cheap_confidence_option,mlp,1000,300,0.5599557393279366,0.5580042628487453,0.48439604903283745,0.6264538377850133,0.258,,
deepseek_r1_qwen7b,DeepSeek/Qwen-distill,hellaswag,7,cheap_confidence_option,extratrees,1000,300,0.5079494496534855,0.5061985413140158,0.432965786335578,0.5894949040800113,0.258,,
deepseek_r1_qwen7b,DeepSeek/Qwen-distill,hellaswag,7,cheap_confidence_option,hgb,1000,300,0.5147632636421874,0.5141985056067756,0.4371791259344451,0.5940649465947213,0.258,,
deepseek_r1_qwen7b,DeepSeek/Qwen-distill,hellaswag,7,hidden_summary_only,logreg,1000,300,0.606662395900064,0.6047550172647634,0.5376783517408518,0.673194480368794,0.258,,
deepseek_r1_qwen7b,DeepSeek/Qwen-distill,hellaswag,7,hidden_summary_only,mlp,1000,300,0.555063770310407,0.5552951775111776,0.48337316652873824,0.6240848953628425,0.258,,
deepseek_r1_qwen7b,DeepSeek/Qwen-distill,hellaswag,7,hidden_summary_only,extratrees,1000,300,0.5522683594432474,0.5498050089822188,0.47386334574913486,0.6318915412725017,0.258,,
deepseek_r1_qwen7b,DeepSeek/Qwen-distill,hellaswag,7,hidden_summary_only,hgb,1000,300,0.5159862558965698,0.516345668325317,0.4471359302773498,0.5971005116959065,0.258,,
deepseek_r1_qwen7b,DeepSeek/Qwen-distill,hellaswag,7,cheap_plus_hidden_summary,logreg,1000,300,0.6425368353619474,0.6389119135693135,0.5593007573564328,0.715466112012987,0.258,,
deepseek_r1_qwen7b,DeepSeek/Qwen-distill,hellaswag,7,cheap_plus_hidden_summary,mlp,1000,300,0.553607827150428,0.5531721162045671,0.4945312647621889,0.6258062294024375,0.258,,
deepseek_r1_qwen7b,DeepSeek/Qwen-distill,hellaswag,7,cheap_plus_hidden_summary,extratrees,1000,300,0.5583833207151593,0.5554157645450234,0.4827199519758189,0.6346519718382646,0.258,,
deepseek_r1_qwen7b,DeepSeek/Qwen-distill,hellaswag,7,cheap_plus_hidden_summary,hgb,1000,300,0.5477840545105119,0.5479228437122782,0.4743241732945447,0.6215497678193592,0.258,,
deepseek_r1_qwen7b,DeepSeek/Qwen-distill,hellaswag,7,pca_hidden_embeddings,logreg,1000,300,0.5626346747422981,0.5649661741738617,0.49120520254033406,0.6443810523715414,0.258,64.0,0.7706681489944458
deepseek_r1_qwen7b,DeepSeek/Qwen-distill,hellaswag,7,pca_hidden_embeddings,mlp,1000,300,0.5258284316580282,0.5289459238428029,0.4564818025943115,0.6091658366825977,0.258,64.0,0.7706681489944458
deepseek_r1_qwen7b,DeepSeek/Qwen-distill,hellaswag,7,pca_hidden_embeddings,extratrees,1000,300,0.5296721216003728,0.5315867910390079,0.4501845122328049,0.6091922242199296,0.258,64.0,0.7706681489944458
deepseek_r1_qwen7b,DeepSeek/Qwen-distill,hellaswag,7,pca_hidden_embeddings,hgb,1000,300,0.5451051190961506,0.5475895605432128,0.45483255883358087,0.6231842437645557,0.258,64.0,0.7706681489944458
deepseek_r1_qwen7b,DeepSeek/Qwen-distill,hellaswag,7,cheap_plus_pca_hidden,logreg,1000,300,0.6089336672296314,0.6097538641624812,0.5377117358888193,0.6879309085661689,0.258,64.0,0.7706681489944458
deepseek_r1_qwen7b,DeepSeek/Qwen-distill,hellaswag,7,cheap_plus_pca_hidden,mlp,1000,300,0.513540271387805,0.5128795268371535,0.44716376393659507,0.5904081444391094,0.258,64.0,0.7706681489944458
deepseek_r1_qwen7b,DeepSeek/Qwen-distill,hellaswag,7,cheap_plus_pca_hidden,extratrees,1000,300,0.544522741832159,0.5440227695384074,0.46697581725569137,0.6176428323849815,0.258,64.0,0.7706681489944458
deepseek_r1_qwen7b,DeepSeek/Qwen-distill,hellaswag,7,cheap_plus_pca_hidden,hgb,1000,300,0.5311280647603518,0.5321734165090756,0.4552030943335291,0.6118097871834284,0.258,64.0,0.7706681489944458
deepseek_r1_qwen7b,DeepSeek/Qwen-distill,hellaswag,123,direct_pmax,none,1000,300,0.460835128996564,0.4584450565354693,0.3823855667604405,0.5350561083760751,,,
deepseek_r1_qwen7b,DeepSeek/Qwen-distill,hellaswag,123,cheap_confidence_option,logreg,1000,300,0.5230912585172675,0.5222104665621111,0.4469069549170205,0.5882566268852806,0.258,,
deepseek_r1_qwen7b,DeepSeek/Qwen-distill,hellaswag,123,cheap_confidence_option,mlp,1000,300,0.4332304466833615,0.43106632982687093,0.3565849876201207,0.5070973785939459,0.258,,
deepseek_r1_qwen7b,DeepSeek/Qwen-distill,hellaswag,123,cheap_confidence_option,extratrees,1000,300,0.4889639508473589,0.4860454961483375,0.4122797837750981,0.5632267620085768,0.258,,
deepseek_r1_qwen7b,DeepSeek/Qwen-distill,hellaswag,123,cheap_confidence_option,hgb,1000,300,0.5160444936229689,0.5156445582548237,0.4436269792452081,0.5918246307406486,0.258,,
deepseek_r1_qwen7b,DeepSeek/Qwen-distill,hellaswag,123,hidden_summary_only,logreg,1000,300,0.5395725350882302,0.5379943628771152,0.4504124468753019,0.6132207437261419,0.258,,
deepseek_r1_qwen7b,DeepSeek/Qwen-distill,hellaswag,123,hidden_summary_only,mlp,1000,300,0.4677654184380642,0.46780091794863266,0.39357260261435095,0.5410114207127481,0.258,,
deepseek_r1_qwen7b,DeepSeek/Qwen-distill,hellaswag,123,hidden_summary_only,extratrees,1000,300,0.45000291188631997,0.4491793812841699,0.3732245743628104,0.5199900922557171,0.258,,
deepseek_r1_qwen7b,DeepSeek/Qwen-distill,hellaswag,123,hidden_summary_only,hgb,1000,300,0.3888532991672005,0.3861859831527737,0.31291147431735195,0.4572889995974235,0.258,,
deepseek_r1_qwen7b,DeepSeek/Qwen-distill,hellaswag,123,cheap_plus_hidden_summary,logreg,1000,300,0.5946071865354376,0.5911507116457475,0.5165997130852042,0.6684009291196791,0.258,,
deepseek_r1_qwen7b,DeepSeek/Qwen-distill,hellaswag,123,cheap_plus_hidden_summary,mlp,1000,300,0.5301962611379651,0.5315613682614746,0.451243812180655,0.6032436662106703,0.258,,
deepseek_r1_qwen7b,DeepSeek/Qwen-distill,hellaswag,123,cheap_plus_hidden_summary,extratrees,1000,300,0.485760875895405,0.483160944042952,0.4065168584843607,0.5571362096110243,0.258,,
deepseek_r1_qwen7b,DeepSeek/Qwen-distill,hellaswag,123,cheap_plus_hidden_summary,hgb,1000,300,0.46194164579814806,0.4590480173008003,0.38212831911678585,0.5293780627650747,0.258,,
deepseek_r1_qwen7b,DeepSeek/Qwen-distill,hellaswag,123,pca_hidden_embeddings,logreg,1000,300,0.535204705608293,0.531600832858222,0.44808831570229785,0.6092257122531238,0.258,64.0,0.7696726322174072
deepseek_r1_qwen7b,DeepSeek/Qwen-distill,hellaswag,123,pca_hidden_embeddings,mlp,1000,300,0.4784229223691107,0.4799389468788112,0.40503890272463383,0.5465686621460798,0.258,64.0,0.7696726322174072
deepseek_r1_qwen7b,DeepSeek/Qwen-distill,hellaswag,123,pca_hidden_embeddings,extratrees,1000,300,0.47353095335158113,0.47204614925084115,0.3971790269151139,0.5503851352326781,0.258,64.0,0.7696726322174072
deepseek_r1_qwen7b,DeepSeek/Qwen-distill,hellaswag,123,pca_hidden_embeddings,hgb,1000,300,0.4703278783996273,0.4702884150130908,0.391317100523567,0.5447469348086125,0.258,64.0,0.7696726322174072
deepseek_r1_qwen7b,DeepSeek/Qwen-distill,hellaswag,123,cheap_plus_pca_hidden,logreg,1000,300,0.5684002096558151,0.5649230290250071,0.4829443960972445,0.6477461844320118,0.258,64.0,0.7696726322174072
deepseek_r1_qwen7b,DeepSeek/Qwen-distill,hellaswag,123,cheap_plus_pca_hidden,mlp,1000,300,0.47207501019160214,0.46919166841868254,0.39653437220295373,0.5474826596508012,0.258,64.0,0.7696726322174072
deepseek_r1_qwen7b,DeepSeek/Qwen-distill,hellaswag,123,cheap_plus_pca_hidden,extratrees,1000,300,0.5034651447207501,0.49936677845216365,0.4056641609324006,0.5760686637205387,0.258,64.0,0.7696726322174072
deepseek_r1_qwen7b,DeepSeek/Qwen-distill,hellaswag,123,cheap_plus_pca_hidden,hgb,1000,300,0.49478772348727507,0.4932101982312302,0.4103821723572906,0.5790350364575707,0.258,64.0,0.7696726322174072
deepseek_r1_qwen7b,DeepSeek/Qwen-distill,hellaswag,777,direct_pmax,none,1000,300,0.46438763030691277,0.4678389492333235,0.3980049715909091,0.5358255109126983,,,
deepseek_r1_qwen7b,DeepSeek/Qwen-distill,hellaswag,777,cheap_confidence_option,logreg,1000,300,0.49327354260089684,0.4968997853666531,0.4250895794172932,0.5697596612551387,0.258,,
deepseek_r1_qwen7b,DeepSeek/Qwen-distill,hellaswag,777,cheap_confidence_option,mlp,1000,300,0.49804903616562807,0.5008131423030368,0.4284907407407408,0.5761259142598835,0.258,,
deepseek_r1_qwen7b,DeepSeek/Qwen-distill,hellaswag,777,cheap_confidence_option,extratrees,1000,300,0.5239065866868557,0.5269437809372961,0.45429655960835574,0.5971347337698282,0.258,,
deepseek_r1_qwen7b,DeepSeek/Qwen-distill,hellaswag,777,cheap_confidence_option,hgb,1000,300,0.5686331605614117,0.5686912948677348,0.4987755955398158,0.6357063780060274,0.258,,
deepseek_r1_qwen7b,DeepSeek/Qwen-distill,hellaswag,777,hidden_summary_only,logreg,1000,300,0.5254790052996331,0.5238636369618046,0.4502378588458499,0.5896148179538703,0.258,,
deepseek_r1_qwen7b,DeepSeek/Qwen-distill,hellaswag,777,hidden_summary_only,mlp,1000,300,0.5523848348960456,0.5509077118475773,0.4748424164581239,0.6232067950562897,0.258,,
deepseek_r1_qwen7b,DeepSeek/Qwen-distill,hellaswag,777,hidden_summary_only,extratrees,1000,300,0.4562925863374294,0.4549791308851752,0.387741365131579,0.5295603723737539,0.258,,
deepseek_r1_qwen7b,DeepSeek/Qwen-distill,hellaswag,777,hidden_summary_only,hgb,1000,300,0.45879680857259336,0.4600218102053781,0.38631618215831603,0.530246533062743,0.258,,
deepseek_r1_qwen7b,DeepSeek/Qwen-distill,hellaswag,777,cheap_plus_hidden_summary,logreg,1000,300,0.5418438064177975,0.5420866898145131,0.46632923454548375,0.6026671101010208,0.258,,
deepseek_r1_qwen7b,DeepSeek/Qwen-distill,hellaswag,777,cheap_plus_hidden_summary,mlp,1000,300,0.5270514239124104,0.5276226080727615,0.4460228544515029,0.6062361832533827,0.258,,
deepseek_r1_qwen7b,DeepSeek/Qwen-distill,hellaswag,777,cheap_plus_hidden_summary,extratrees,1000,300,0.4755692737755518,0.47604065731207756,0.40171864901506277,0.5422701384193525,0.258,,
deepseek_r1_qwen7b,DeepSeek/Qwen-distill,hellaswag,777,cheap_plus_hidden_summary,hgb,1000,300,0.4748121833323627,0.47478919534130665,0.40217792080772957,0.5497859322390573,0.258,,
deepseek_r1_qwen7b,DeepSeek/Qwen-distill,hellaswag,777,pca_hidden_embeddings,logreg,1000,300,0.5134237959350066,0.5124952511016508,0.4222964376218324,0.581314117629335,0.258,64.0,0.7717478275299072
deepseek_r1_qwen7b,DeepSeek/Qwen-distill,hellaswag,777,pca_hidden_embeddings,mlp,1000,300,0.5181410517733387,0.5178636275807613,0.4472624875124875,0.5940023999809363,0.258,64.0,0.7717478275299072
deepseek_r1_qwen7b,DeepSeek/Qwen-distill,hellaswag,777,pca_hidden_embeddings,extratrees,1000,300,0.4959524780152583,0.49398276975104066,0.41442665139928303,0.5681936343880688,0.258,64.0,0.7717478275299072
deepseek_r1_qwen7b,DeepSeek/Qwen-distill,hellaswag,777,pca_hidden_embeddings,hgb,1000,300,0.5267019975540155,0.525577821325225,0.45247560449203883,0.5934418932206543,0.258,64.0,0.7717478275299072
deepseek_r1_qwen7b,DeepSeek/Qwen-distill,hellaswag,777,cheap_plus_pca_hidden,logreg,1000,300,0.5386989691922428,0.5383429979085225,0.46039751893939396,0.6086277564245889,0.258,64.0,0.7717478275299072
deepseek_r1_qwen7b,DeepSeek/Qwen-distill,hellaswag,777,cheap_plus_pca_hidden,mlp,1000,300,0.4834313668394386,0.4854737842272325,0.41445132709388793,0.5502121156922214,0.258,64.0,0.7717478275299072
deepseek_r1_qwen7b,DeepSeek/Qwen-distill,hellaswag,777,cheap_plus_pca_hidden,extratrees,1000,300,0.5098130568982587,0.5109123914642866,0.43341332699263563,0.5828032581654756,0.258,64.0,0.7717478275299072
deepseek_r1_qwen7b,DeepSeek/Qwen-distill,hellaswag,777,cheap_plus_pca_hidden,hgb,1000,300,0.5593151243375458,0.5580244848677103,0.4713193141139288,0.6263985366731752,0.258,64.0,0.7717478275299072
deepseek_r1_qwen7b,DeepSeek/Qwen-distill,hellaswag,2025,direct_pmax,none,1000,300,0.5220429794420827,0.5249595167850823,0.4397527256894956,0.6041265046296296,,,
deepseek_r1_qwen7b,DeepSeek/Qwen-distill,hellaswag,2025,cheap_confidence_option,logreg,1000,300,0.5543066798672179,0.5549180449409528,0.486590006359852,0.6250347118954276,0.258,,
deepseek_r1_qwen7b,DeepSeek/Qwen-distill,hellaswag,2025,cheap_confidence_option,mlp,1000,300,0.5565779511967852,0.5592993929213733,0.4951530147327084,0.6278218377316164,0.258,,
deepseek_r1_qwen7b,DeepSeek/Qwen-distill,hellaswag,2025,cheap_confidence_option,extratrees,1000,300,0.4866926795177916,0.48724827602725557,0.41654929645929417,0.5617342832672214,0.258,,
deepseek_r1_qwen7b,DeepSeek/Qwen-distill,hellaswag,2025,cheap_confidence_option,hgb,1000,300,0.5186651913109313,0.5225162809069965,0.45063835361731097,0.6057091328185251,0.258,,
deepseek_r1_qwen7b,DeepSeek/Qwen-distill,hellaswag,2025,hidden_summary_only,logreg,1000,300,0.5128996563974142,0.5117099770012163,0.42873625751428446,0.5813233612177992,0.258,,
deepseek_r1_qwen7b,DeepSeek/Qwen-distill,hellaswag,2025,hidden_summary_only,mlp,1000,300,0.3939199813639276,0.39313495606349574,0.3208126208671119,0.4673343972569636,0.258,,
deepseek_r1_qwen7b,DeepSeek/Qwen-distill,hellaswag,2025,hidden_summary_only,extratrees,1000,300,0.46799836934366085,0.46627538658011003,0.39244081916041224,0.5432914492239618,0.258,,
deepseek_r1_qwen7b,DeepSeek/Qwen-distill,hellaswag,2025,hidden_summary_only,hgb,1000,300,0.4516918059518956,0.44981908158356165,0.37742091016295026,0.523112915371162,0.258,,
deepseek_r1_qwen7b,DeepSeek/Qwen-distill,hellaswag,2025,cheap_plus_hidden_summary,logreg,1000,300,0.5646729951662687,0.5648961776296137,0.4882215402542166,0.6447828048468954,0.258,,
deepseek_r1_qwen7b,DeepSeek/Qwen-distill,hellaswag,2025,cheap_plus_hidden_summary,mlp,1000,300,0.46269873624133717,0.46337114800083024,0.3952512121212121,0.5309012908483705,0.258,,
deepseek_r1_qwen7b,DeepSeek/Qwen-distill,hellaswag,2025,cheap_plus_hidden_summary,extratrees,1000,300,0.49787432298643064,0.4972187978123399,0.4110819775132275,0.5658631591683926,0.258,,
deepseek_r1_qwen7b,DeepSeek/Qwen-distill,hellaswag,2025,cheap_plus_hidden_summary,hgb,1000,300,0.49274940306330434,0.490448961310614,0.4151583498023715,0.5713167814658978,0.258,,
deepseek_r1_qwen7b,DeepSeek/Qwen-distill,hellaswag,2025,pca_hidden_embeddings,logreg,1000,300,0.47463747015316526,0.47337365053210656,0.39667019904856415,0.5431685003709413,0.258,64.0,0.7696080803871155
deepseek_r1_qwen7b,DeepSeek/Qwen-distill,hellaswag,2025,pca_hidden_embeddings,mlp,1000,300,0.5133073204822083,0.512546459156754,0.43243143918107674,0.5801628661616162,0.258,64.0,0.7696080803871155
deepseek_r1_qwen7b,DeepSeek/Qwen-distill,hellaswag,2025,pca_hidden_embeddings,extratrees,1000,300,0.44976996098072336,0.4484789936869929,0.3746162670180061,0.5220228473592676,0.258,64.0,0.7696080803871155
deepseek_r1_qwen7b,DeepSeek/Qwen-distill,hellaswag,2025,pca_hidden_embeddings,hgb,1000,300,0.4766175528507367,0.4773970712695484,0.4071760023157469,0.5469678614811658,0.258,64.0,0.7696080803871155
deepseek_r1_qwen7b,DeepSeek/Qwen-distill,hellaswag,2025,cheap_plus_pca_hidden,logreg,1000,300,0.5014268242967794,0.5009808589975563,0.42713074176206206,0.5673819405049572,0.258,64.0,0.7696080803871155
deepseek_r1_qwen7b,DeepSeek/Qwen-distill,hellaswag,2025,cheap_plus_pca_hidden,mlp,1000,300,0.4875662454137791,0.48723874980298015,0.40963128658198356,0.5671812657696839,0.258,64.0,0.7696080803871155
deepseek_r1_qwen7b,DeepSeek/Qwen-distill,hellaswag,2025,cheap_plus_pca_hidden,extratrees,1000,300,0.46229107215654297,0.4618337049557624,0.38984385159686363,0.5305626828392701,0.258,64.0,0.7696080803871155
deepseek_r1_qwen7b,DeepSeek/Qwen-distill,hellaswag,2025,cheap_plus_pca_hidden,hgb,1000,300,0.5087065400966746,0.5088720152135647,0.4327914629527057,0.5775293752849977,0.258,64.0,0.7696080803871155
deepseek_r1_qwen7b,DeepSeek/Qwen-distill,mmlu_all,42,direct_pmax,none,1000,300,0.6216610004856727,0.6226071830513772,0.5471144960645473,0.694237306123155,,,
deepseek_r1_qwen7b,DeepSeek/Qwen-distill,mmlu_all,42,cheap_confidence_option,logreg,1000,300,0.5493497382764018,0.5492663806692469,0.48371617315084686,0.6226584389365496,0.291,,
deepseek_r1_qwen7b,DeepSeek/Qwen-distill,mmlu_all,42,cheap_confidence_option,mlp,1000,300,0.5891748961200151,0.5891849539010019,0.5196028990299824,0.6593874180633376,0.291,,
deepseek_r1_qwen7b,DeepSeek/Qwen-distill,mmlu_all,42,cheap_confidence_option,extratrees,1000,300,0.6087636932707355,0.6107633194580189,0.550335603091258,0.6784057801981714,0.291,,
deepseek_r1_qwen7b,DeepSeek/Qwen-distill,mmlu_all,42,cheap_confidence_option,hgb,1000,300,0.5681830446279207,0.5686617900608979,0.5000248442829557,0.6358606309495596,0.291,,
deepseek_r1_qwen7b,DeepSeek/Qwen-distill,mmlu_all,42,hidden_summary_only,logreg,1000,300,0.4934434191355027,0.4945698037956739,0.4197501322389421,0.5659868318698237,0.291,,
deepseek_r1_qwen7b,DeepSeek/Qwen-distill,mmlu_all,42,hidden_summary_only,mlp,1000,300,0.43575630025362905,0.4366328923586593,0.3611472497781151,0.5068256542785189,0.291,,
deepseek_r1_qwen7b,DeepSeek/Qwen-distill,mmlu_all,42,hidden_summary_only,extratrees,1000,300,0.5029949813825482,0.5030859791729101,0.4316167680938926,0.5669528363399261,0.291,,
deepseek_r1_qwen7b,DeepSeek/Qwen-distill,mmlu_all,42,hidden_summary_only,hgb,1000,300,0.5106578166315903,0.5077383612964669,0.4436160134399247,0.5776834599520786,0.291,,
deepseek_r1_qwen7b,DeepSeek/Qwen-distill,mmlu_all,42,cheap_plus_hidden_summary,logreg,1000,300,0.5478927203065134,0.5478270369094127,0.4833730651821452,0.6186841965917946,0.291,,
deepseek_r1_qwen7b,DeepSeek/Qwen-distill,mmlu_all,42,cheap_plus_hidden_summary,mlp,1000,300,0.5793535157303977,0.5799881530552026,0.5093462134231579,0.6495124577581762,0.291,,
deepseek_r1_qwen7b,DeepSeek/Qwen-distill,mmlu_all,42,cheap_plus_hidden_summary,extratrees,1000,300,0.5799471156440559,0.5799115881792727,0.5162305334180334,0.6463271858225056,0.291,,
deepseek_r1_qwen7b,DeepSeek/Qwen-distill,mmlu_all,42,cheap_plus_hidden_summary,hgb,1000,300,0.5394204306297555,0.5390267663583937,0.47042234518990467,0.6077357154602208,0.291,,
deepseek_r1_qwen7b,DeepSeek/Qwen-distill,mmlu_all,42,pca_hidden_embeddings,logreg,1000,300,0.4579353515730398,0.45762839737685607,0.3781862175454853,0.5334889058265582,0.291,64.0,0.8556346893310547
deepseek_r1_qwen7b,DeepSeek/Qwen-distill,mmlu_all,42,pca_hidden_embeddings,mlp,1000,300,0.5078517079488425,0.5054441708756635,0.42968639792552565,0.5816142988229398,0.291,64.0,0.8556346893310547
deepseek_r1_qwen7b,DeepSeek/Qwen-distill,mmlu_all,42,pca_hidden_embeddings,extratrees,1000,300,0.5018077815552318,0.5027195113661562,0.43468752729059323,0.5716949218553696,0.291,64.0,0.8556346893310547
deepseek_r1_qwen7b,DeepSeek/Qwen-distill,mmlu_all,42,pca_hidden_embeddings,hgb,1000,300,0.5462198478225676,0.5458913499894803,0.4732120175853279,0.6125095833142307,0.291,64.0,0.8556346893310547
deepseek_r1_qwen7b,DeepSeek/Qwen-distill,mmlu_all,42,cheap_plus_pca_hidden,logreg,1000,300,0.5054233446656953,0.5037914159715454,0.4260929492063545,0.5862747349248048,0.291,64.0,0.8556346893310547
deepseek_r1_qwen7b,DeepSeek/Qwen-distill,mmlu_all,42,cheap_plus_pca_hidden,mlp,1000,300,0.5498354109330311,0.5485895624893249,0.4752267697559354,0.6120388032194841,0.291,64.0,0.8556346893310547
deepseek_r1_qwen7b,DeepSeek/Qwen-distill,mmlu_all,42,cheap_plus_pca_hidden,extratrees,1000,300,0.5748745345637041,0.5754123900706896,0.5056550248713038,0.6496949154143455,0.291,64.0,0.8556346893310547
deepseek_r1_qwen7b,DeepSeek/Qwen-distill,mmlu_all,42,cheap_plus_pca_hidden,hgb,1000,300,0.5968377313690572,0.5975401473092886,0.5268051021863601,0.6650533855951742,0.291,64.0,0.8556346893310547
deepseek_r1_qwen7b,DeepSeek/Qwen-distill,mmlu_all,7,direct_pmax,none,1000,300,0.5990502401381469,0.5990765340619132,0.5231995735792822,0.6670558907833234,,,
deepseek_r1_qwen7b,DeepSeek/Qwen-distill,mmlu_all,7,cheap_confidence_option,logreg,1000,300,0.5747666073066752,0.5749475131451328,0.49760323505452714,0.6435926150735635,0.291,,
deepseek_r1_qwen7b,DeepSeek/Qwen-distill,mmlu_all,7,cheap_confidence_option,mlp,1000,300,0.6036911121903836,0.6039509578796498,0.5365544834034596,0.6835921901168676,0.291,,
deepseek_r1_qwen7b,DeepSeek/Qwen-distill,mmlu_all,7,cheap_confidence_option,extratrees,1000,300,0.6614321947007717,0.6615580515649033,0.597111297331332,0.7269706625327295,0.291,,
deepseek_r1_qwen7b,DeepSeek/Qwen-distill,mmlu_all,7,cheap_confidence_option,hgb,1000,300,0.6198262371161837,0.6197648283355356,0.5437815417408667,0.6867662063326505,0.291,,
deepseek_r1_qwen7b,DeepSeek/Qwen-distill,mmlu_all,7,hidden_summary_only,logreg,1000,300,0.5123846527440505,0.5174420466832477,0.4456702389546286,0.586632248947179,0.291,,
deepseek_r1_qwen7b,DeepSeek/Qwen-distill,mmlu_all,7,hidden_summary_only,mlp,1000,300,0.49036749231018295,0.4919225280913404,0.41231467388240606,0.5589275880758807,0.291,,
deepseek_r1_qwen7b,DeepSeek/Qwen-distill,mmlu_all,7,hidden_summary_only,extratrees,1000,300,0.5902541686903028,0.5958113466989449,0.5171663449209737,0.6589023830449574,0.291,,
deepseek_r1_qwen7b,DeepSeek/Qwen-distill,mmlu_all,7,hidden_summary_only,hgb,1000,300,0.5291673412120231,0.5327301543953954,0.46842056469094506,0.598671243702309,0.291,,
deepseek_r1_qwen7b,DeepSeek/Qwen-distill,mmlu_all,7,cheap_plus_hidden_summary,logreg,1000,300,0.5633802816901409,0.5654643103319208,0.48480332340238075,0.6335458656330749,0.291,,
deepseek_r1_qwen7b,DeepSeek/Qwen-distill,mmlu_all,7,cheap_plus_hidden_summary,mlp,1000,300,0.49646538233230797,0.4941838918141269,0.4216011853693112,0.5709242254330935,0.291,,
deepseek_r1_qwen7b,DeepSeek/Qwen-distill,mmlu_all,7,cheap_plus_hidden_summary,extratrees,1000,300,0.6179375101181803,0.6184287694456049,0.5453462114144405,0.687164812441952,0.291,,
deepseek_r1_qwen7b,DeepSeek/Qwen-distill,mmlu_all,7,cheap_plus_hidden_summary,hgb,1000,300,0.6055258755598727,0.6076254132725448,0.5442006013655665,0.6733030561531458,0.291,,
deepseek_r1_qwen7b,DeepSeek/Qwen-distill,mmlu_all,7,pca_hidden_embeddings,logreg,1000,300,0.5092547622902164,0.5072366947673683,0.4420644907089156,0.5847825727096155,0.291,64.0,0.8524825572967529
deepseek_r1_qwen7b,DeepSeek/Qwen-distill,mmlu_all,7,pca_hidden_embeddings,mlp,1000,300,0.49619556418973615,0.49437282173747443,0.4100204280851327,0.5603151038428056,0.291,64.0,0.8524825572967529
deepseek_r1_qwen7b,DeepSeek/Qwen-distill,mmlu_all,7,pca_hidden_embeddings,extratrees,1000,300,0.5640278452323133,0.564450245768411,0.4880776460058179,0.6325295424517694,0.291,64.0,0.8524825572967529
deepseek_r1_qwen7b,DeepSeek/Qwen-distill,mmlu_all,7,pca_hidden_embeddings,hgb,1000,300,0.6183692191462953,0.6184720992248262,0.5494372801446159,0.6865153598484848,0.291,64.0,0.8524825572967529
deepseek_r1_qwen7b,DeepSeek/Qwen-distill,mmlu_all,7,cheap_plus_pca_hidden,logreg,1000,300,0.5561491554692137,0.5530929556008504,0.47130093072688184,0.6224830511313157,0.291,64.0,0.8524825572967529
deepseek_r1_qwen7b,DeepSeek/Qwen-distill,mmlu_all,7,cheap_plus_pca_hidden,mlp,1000,300,0.4695914953321461,0.46647510626947364,0.39487179487179486,0.5331935878975584,0.291,64.0,0.8524825572967529
deepseek_r1_qwen7b,DeepSeek/Qwen-distill,mmlu_all,7,cheap_plus_pca_hidden,extratrees,1000,300,0.6493443419135503,0.6507230721893895,0.5791064271967141,0.719111414103936,0.291,64.0,0.8524825572967529
deepseek_r1_qwen7b,DeepSeek/Qwen-distill,mmlu_all,7,cheap_plus_pca_hidden,hgb,1000,300,0.666019103124494,0.6654223727416716,0.5976098792718709,0.7347635522045602,0.291,64.0,0.8524825572967529
deepseek_r1_qwen7b,DeepSeek/Qwen-distill,mmlu_all,123,direct_pmax,none,1000,300,0.6322378716744913,0.6308874462997378,0.5633349890514063,0.6902630826128859,,,
deepseek_r1_qwen7b,DeepSeek/Qwen-distill,mmlu_all,123,cheap_confidence_option,logreg,1000,300,0.6413577248934219,0.6402100711792555,0.5765969191502829,0.6983051142165378,0.291,,
deepseek_r1_qwen7b,DeepSeek/Qwen-distill,mmlu_all,123,cheap_confidence_option,mlp,1000,300,0.6366628892126707,0.6347024124037882,0.5677760029669134,0.696272681665204,0.291,,
deepseek_r1_qwen7b,DeepSeek/Qwen-distill,mmlu_all,123,cheap_confidence_option,extratrees,1000,300,0.6180454373752091,0.6156414587113449,0.5417188207802079,0.6804453765029941,0.291,,
deepseek_r1_qwen7b,DeepSeek/Qwen-distill,mmlu_all,123,cheap_confidence_option,hgb,1000,300,0.5900922778047596,0.5873762923617272,0.5261126066785039,0.6635118007256876,0.291,,
deepseek_r1_qwen7b,DeepSeek/Qwen-distill,mmlu_all,123,hidden_summary_only,logreg,1000,300,0.5253898872160163,0.522735721778656,0.45037825888697236,0.60402001286788,0.291,,
deepseek_r1_qwen7b,DeepSeek/Qwen-distill,mmlu_all,123,hidden_summary_only,mlp,1000,300,0.539636285143813,0.5409431835378989,0.47391638591446794,0.6079418502299959,0.291,,
deepseek_r1_qwen7b,DeepSeek/Qwen-distill,mmlu_all,123,hidden_summary_only,extratrees,1000,300,0.5325670498084292,0.5330123123301062,0.467791774471628,0.6066129500536414,0.291,,
deepseek_r1_qwen7b,DeepSeek/Qwen-distill,mmlu_all,123,hidden_summary_only,hgb,1000,300,0.5781663159030813,0.5778960168752099,0.5101614944677627,0.6527214310232727,0.291,,
deepseek_r1_qwen7b,DeepSeek/Qwen-distill,mmlu_all,123,cheap_plus_hidden_summary,logreg,1000,300,0.5974313312827155,0.5956932149355132,0.5235983037356613,0.6614816973397685,0.291,,
deepseek_r1_qwen7b,DeepSeek/Qwen-distill,mmlu_all,123,cheap_plus_hidden_summary,mlp,1000,300,0.6039609303329556,0.6018021839032061,0.5328218267581475,0.6679373927958833,0.291,,
deepseek_r1_qwen7b,DeepSeek/Qwen-distill,mmlu_all,123,cheap_plus_hidden_summary,extratrees,1000,300,0.6383357616966165,0.6369350148281359,0.5742947889218616,0.7049087411689282,0.291,,
deepseek_r1_qwen7b,DeepSeek/Qwen-distill,mmlu_all,123,cheap_plus_hidden_summary,hgb,1000,300,0.6752468836004533,0.6727064195045723,0.6061176564763452,0.7384483098608658,0.291,,
deepseek_r1_qwen7b,DeepSeek/Qwen-distill,mmlu_all,123,pca_hidden_embeddings,logreg,1000,300,0.48448545680211536,0.4883197364697924,0.4177113188954636,0.5658879549283136,0.291,64.0,0.8491355180740356
deepseek_r1_qwen7b,DeepSeek/Qwen-distill,mmlu_all,123,pca_hidden_embeddings,mlp,1000,300,0.4902056014246398,0.4921872200093935,0.4256556380524541,0.5697275977120031,0.291,64.0,0.8491355180740356
deepseek_r1_qwen7b,DeepSeek/Qwen-distill,mmlu_all,123,pca_hidden_embeddings,extratrees,1000,300,0.48470131131617294,0.48614773447246495,0.4228627600098987,0.5591113288481708,0.291,64.0,0.8491355180740356
deepseek_r1_qwen7b,DeepSeek/Qwen-distill,mmlu_all,123,pca_hidden_embeddings,hgb,1000,300,0.4956559279045923,0.4986636429124561,0.42996610056387846,0.5702420957649831,0.291,64.0,0.8491355180740356
deepseek_r1_qwen7b,DeepSeek/Qwen-distill,mmlu_all,123,cheap_plus_pca_hidden,logreg,1000,300,0.5506988289892611,0.550585977105686,0.47534280979890425,0.6350690968231117,0.291,64.0,0.8491355180740356
deepseek_r1_qwen7b,DeepSeek/Qwen-distill,mmlu_all,123,cheap_plus_pca_hidden,mlp,1000,300,0.5500512654470886,0.5468120626034776,0.4791986336032389,0.6167227317840116,0.291,64.0,0.8491355180740356
deepseek_r1_qwen7b,DeepSeek/Qwen-distill,mmlu_all,123,cheap_plus_pca_hidden,extratrees,1000,300,0.5837245696400626,0.5837174993897686,0.5116308315155487,0.6558769194499168,0.291,64.0,0.8491355180740356
deepseek_r1_qwen7b,DeepSeek/Qwen-distill,mmlu_all,123,cheap_plus_pca_hidden,hgb,1000,300,0.5716367168528412,0.5723182315102368,0.5014472582760812,0.6386561977424748,0.291,64.0,0.8491355180740356
deepseek_r1_qwen7b,DeepSeek/Qwen-distill,mmlu_all,777,direct_pmax,none,1000,300,0.7078409152231396,0.7063919389067821,0.6524724099622198,0.7671964493996569,,,
deepseek_r1_qwen7b,DeepSeek/Qwen-distill,mmlu_all,777,cheap_confidence_option,logreg,1000,300,0.5282499595272785,0.5296707135306076,0.46241241928342963,0.6042238421955403,0.291,,
deepseek_r1_qwen7b,DeepSeek/Qwen-distill,mmlu_all,777,cheap_confidence_option,mlp,1000,300,0.5274944687280773,0.5255826059707067,0.4505087082213041,0.5893748953330451,0.291,,
deepseek_r1_qwen7b,DeepSeek/Qwen-distill,mmlu_all,777,cheap_confidence_option,extratrees,1000,300,0.5879876962926986,0.5888854660417864,0.5129263731595549,0.6601570946565363,0.291,,
deepseek_r1_qwen7b,DeepSeek/Qwen-distill,mmlu_all,777,cheap_confidence_option,hgb,1000,300,0.569909880740381,0.5720735421148145,0.4971643111601755,0.6433336628733535,0.291,,
deepseek_r1_qwen7b,DeepSeek/Qwen-distill,mmlu_all,777,hidden_summary_only,logreg,1000,300,0.43375964599859695,0.432082301098117,0.3576893958153378,0.5044363885088918,0.291,,
deepseek_r1_qwen7b,DeepSeek/Qwen-distill,mmlu_all,777,hidden_summary_only,mlp,1000,300,0.5021315633263181,0.5028302728290511,0.4294601241628059,0.5785536432226399,0.291,,
deepseek_r1_qwen7b,DeepSeek/Qwen-distill,mmlu_all,777,hidden_summary_only,extratrees,1000,300,0.46419513248070804,0.46184790234585854,0.3907896974482672,0.5387907978105079,0.291,,
deepseek_r1_qwen7b,DeepSeek/Qwen-distill,mmlu_all,777,hidden_summary_only,hgb,1000,300,0.42593491986401166,0.4246559356795418,0.353726891485767,0.49608283769688893,0.291,,
deepseek_r1_qwen7b,DeepSeek/Qwen-distill,mmlu_all,777,cheap_plus_hidden_summary,logreg,1000,300,0.4576115698019535,0.45849328922249166,0.388199624619643,0.5336032388663967,0.291,,
deepseek_r1_qwen7b,DeepSeek/Qwen-distill,mmlu_all,777,cheap_plus_hidden_summary,mlp,1000,300,0.47682262155307326,0.47512350366638034,0.40461885841956136,0.5439621134574659,0.291,,
deepseek_r1_qwen7b,DeepSeek/Qwen-distill,mmlu_all,777,cheap_plus_hidden_summary,extratrees,1000,300,0.5895526415196157,0.5877469157763172,0.5146302344221549,0.6596015411937531,0.291,,
deepseek_r1_qwen7b,DeepSeek/Qwen-distill,mmlu_all,777,cheap_plus_hidden_summary,hgb,1000,300,0.5115751983163348,0.5106501735141916,0.4429290952635533,0.5809137386678551,0.291,,
deepseek_r1_qwen7b,DeepSeek/Qwen-distill,mmlu_all,777,pca_hidden_embeddings,logreg,1000,300,0.4199989207274298,0.4217099808913628,0.34466722297158275,0.49807545706009315,0.291,64.0,0.8543839454650879
deepseek_r1_qwen7b,DeepSeek/Qwen-distill,mmlu_all,777,pca_hidden_embeddings,mlp,1000,300,0.5043440720954077,0.505049915748846,0.43026306621793153,0.571701093583363,0.291,64.0,0.8543839454650879
deepseek_r1_qwen7b,DeepSeek/Qwen-distill,mmlu_all,777,pca_hidden_embeddings,extratrees,1000,300,0.44784415304085046,0.45053699253038265,0.3796729135113362,0.5231137632473783,0.291,64.0,0.8543839454650879
deepseek_r1_qwen7b,DeepSeek/Qwen-distill,mmlu_all,777,pca_hidden_embeddings,hgb,1000,300,0.4620905509686471,0.4633246071978806,0.3949696354118107,0.5328991488437204,0.291,64.0,0.8543839454650879
deepseek_r1_qwen7b,DeepSeek/Qwen-distill,mmlu_all,777,cheap_plus_pca_hidden,logreg,1000,300,0.44811397118342233,0.4512209594041919,0.37969907437002187,0.5327889113444871,0.291,64.0,0.8543839454650879
deepseek_r1_qwen7b,DeepSeek/Qwen-distill,mmlu_all,777,cheap_plus_pca_hidden,mlp,1000,300,0.4967891641033943,0.4964235568244891,0.4183434234385881,0.5825488546091631,0.291,64.0,0.8543839454650879
deepseek_r1_qwen7b,DeepSeek/Qwen-distill,mmlu_all,777,cheap_plus_pca_hidden,extratrees,1000,300,0.5341319950353461,0.5364889052856271,0.4619774854803071,0.6074771241830065,0.291,64.0,0.8543839454650879
deepseek_r1_qwen7b,DeepSeek/Qwen-distill,mmlu_all,777,cheap_plus_pca_hidden,hgb,1000,300,0.519669742593492,0.5219079582324168,0.44881386598448286,0.5915235834809977,0.291,64.0,0.8543839454650879
deepseek_r1_qwen7b,DeepSeek/Qwen-distill,mmlu_all,2025,direct_pmax,none,1000,300,0.5921428956883061,0.5890221962225054,0.513861415963922,0.6583398376174232,,,
deepseek_r1_qwen7b,DeepSeek/Qwen-distill,mmlu_all,2025,cheap_confidence_option,logreg,1000,300,0.5614375910636231,0.5585660559021782,0.48706220847146076,0.6301158165505991,0.291,,
deepseek_r1_qwen7b,DeepSeek/Qwen-distill,mmlu_all,2025,cheap_confidence_option,mlp,1000,300,0.558307700609789,0.555199092781659,0.4813562673222789,0.6263594433558545,0.291,,
deepseek_r1_qwen7b,DeepSeek/Qwen-distill,mmlu_all,2025,cheap_confidence_option,extratrees,1000,300,0.5773028978468512,0.5738352718332654,0.49520724198970756,0.6411022708344899,0.291,,
deepseek_r1_qwen7b,DeepSeek/Qwen-distill,mmlu_all,2025,cheap_confidence_option,hgb,1000,300,0.5634342453186553,0.5631853447181515,0.4900133914321107,0.6295778909402813,0.291,,
deepseek_r1_qwen7b,DeepSeek/Qwen-distill,mmlu_all,2025,hidden_summary_only,logreg,1000,300,0.5109815984026765,0.510880707642457,0.43955120275704906,0.5856474642796377,0.291,,
deepseek_r1_qwen7b,DeepSeek/Qwen-distill,mmlu_all,2025,hidden_summary_only,mlp,1000,300,0.49382116453510333,0.4912459882508429,0.417274533048376,0.5619010748420901,0.291,,
deepseek_r1_qwen7b,DeepSeek/Qwen-distill,mmlu_all,2025,hidden_summary_only,extratrees,1000,300,0.548108574820571,0.5481168291957225,0.4764622288413226,0.6171962702181892,0.291,,
deepseek_r1_qwen7b,DeepSeek/Qwen-distill,mmlu_all,2025,hidden_summary_only,hgb,1000,300,0.5533430467864658,0.5556046593370795,0.4819216722356539,0.6341210733710734,0.291,,
deepseek_r1_qwen7b,DeepSeek/Qwen-distill,mmlu_all,2025,cheap_plus_hidden_summary,logreg,1000,300,0.5407695213426151,0.538216764529392,0.4574756549067769,0.6094825905801515,0.291,,
deepseek_r1_qwen7b,DeepSeek/Qwen-distill,mmlu_all,2025,cheap_plus_hidden_summary,mlp,1000,300,0.5669958448006043,0.5635556178933921,0.48545422732928284,0.6375279274531064,0.291,,
deepseek_r1_qwen7b,DeepSeek/Qwen-distill,mmlu_all,2025,cheap_plus_hidden_summary,extratrees,1000,300,0.5730937348227295,0.5705150746827689,0.4975563800093072,0.6328855355171145,0.291,,
deepseek_r1_qwen7b,DeepSeek/Qwen-distill,mmlu_all,2025,cheap_plus_hidden_summary,hgb,1000,300,0.6080082024715343,0.6085072258609786,0.5388488318417809,0.682198533387393,0.291,,
deepseek_r1_qwen7b,DeepSeek/Qwen-distill,mmlu_all,2025,pca_hidden_embeddings,logreg,1000,300,0.5236090874750418,0.5245344924848245,0.4532761508970227,0.5955915701167714,0.291,64.0,0.8509899973869324
deepseek_r1_qwen7b,DeepSeek/Qwen-distill,mmlu_all,2025,pca_hidden_embeddings,mlp,1000,300,0.4842156386595435,0.4829865454048359,0.4174587029717465,0.5514210403064266,0.291,64.0,0.8509899973869324
deepseek_r1_qwen7b,DeepSeek/Qwen-distill,mmlu_all,2025,pca_hidden_embeddings,extratrees,1000,300,0.5179429064810318,0.5199532976645707,0.4458814588684351,0.5977172492381965,0.291,64.0,0.8509899973869324
deepseek_r1_qwen7b,DeepSeek/Qwen-distill,mmlu_all,2025,pca_hidden_embeddings,hgb,1000,300,0.5042901084668934,0.5050696881520416,0.43550340150808126,0.5879187883124921,0.291,64.0,0.8509899973869324
deepseek_r1_qwen7b,DeepSeek/Qwen-distill,mmlu_all,2025,cheap_plus_pca_hidden,logreg,1000,300,0.5430899573687334,0.5434884031372058,0.47305756953944367,0.6172078407800707,0.291,64.0,0.8509899973869324
deepseek_r1_qwen7b,DeepSeek/Qwen-distill,mmlu_all,2025,cheap_plus_pca_hidden,mlp,1000,300,0.5485402838486859,0.5464783704131538,0.4666098835832078,0.6198116097938394,0.291,64.0,0.8509899973869324
deepseek_r1_qwen7b,DeepSeek/Qwen-distill,mmlu_all,2025,cheap_plus_pca_hidden,extratrees,1000,300,0.5860989692946953,0.583827502982124,0.5065470576576296,0.6491049012547105,0.291,64.0,0.8509899973869324
deepseek_r1_qwen7b,DeepSeek/Qwen-distill,mmlu_all,2025,cheap_plus_pca_hidden,hgb,1000,300,0.5706653715395822,0.5703404644817427,0.5000987042682926,0.6454374272526312,0.291,64.0,0.8509899973869324
falcon3_7b_instruct,Falcon,arc_challenge,42,direct_pmax,none,299,90,0.8097777777777777,0.8075650672842124,0.6603055123888458,0.930134218648473,,,
falcon3_7b_instruct,Falcon,arc_challenge,42,cheap_confidence_option,logreg,299,90,0.7751111111111111,0.7729231976682625,0.6340932044050497,0.89625,0.8361204013377926,,
falcon3_7b_instruct,Falcon,arc_challenge,42,cheap_confidence_option,mlp,299,90,0.38488888888888895,0.38398881133550633,0.2338277972027972,0.5290458413678351,0.8361204013377926,,
falcon3_7b_instruct,Falcon,arc_challenge,42,cheap_confidence_option,extratrees,299,90,0.7875555555555556,0.7829773218347256,0.634363991271886,0.9178633866133865,0.8361204013377926,,
falcon3_7b_instruct,Falcon,arc_challenge,42,cheap_confidence_option,hgb,299,90,0.8115555555555556,0.8104082952510642,0.6693319347319348,0.9291292162127605,0.8361204013377926,,
falcon3_7b_instruct,Falcon,arc_challenge,42,hidden_summary_only,logreg,299,90,0.6524444444444444,0.6537083779952682,0.4818431568431569,0.826207020827274,0.8361204013377926,,
falcon3_7b_instruct,Falcon,arc_challenge,42,hidden_summary_only,mlp,299,90,0.48533333333333334,0.4852970948637134,0.2724145299145299,0.6755914867025977,0.8361204013377926,,
falcon3_7b_instruct,Falcon,arc_challenge,42,hidden_summary_only,extratrees,299,90,0.632888888888889,0.6284359928335027,0.4719689849624061,0.7940205364255996,0.8361204013377926,,
falcon3_7b_instruct,Falcon,arc_challenge,42,hidden_summary_only,hgb,299,90,0.5848888888888888,0.5848502451451446,0.41193812539086927,0.77807504995005,0.8361204013377926,,
falcon3_7b_instruct,Falcon,arc_challenge,42,cheap_plus_hidden_summary,logreg,299,90,0.6933333333333334,0.6930734446813254,0.526425,0.8761900911588412,0.8361204013377926,,
falcon3_7b_instruct,Falcon,arc_challenge,42,cheap_plus_hidden_summary,mlp,299,90,0.6826666666666666,0.6838606399078524,0.5449203703703703,0.8218098765432098,0.8361204013377926,,
falcon3_7b_instruct,Falcon,arc_challenge,42,cheap_plus_hidden_summary,extratrees,299,90,0.7671111111111111,0.7633975566603868,0.5923076923076923,0.9154329594017093,0.8361204013377926,,
falcon3_7b_instruct,Falcon,arc_challenge,42,cheap_plus_hidden_summary,hgb,299,90,0.7306666666666667,0.7270429014990091,0.5426657342657343,0.8966033653846154,0.8361204013377926,,
falcon3_7b_instruct,Falcon,arc_challenge,42,pca_hidden_embeddings,logreg,299,90,0.6782222222222223,0.6701053135677529,0.4867481203007519,0.8482878628052678,0.8361204013377926,64.0,0.7633883357048035
falcon3_7b_instruct,Falcon,arc_challenge,42,pca_hidden_embeddings,mlp,299,90,0.4124444444444445,0.4099328834876912,0.22733536722856343,0.5742541666666665,0.8361204013377926,64.0,0.7633883357048035
falcon3_7b_instruct,Falcon,arc_challenge,42,pca_hidden_embeddings,extratrees,299,90,0.6595555555555556,0.6507987803710021,0.4875944200779727,0.8067212301587302,0.8361204013377926,64.0,0.7633883357048035
falcon3_7b_instruct,Falcon,arc_challenge,42,pca_hidden_embeddings,hgb,299,90,0.616,0.6124009492873597,0.41411806543385493,0.8085420908205718,0.8361204013377926,64.0,0.7633883357048035
falcon3_7b_instruct,Falcon,arc_challenge,42,cheap_plus_pca_hidden,logreg,299,90,0.7102222222222222,0.701540072831019,0.5216607142857144,0.8797241167611538,0.8361204013377926,64.0,0.7633883357048035
falcon3_7b_instruct,Falcon,arc_challenge,42,cheap_plus_pca_hidden,mlp,299,90,0.5724444444444444,0.5672490256298581,0.39461484053497947,0.7382444444444445,0.8361204013377926,64.0,0.7633883357048035
falcon3_7b_instruct,Falcon,arc_challenge,42,cheap_plus_pca_hidden,extratrees,299,90,0.7857777777777778,0.7815867600310775,0.609441361003861,0.9145032051282052,0.8361204013377926,64.0,0.7633883357048035
falcon3_7b_instruct,Falcon,arc_challenge,42,cheap_plus_pca_hidden,hgb,299,90,0.719111111111111,0.7150159281084463,0.5209514201701702,0.8983404720279721,0.8361204013377926,64.0,0.7633883357048035
falcon3_7b_instruct,Falcon,arc_challenge,7,direct_pmax,none,299,90,0.8471111111111111,0.8433314797811358,0.6960934330261404,0.9482422910422909,,,
falcon3_7b_instruct,Falcon,arc_challenge,7,cheap_confidence_option,logreg,299,90,0.8248888888888889,0.8203119241181048,0.6806238683127572,0.9300218732071142,0.8361204013377926,,
falcon3_7b_instruct,Falcon,arc_challenge,7,cheap_confidence_option,mlp,299,90,0.7884444444444445,0.7834654798210469,0.608369212962963,0.9044296763869132,0.8361204013377926,,
falcon3_7b_instruct,Falcon,arc_challenge,7,cheap_confidence_option,extratrees,299,90,0.8453333333333333,0.8419797904387217,0.6922443708302446,0.9398496240601505,0.8361204013377926,,
falcon3_7b_instruct,Falcon,arc_challenge,7,cheap_confidence_option,hgb,299,90,0.808,0.8057023299282459,0.7034,0.8922262512310859,0.8361204013377926,,
falcon3_7b_instruct,Falcon,arc_challenge,7,hidden_summary_only,logreg,299,90,0.7004444444444444,0.6964385149889519,0.5164335664335664,0.8367265363246954,0.8361204013377926,,
falcon3_7b_instruct,Falcon,arc_challenge,7,hidden_summary_only,mlp,299,90,0.4204444444444444,0.4301470404400039,0.28872430555555556,0.5653265107212475,0.8361204013377926,,
falcon3_7b_instruct,Falcon,arc_challenge,7,hidden_summary_only,extratrees,299,90,0.7360000000000001,0.7309010452503453,0.584666697947948,0.8536208301833301,0.8361204013377926,,
falcon3_7b_instruct,Falcon,arc_challenge,7,hidden_summary_only,hgb,299,90,0.6862222222222222,0.6855058591133244,0.5346594783137893,0.8230948697287133,0.8361204013377926,,
falcon3_7b_instruct,Falcon,arc_challenge,7,cheap_plus_hidden_summary,logreg,299,90,0.8142222222222222,0.8110539313201777,0.6609439814814815,0.9174017857142858,0.8361204013377926,,
falcon3_7b_instruct,Falcon,arc_challenge,7,cheap_plus_hidden_summary,mlp,299,90,0.8017777777777778,0.7965291843961573,0.618125,0.9359213535673188,0.8361204013377926,,
falcon3_7b_instruct,Falcon,arc_challenge,7,cheap_plus_hidden_summary,extratrees,299,90,0.8097777777777778,0.8061155014899934,0.6504665590504198,0.9176233974358975,0.8361204013377926,,
falcon3_7b_instruct,Falcon,arc_challenge,7,cheap_plus_hidden_summary,hgb,299,90,0.7413333333333334,0.7386772597252113,0.6107980722880052,0.8459145021645021,0.8361204013377926,,
falcon3_7b_instruct,Falcon,arc_challenge,7,pca_hidden_embeddings,logreg,299,90,0.8142222222222222,0.815990046884223,0.6665357142857142,0.9306488466474402,0.8361204013377926,64.0,0.7621107697486877
falcon3_7b_instruct,Falcon,arc_challenge,7,pca_hidden_embeddings,mlp,299,90,0.40088888888888885,0.3966734670558672,0.2503558941058941,0.5515816462018992,0.8361204013377926,64.0,0.7621107697486877
falcon3_7b_instruct,Falcon,arc_challenge,7,pca_hidden_embeddings,extratrees,299,90,0.7466666666666667,0.7503404965610798,0.5845777027027027,0.8762992452447032,0.8361204013377926,64.0,0.7621107697486877
falcon3_7b_instruct,Falcon,arc_challenge,7,pca_hidden_embeddings,hgb,299,90,0.7075555555555555,0.7050170170088741,0.5523578265765766,0.8504481026220156,0.8361204013377926,64.0,0.7621107697486877
falcon3_7b_instruct,Falcon,arc_challenge,7,cheap_plus_pca_hidden,logreg,299,90,0.8577777777777779,0.8569045846522177,0.703638227523947,0.9503278716216216,0.8361204013377926,64.0,0.7621107697486877
falcon3_7b_instruct,Falcon,arc_challenge,7,cheap_plus_pca_hidden,mlp,299,90,0.7528888888888888,0.7558092210654385,0.6576634460422736,0.845937176240359,0.8361204013377926,64.0,0.7621107697486877
falcon3_7b_instruct,Falcon,arc_challenge,7,cheap_plus_pca_hidden,extratrees,299,90,0.8239999999999998,0.8203707890643874,0.6566790700139301,0.9311752228163992,0.8361204013377926,64.0,0.7621107697486877
falcon3_7b_instruct,Falcon,arc_challenge,7,cheap_plus_pca_hidden,hgb,299,90,0.7928888888888889,0.7942553338648974,0.6574476204175571,0.8929880791722897,0.8361204013377926,64.0,0.7621107697486877
falcon3_7b_instruct,Falcon,arc_challenge,123,direct_pmax,none,299,90,0.8266666666666667,0.8215937657997625,0.6850101118393801,0.9305032619819205,,,
falcon3_7b_instruct,Falcon,arc_challenge,123,cheap_confidence_option,logreg,299,90,0.8622222222222222,0.8573393217661605,0.7268426439838334,0.9458195791550222,0.8361204013377926,,
falcon3_7b_instruct,Falcon,arc_challenge,123,cheap_confidence_option,mlp,299,90,0.6302222222222222,0.6186586916054437,0.4492031302031302,0.7921797619047618,0.8361204013377926,,
falcon3_7b_instruct,Falcon,arc_challenge,123,cheap_confidence_option,extratrees,299,90,0.840888888888889,0.8308771830935615,0.6647875938438438,0.9378207390359289,0.8361204013377926,,
falcon3_7b_instruct,Falcon,arc_challenge,123,cheap_confidence_option,hgb,299,90,0.8817777777777778,0.876467260358087,0.7711532738095238,0.9598897937505532,0.8361204013377926,,
falcon3_7b_instruct,Falcon,arc_challenge,123,hidden_summary_only,logreg,299,90,0.7946666666666666,0.7911602476020384,0.6406096153846154,0.9099847222222223,0.8361204013377926,,
falcon3_7b_instruct,Falcon,arc_challenge,123,hidden_summary_only,mlp,299,90,0.5431111111111111,0.5415428381820039,0.3494283088235294,0.7165985668462277,0.8361204013377926,,
falcon3_7b_instruct,Falcon,arc_challenge,123,hidden_summary_only,extratrees,299,90,0.8071111111111111,0.7991709399883884,0.6329761219792865,0.9115298134576949,0.8361204013377926,,
falcon3_7b_instruct,Falcon,arc_challenge,123,hidden_summary_only,hgb,299,90,0.7973333333333333,0.7971626378359534,0.6526183512338576,0.9101515151515152,0.8361204013377926,,
falcon3_7b_instruct,Falcon,arc_challenge,123,cheap_plus_hidden_summary,logreg,299,90,0.8160000000000001,0.8122121309803196,0.662691620088772,0.9282551955087166,0.8361204013377926,,
falcon3_7b_instruct,Falcon,arc_challenge,123,cheap_plus_hidden_summary,mlp,299,90,0.4337777777777778,0.43839708865950816,0.2722449074074074,0.5959290709290709,0.8361204013377926,,
falcon3_7b_instruct,Falcon,arc_challenge,123,cheap_plus_hidden_summary,extratrees,299,90,0.8453333333333334,0.8372828827481591,0.6783972222222222,0.9463942379879878,0.8361204013377926,,
falcon3_7b_instruct,Falcon,arc_challenge,123,cheap_plus_hidden_summary,hgb,299,90,0.8453333333333333,0.8392784882398164,0.6904792540792541,0.9482854460093897,0.8361204013377926,,
falcon3_7b_instruct,Falcon,arc_challenge,123,pca_hidden_embeddings,logreg,299,90,0.760888888888889,0.7561984124743872,0.5571758241758241,0.9000686813186813,0.8361204013377926,64.0,0.7618995308876038
falcon3_7b_instruct,Falcon,arc_challenge,123,pca_hidden_embeddings,mlp,299,90,0.5608888888888889,0.5768230371770476,0.4001756675657139,0.7359683601871102,0.8361204013377926,64.0,0.7618995308876038
falcon3_7b_instruct,Falcon,arc_challenge,123,pca_hidden_embeddings,extratrees,299,90,0.7804444444444444,0.7720050123477472,0.5782796317606445,0.9336707796132151,0.8361204013377926,64.0,0.7618995308876038
falcon3_7b_instruct,Falcon,arc_challenge,123,pca_hidden_embeddings,hgb,299,90,0.7724444444444445,0.7634132698217961,0.5829321696696697,0.9081071428571428,0.8361204013377926,64.0,0.7618995308876038
falcon3_7b_instruct,Falcon,arc_challenge,123,cheap_plus_pca_hidden,logreg,299,90,0.8,0.7964999804296746,0.6275763769363166,0.923907832278481,0.8361204013377926,64.0,0.7618995308876038
falcon3_7b_instruct,Falcon,arc_challenge,123,cheap_plus_pca_hidden,mlp,299,90,0.8151111111111111,0.8092664708852665,0.6721211770157554,0.9116633366633365,0.8361204013377926,64.0,0.7618995308876038
falcon3_7b_instruct,Falcon,arc_challenge,123,cheap_plus_pca_hidden,extratrees,299,90,0.856,0.8492242576596641,0.6879591297591298,0.9622719108171295,0.8361204013377926,64.0,0.7618995308876038
falcon3_7b_instruct,Falcon,arc_challenge,123,cheap_plus_pca_hidden,hgb,299,90,0.816,0.8089362064015251,0.6319781746031746,0.9319544581618655,0.8361204013377926,64.0,0.7618995308876038
falcon3_7b_instruct,Falcon,arc_challenge,777,direct_pmax,none,299,90,0.8177777777777777,0.822622718886707,0.6815925925925925,0.9264583758617603,,,
falcon3_7b_instruct,Falcon,arc_challenge,777,cheap_confidence_option,logreg,299,90,0.8079999999999999,0.8116880760387503,0.6701333333333334,0.9239233951114691,0.8361204013377926,,
falcon3_7b_instruct,Falcon,arc_challenge,777,cheap_confidence_option,mlp,299,90,0.705777777777778,0.7119412049528366,0.5645964255339255,0.8410607142857142,0.8361204013377926,,
falcon3_7b_instruct,Falcon,arc_challenge,777,cheap_confidence_option,extratrees,299,90,0.7742222222222221,0.7805586107171464,0.6182642570281125,0.8996978243352135,0.8361204013377926,,
falcon3_7b_instruct,Falcon,arc_challenge,777,cheap_confidence_option,hgb,299,90,0.7253333333333334,0.7341288022872524,0.5380570047236714,0.8775677736848162,0.8361204013377926,,
falcon3_7b_instruct,Falcon,arc_challenge,777,hidden_summary_only,logreg,299,90,0.7128888888888889,0.7230251416585048,0.5368954480796586,0.8699147814982177,0.8361204013377926,,
falcon3_7b_instruct,Falcon,arc_challenge,777,hidden_summary_only,mlp,299,90,0.20355555555555557,0.20651709628629486,0.11682198339635047,0.30783587684069613,0.8361204013377926,,
falcon3_7b_instruct,Falcon,arc_challenge,777,hidden_summary_only,extratrees,299,90,0.7288888888888889,0.7369672855140397,0.5505076476793249,0.8824957264957264,0.8361204013377926,,
falcon3_7b_instruct,Falcon,arc_challenge,777,hidden_summary_only,hgb,299,90,0.7742222222222221,0.7802875267401698,0.6416726221413722,0.9010805284242783,0.8361204013377926,,
falcon3_7b_instruct,Falcon,arc_challenge,777,cheap_plus_hidden_summary,logreg,299,90,0.7964444444444445,0.7993342454147632,0.6530345077220078,0.9088520598307815,0.8361204013377926,,
falcon3_7b_instruct,Falcon,arc_challenge,777,cheap_plus_hidden_summary,mlp,299,90,0.7706666666666667,0.775319768483437,0.6152833333333334,0.9032431384405066,0.8361204013377926,,
falcon3_7b_instruct,Falcon,arc_challenge,777,cheap_plus_hidden_summary,extratrees,299,90,0.7928888888888889,0.7996567741626236,0.6502,0.9122254046703835,0.8361204013377926,,
falcon3_7b_instruct,Falcon,arc_challenge,777,cheap_plus_hidden_summary,hgb,299,90,0.7706666666666666,0.7767654999656969,0.6074675324675325,0.8915811750005445,0.8361204013377926,,
falcon3_7b_instruct,Falcon,arc_challenge,777,pca_hidden_embeddings,logreg,299,90,0.8506666666666667,0.8548751279711159,0.728917712709877,0.9570842876227756,0.8361204013377926,64.0,0.7660623788833618
falcon3_7b_instruct,Falcon,arc_challenge,777,pca_hidden_embeddings,mlp,299,90,0.6942222222222223,0.6879095882657855,0.5188374125874126,0.8264599143159269,0.8361204013377926,64.0,0.7660623788833618
falcon3_7b_instruct,Falcon,arc_challenge,777,pca_hidden_embeddings,extratrees,299,90,0.7893333333333333,0.7945809381711708,0.6502645833333334,0.920437103770437,0.8361204013377926,64.0,0.7660623788833618
falcon3_7b_instruct,Falcon,arc_challenge,777,pca_hidden_embeddings,hgb,299,90,0.6746666666666667,0.6818142720437815,0.46602925040425036,0.8516170311377048,0.8361204013377926,64.0,0.7660623788833618
falcon3_7b_instruct,Falcon,arc_challenge,777,cheap_plus_pca_hidden,logreg,299,90,0.8302222222222222,0.8333485875535163,0.6992470051034112,0.9382929372842347,0.8361204013377926,64.0,0.7660623788833618
falcon3_7b_instruct,Falcon,arc_challenge,777,cheap_plus_pca_hidden,mlp,299,90,0.592888888888889,0.5963295338975928,0.4099465934908973,0.7791801948051947,0.8361204013377926,64.0,0.7660623788833618
falcon3_7b_instruct,Falcon,arc_challenge,777,cheap_plus_pca_hidden,extratrees,299,90,0.8115555555555555,0.8176044107726206,0.668637586176023,0.9246307605682605,0.8361204013377926,64.0,0.7660623788833618
falcon3_7b_instruct,Falcon,arc_challenge,777,cheap_plus_pca_hidden,hgb,299,90,0.7493333333333334,0.7553025993663888,0.5944442845631402,0.8723835895117541,0.8361204013377926,64.0,0.7660623788833618
falcon3_7b_instruct,Falcon,arc_challenge,2025,direct_pmax,none,299,90,0.8915555555555555,0.8868378119919703,0.7961877934272301,0.9522217365967366,,,
falcon3_7b_instruct,Falcon,arc_challenge,2025,cheap_confidence_option,logreg,299,90,0.8488888888888889,0.8439984552248835,0.7402425810904073,0.9297638888888888,0.8361204013377926,,
falcon3_7b_instruct,Falcon,arc_challenge,2025,cheap_confidence_option,mlp,299,90,0.7591111111111112,0.7522238320133916,0.6167226495726496,0.8568839285714286,0.8361204013377926,,
falcon3_7b_instruct,Falcon,arc_challenge,2025,cheap_confidence_option,extratrees,299,90,0.8782222222222222,0.8741195458975842,0.7620304905996016,0.964526098901099,0.8361204013377926,,
falcon3_7b_instruct,Falcon,arc_challenge,2025,cheap_confidence_option,hgb,299,90,0.8791111111111112,0.8749355624151623,0.7720269722864238,0.9591095238095237,0.8361204013377926,,
falcon3_7b_instruct,Falcon,arc_challenge,2025,hidden_summary_only,logreg,299,90,0.760888888888889,0.7579373538931437,0.6120063019368575,0.8708540596919127,0.8361204013377926,,
falcon3_7b_instruct,Falcon,arc_challenge,2025,hidden_summary_only,mlp,299,90,0.28711111111111115,0.2895463276688621,0.14932510288065845,0.44207570422535203,0.8361204013377926,,
falcon3_7b_instruct,Falcon,arc_challenge,2025,hidden_summary_only,extratrees,299,90,0.7884444444444445,0.7816343579247764,0.6500520833333333,0.8915525090639419,0.8361204013377926,,
falcon3_7b_instruct,Falcon,arc_challenge,2025,hidden_summary_only,hgb,299,90,0.7297777777777779,0.7228050475786889,0.5933114172038678,0.8579903846153845,0.8361204013377926,,
falcon3_7b_instruct,Falcon,arc_challenge,2025,cheap_plus_hidden_summary,logreg,299,90,0.776,0.7697664991588948,0.6446659127536444,0.8805548031780426,0.8361204013377926,,
falcon3_7b_instruct,Falcon,arc_challenge,2025,cheap_plus_hidden_summary,mlp,299,90,0.6817777777777778,0.6826888322614469,0.5181523445960581,0.8244142764438676,0.8361204013377926,,
falcon3_7b_instruct,Falcon,arc_challenge,2025,cheap_plus_hidden_summary,extratrees,299,90,0.8613333333333333,0.8557796439475915,0.732678279633785,0.9534119047619047,0.8361204013377926,,
falcon3_7b_instruct,Falcon,arc_challenge,2025,cheap_plus_hidden_summary,hgb,299,90,0.8,0.7955996329893611,0.6598570547099959,0.912897620888961,0.8361204013377926,,
falcon3_7b_instruct,Falcon,arc_challenge,2025,pca_hidden_embeddings,logreg,299,90,0.8995555555555557,0.8958565631473635,0.8156631944444444,0.9659366096866098,0.8361204013377926,64.0,0.762706995010376
falcon3_7b_instruct,Falcon,arc_challenge,2025,pca_hidden_embeddings,mlp,299,90,0.39555555555555555,0.3789238034355223,0.19868640062469178,0.5627201978764479,0.8361204013377926,64.0,0.762706995010376
falcon3_7b_instruct,Falcon,arc_challenge,2025,pca_hidden_embeddings,extratrees,299,90,0.8408888888888889,0.8356161674641058,0.7162147255689425,0.9272130778896742,0.8361204013377926,64.0,0.762706995010376
falcon3_7b_instruct,Falcon,arc_challenge,2025,pca_hidden_embeddings,hgb,299,90,0.8871111111111112,0.8860509457794539,0.7920564945339471,0.9651184210526316,0.8361204013377926,64.0,0.762706995010376
falcon3_7b_instruct,Falcon,arc_challenge,2025,cheap_plus_pca_hidden,logreg,299,90,0.9013333333333333,0.8966649129091467,0.7976238342215455,0.9722235812133072,0.8361204013377926,64.0,0.762706995010376
falcon3_7b_instruct,Falcon,arc_challenge,2025,cheap_plus_pca_hidden,mlp,299,90,0.4,0.3997539111201246,0.26284506408672453,0.5448605092091008,0.8361204013377926,64.0,0.762706995010376
falcon3_7b_instruct,Falcon,arc_challenge,2025,cheap_plus_pca_hidden,extratrees,299,90,0.8897777777777778,0.8857942384408602,0.7872028573835802,0.9663503378378377,0.8361204013377926,64.0,0.762706995010376
falcon3_7b_instruct,Falcon,arc_challenge,2025,cheap_plus_pca_hidden,hgb,299,90,0.896888888888889,0.8934849540600815,0.7987965167548501,0.9626382478632479,0.8361204013377926,64.0,0.762706995010376
falcon3_7b_instruct,Falcon,commonsenseqa,42,direct_pmax,none,1000,300,0.8260165760165761,0.8250160355245378,0.775752378721187,0.8741163182140326,,,
falcon3_7b_instruct,Falcon,commonsenseqa,42,cheap_confidence_option,logreg,1000,300,0.8425925925925927,0.838741739036463,0.7838570718397434,0.8816468346222279,0.779,,
falcon3_7b_instruct,Falcon,commonsenseqa,42,cheap_confidence_option,mlp,1000,300,0.6380471380471381,0.6366053650798543,0.5595995274886055,0.7036579763666535,0.779,,
falcon3_7b_instruct,Falcon,commonsenseqa,42,cheap_confidence_option,extratrees,1000,300,0.8229733229733229,0.820464397284285,0.7646551495556121,0.8725191147481339,0.779,,
falcon3_7b_instruct,Falcon,commonsenseqa,42,cheap_confidence_option,hgb,1000,300,0.7582232582232583,0.7552569533528612,0.6922270613435174,0.816344802935542,0.779,,
falcon3_7b_instruct,Falcon,commonsenseqa,42,hidden_summary_only,logreg,1000,300,0.7443667443667443,0.7437976861919929,0.6847967016421674,0.7973303532011801,0.779,,
falcon3_7b_instruct,Falcon,commonsenseqa,42,hidden_summary_only,mlp,1000,300,0.7100492100492101,0.7113047853082454,0.6479281813945127,0.7660387561107912,0.779,,
falcon3_7b_instruct,Falcon,commonsenseqa,42,hidden_summary_only,extratrees,1000,300,0.7384097384097384,0.7384754713031432,0.6771611072063672,0.7938234114444789,0.779,,
falcon3_7b_instruct,Falcon,commonsenseqa,42,hidden_summary_only,hgb,1000,300,0.729085729085729,0.7281493009217693,0.670267197933939,0.7856922108624235,0.779,,
falcon3_7b_instruct,Falcon,commonsenseqa,42,cheap_plus_hidden_summary,logreg,1000,300,0.8421393421393422,0.8388399980769803,0.7909586605699628,0.8826533465469452,0.779,,
falcon3_7b_instruct,Falcon,commonsenseqa,42,cheap_plus_hidden_summary,mlp,1000,300,0.8355348355348354,0.8347065256676305,0.7838481393267565,0.8787281861685151,0.779,,
falcon3_7b_instruct,Falcon,commonsenseqa,42,cheap_plus_hidden_summary,extratrees,1000,300,0.8549598549598549,0.8536980247985446,0.8082758473012861,0.8965946583994687,0.779,,
falcon3_7b_instruct,Falcon,commonsenseqa,42,cheap_plus_hidden_summary,hgb,1000,300,0.8150738150738152,0.8126886414454751,0.7584878274234547,0.8631964106753812,0.779,,
falcon3_7b_instruct,Falcon,commonsenseqa,42,pca_hidden_embeddings,logreg,1000,300,0.7718855218855218,0.7702733234482197,0.7082430207833185,0.8252858975837265,0.779,64.0,0.6414141654968262
falcon3_7b_instruct,Falcon,commonsenseqa,42,pca_hidden_embeddings,mlp,1000,300,0.7378917378917379,0.7352047092516305,0.657145361965331,0.79354921254115,0.779,64.0,0.6414141654968262
falcon3_7b_instruct,Falcon,commonsenseqa,42,pca_hidden_embeddings,extratrees,1000,300,0.7864542864542865,0.786638738716559,0.7336266177486614,0.8378260869565217,0.779,64.0,0.6414141654968262
falcon3_7b_instruct,Falcon,commonsenseqa,42,pca_hidden_embeddings,hgb,1000,300,0.7314814814814815,0.7307054622010454,0.6628197557092986,0.7869148988993189,0.779,64.0,0.6414141654968262
falcon3_7b_instruct,Falcon,commonsenseqa,42,cheap_plus_pca_hidden,logreg,1000,300,0.8297073297073297,0.8268039270013278,0.7804286749284762,0.8740238238158508,0.779,64.0,0.6414141654968262
falcon3_7b_instruct,Falcon,commonsenseqa,42,cheap_plus_pca_hidden,mlp,1000,300,0.7731157731157732,0.7695933088317923,0.7123385562953168,0.8259231422845079,0.779,64.0,0.6414141654968262
falcon3_7b_instruct,Falcon,commonsenseqa,42,cheap_plus_pca_hidden,extratrees,1000,300,0.8537296037296037,0.8528404068248162,0.8058605621431708,0.8971930932000929,0.779,64.0,0.6414141654968262
falcon3_7b_instruct,Falcon,commonsenseqa,42,cheap_plus_pca_hidden,hgb,1000,300,0.8266640766640767,0.8252338451781512,0.7697849161129325,0.8798027076782879,0.779,64.0,0.6414141654968262
falcon3_7b_instruct,Falcon,commonsenseqa,7,direct_pmax,none,1000,300,0.8272468272468272,0.8294630814069011,0.7757612796971806,0.8834088912094941,,,
falcon3_7b_instruct,Falcon,commonsenseqa,7,cheap_confidence_option,logreg,1000,300,0.8172105672105672,0.8178065972683922,0.7715064644671525,0.8716574221259685,0.779,,
falcon3_7b_instruct,Falcon,commonsenseqa,7,cheap_confidence_option,mlp,1000,300,0.805037555037555,0.8052638316133786,0.7525484863720159,0.8607011089558321,0.779,,
falcon3_7b_instruct,Falcon,commonsenseqa,7,cheap_confidence_option,extratrees,1000,300,0.8079513079513079,0.8081954039240344,0.7547257949921529,0.8604369185776414,0.779,,
falcon3_7b_instruct,Falcon,commonsenseqa,7,cheap_confidence_option,hgb,1000,300,0.7691660191660192,0.7691869850905443,0.7050284708035546,0.8229845428949621,0.779,,
falcon3_7b_instruct,Falcon,commonsenseqa,7,hidden_summary_only,logreg,1000,300,0.7202797202797202,0.7205499464092532,0.6613156395365652,0.782545077208265,0.779,,
falcon3_7b_instruct,Falcon,commonsenseqa,7,hidden_summary_only,mlp,1000,300,0.5602175602175603,0.5639944617335919,0.48000654664484455,0.6369769306205189,0.779,,
falcon3_7b_instruct,Falcon,commonsenseqa,7,hidden_summary_only,extratrees,1000,300,0.7346542346542346,0.7343733214560416,0.6719655075072218,0.8021870600016241,0.779,,
falcon3_7b_instruct,Falcon,commonsenseqa,7,hidden_summary_only,hgb,1000,300,0.6776094276094277,0.6767916545699315,0.6154628158847939,0.7444778834592997,0.779,,
falcon3_7b_instruct,Falcon,commonsenseqa,7,cheap_plus_hidden_summary,logreg,1000,300,0.8157213157213158,0.8173534272371343,0.7561750583216081,0.8744983347562738,0.779,,
falcon3_7b_instruct,Falcon,commonsenseqa,7,cheap_plus_hidden_summary,mlp,1000,300,0.7439134939134939,0.7459070239412104,0.67397289750178,0.8228840650158908,0.779,,
falcon3_7b_instruct,Falcon,commonsenseqa,7,cheap_plus_hidden_summary,extratrees,1000,300,0.83009583009583,0.8316536415936889,0.7761244922981195,0.8874515413462359,0.779,,
falcon3_7b_instruct,Falcon,commonsenseqa,7,cheap_plus_hidden_summary,hgb,1000,300,0.7661227661227661,0.7669752529503051,0.7043793374730596,0.8222376207371749,0.779,,
falcon3_7b_instruct,Falcon,commonsenseqa,7,pca_hidden_embeddings,logreg,1000,300,0.7457912457912458,0.7473989392904534,0.6888792858352691,0.818121316362889,0.779,64.0,0.6423068046569824
falcon3_7b_instruct,Falcon,commonsenseqa,7,pca_hidden_embeddings,mlp,1000,300,0.45771820771820776,0.46385845699349904,0.3888465262648269,0.5410170520490654,0.779,64.0,0.6423068046569824
falcon3_7b_instruct,Falcon,commonsenseqa,7,pca_hidden_embeddings,extratrees,1000,300,0.7376327376327376,0.7387498783879306,0.6828962000483384,0.7997131791320494,0.779,64.0,0.6423068046569824
falcon3_7b_instruct,Falcon,commonsenseqa,7,pca_hidden_embeddings,hgb,1000,300,0.7238409738409738,0.7262668914740723,0.6618809442059185,0.7983373457621411,0.779,64.0,0.6423068046569824
falcon3_7b_instruct,Falcon,commonsenseqa,7,cheap_plus_pca_hidden,logreg,1000,300,0.8029655529655529,0.8051991588587519,0.7491909016485998,0.8633047392516712,0.779,64.0,0.6423068046569824
falcon3_7b_instruct,Falcon,commonsenseqa,7,cheap_plus_pca_hidden,mlp,1000,300,0.7747992747992748,0.7771470298962437,0.7226439217256103,0.8468892513654702,0.779,64.0,0.6423068046569824
falcon3_7b_instruct,Falcon,commonsenseqa,7,cheap_plus_pca_hidden,extratrees,1000,300,0.8275058275058276,0.8286706981804838,0.7800490989926974,0.8849886952707365,0.779,64.0,0.6423068046569824
falcon3_7b_instruct,Falcon,commonsenseqa,7,cheap_plus_pca_hidden,hgb,1000,300,0.7595830095830096,0.760526778263319,0.7002574790005754,0.8220307351853724,0.779,64.0,0.6423068046569824
falcon3_7b_instruct,Falcon,commonsenseqa,123,direct_pmax,none,1000,300,0.7294742294742295,0.7284596501891836,0.6695568347573835,0.8000628767513848,,,
falcon3_7b_instruct,Falcon,commonsenseqa,123,cheap_confidence_option,logreg,1000,300,0.7661227661227662,0.76520816213624,0.7079769467213114,0.8275889773020932,0.779,,
falcon3_7b_instruct,Falcon,commonsenseqa,123,cheap_confidence_option,mlp,1000,300,0.7330354830354829,0.7320528506272206,0.6705658171615618,0.7981895652173913,0.779,,
falcon3_7b_instruct,Falcon,commonsenseqa,123,cheap_confidence_option,extratrees,1000,300,0.7264957264957265,0.7248182479366724,0.6577118700369764,0.7863436928162272,0.779,,
falcon3_7b_instruct,Falcon,commonsenseqa,123,cheap_confidence_option,hgb,1000,300,0.711085211085211,0.7086254874259058,0.6411684918377709,0.779902389277389,0.779,,
falcon3_7b_instruct,Falcon,commonsenseqa,123,hidden_summary_only,logreg,1000,300,0.7093369593369593,0.7090949696617429,0.6421079900729691,0.7682081384015593,0.779,,
falcon3_7b_instruct,Falcon,commonsenseqa,123,hidden_summary_only,mlp,1000,300,0.6720409220409219,0.6713408889354731,0.5935899835774934,0.7324345680981621,0.779,,
falcon3_7b_instruct,Falcon,commonsenseqa,123,hidden_summary_only,extratrees,1000,300,0.6932789432789432,0.6930085524561781,0.6249694945041232,0.7538272484210337,0.779,,
falcon3_7b_instruct,Falcon,commonsenseqa,123,hidden_summary_only,hgb,1000,300,0.6712639212639213,0.6716798030852845,0.5963804829799125,0.7387656098877877,0.779,,
falcon3_7b_instruct,Falcon,commonsenseqa,123,cheap_plus_hidden_summary,logreg,1000,300,0.771043771043771,0.7700239740637767,0.7116008051783363,0.8331296895427656,0.779,,
falcon3_7b_instruct,Falcon,commonsenseqa,123,cheap_plus_hidden_summary,mlp,1000,300,0.7423594923594923,0.7405434083723141,0.682546506941746,0.7996802899210685,0.779,,
falcon3_7b_instruct,Falcon,commonsenseqa,123,cheap_plus_hidden_summary,extratrees,1000,300,0.7564750064750064,0.754691065917717,0.6991445364300847,0.8185080633055963,0.779,,
falcon3_7b_instruct,Falcon,commonsenseqa,123,cheap_plus_hidden_summary,hgb,1000,300,0.7362729862729862,0.7353752936846253,0.6730639132669197,0.8013084548884263,0.779,,
falcon3_7b_instruct,Falcon,commonsenseqa,123,pca_hidden_embeddings,logreg,1000,300,0.747021497021497,0.7457765876126652,0.6801951491180215,0.7939312253408682,0.779,64.0,0.6411161422729492
falcon3_7b_instruct,Falcon,commonsenseqa,123,pca_hidden_embeddings,mlp,1000,300,0.710955710955711,0.7105076615243081,0.6459237513888716,0.7814976689976688,0.779,64.0,0.6411161422729492
falcon3_7b_instruct,Falcon,commonsenseqa,123,pca_hidden_embeddings,extratrees,1000,300,0.7283734783734783,0.7289588148234133,0.6549335046785278,0.7875555555555555,0.779,64.0,0.6411161422729492
falcon3_7b_instruct,Falcon,commonsenseqa,123,pca_hidden_embeddings,hgb,1000,300,0.7196322196322197,0.7193033065373591,0.6484443517218726,0.7825330517813356,0.779,64.0,0.6411161422729492
falcon3_7b_instruct,Falcon,commonsenseqa,123,cheap_plus_pca_hidden,logreg,1000,300,0.7850945350945351,0.7838083342880623,0.7238928774807493,0.8378782496318866,0.779,64.0,0.6411161422729492
falcon3_7b_instruct,Falcon,commonsenseqa,123,cheap_plus_pca_hidden,mlp,1000,300,0.7557627557627559,0.7538866298103684,0.6943889380622743,0.8126270134318264,0.779,64.0,0.6411161422729492
falcon3_7b_instruct,Falcon,commonsenseqa,123,cheap_plus_pca_hidden,extratrees,1000,300,0.7482517482517482,0.7474022164226898,0.6927913964764915,0.8110954702910941,0.779,64.0,0.6411161422729492
falcon3_7b_instruct,Falcon,commonsenseqa,123,cheap_plus_pca_hidden,hgb,1000,300,0.7533022533022533,0.7517209216264482,0.6925431075996212,0.8125480085728047,0.779,64.0,0.6411161422729492
falcon3_7b_instruct,Falcon,commonsenseqa,777,direct_pmax,none,1000,300,0.8410385910385911,0.844012217212387,0.7933432778048221,0.8926819463076746,,,
falcon3_7b_instruct,Falcon,commonsenseqa,777,cheap_confidence_option,logreg,1000,300,0.8517871017871017,0.8544800387121739,0.8089376785077034,0.8938855243443852,0.779,,
falcon3_7b_instruct,Falcon,commonsenseqa,777,cheap_confidence_option,mlp,1000,300,0.8445998445998446,0.8476996694996951,0.8046700984200985,0.8896444110059369,0.779,,
falcon3_7b_instruct,Falcon,commonsenseqa,777,cheap_confidence_option,extratrees,1000,300,0.8306785806785807,0.8317383086610933,0.7816097129968603,0.8750569392848875,0.779,,
falcon3_7b_instruct,Falcon,commonsenseqa,777,cheap_confidence_option,hgb,1000,300,0.7814037814037814,0.7810587976964003,0.7189345098123303,0.8328896388472613,0.779,,
falcon3_7b_instruct,Falcon,commonsenseqa,777,hidden_summary_only,logreg,1000,300,0.7584175084175084,0.7608408908759752,0.7031070315895176,0.8183547998372083,0.779,,
falcon3_7b_instruct,Falcon,commonsenseqa,777,hidden_summary_only,mlp,1000,300,0.4382931882931883,0.4389270529065929,0.36378384353143367,0.5144705480597681,0.779,,
falcon3_7b_instruct,Falcon,commonsenseqa,777,hidden_summary_only,extratrees,1000,300,0.7603600103600104,0.7640609354689626,0.6995263457821017,0.8194291381610814,0.779,,
falcon3_7b_instruct,Falcon,commonsenseqa,777,hidden_summary_only,hgb,1000,300,0.7206682206682207,0.7243472921302605,0.6604440126805381,0.7881100770124719,0.779,,
falcon3_7b_instruct,Falcon,commonsenseqa,777,cheap_plus_hidden_summary,logreg,1000,300,0.826987826987827,0.8304589538919854,0.7770334860183647,0.8780752178221573,0.779,,
falcon3_7b_instruct,Falcon,commonsenseqa,777,cheap_plus_hidden_summary,mlp,1000,300,0.8292540792540793,0.8319601486703828,0.7812231098042566,0.8803282912114408,0.779,,
falcon3_7b_instruct,Falcon,commonsenseqa,777,cheap_plus_hidden_summary,extratrees,1000,300,0.8586506086506086,0.8609951882529129,0.8159578846285753,0.8992448596878977,0.779,,
falcon3_7b_instruct,Falcon,commonsenseqa,777,cheap_plus_hidden_summary,hgb,1000,300,0.8267288267288267,0.8290781205817072,0.7809984403680057,0.8753234147913737,0.779,,
falcon3_7b_instruct,Falcon,commonsenseqa,777,pca_hidden_embeddings,logreg,1000,300,0.8054260554260555,0.8087771893724909,0.7565996503496503,0.8568554564035893,0.779,64.0,0.6412548422813416
falcon3_7b_instruct,Falcon,commonsenseqa,777,pca_hidden_embeddings,mlp,1000,300,0.7705257705257705,0.7742742014781867,0.7106056559181559,0.8387672045428156,0.779,64.0,0.6412548422813416
falcon3_7b_instruct,Falcon,commonsenseqa,777,pca_hidden_embeddings,extratrees,1000,300,0.801929551929552,0.8051351767613827,0.7544291015128399,0.8574646563419226,0.779,64.0,0.6412548422813416
falcon3_7b_instruct,Falcon,commonsenseqa,777,pca_hidden_embeddings,hgb,1000,300,0.7645040145040145,0.7655923247211344,0.7114014915615857,0.8213185535054437,0.779,64.0,0.6412548422813416
falcon3_7b_instruct,Falcon,commonsenseqa,777,cheap_plus_pca_hidden,logreg,1000,300,0.8295130795130795,0.8318866073868516,0.7762659720990791,0.8819373453927024,0.779,64.0,0.6412548422813416
falcon3_7b_instruct,Falcon,commonsenseqa,777,cheap_plus_pca_hidden,mlp,1000,300,0.7264309764309764,0.7281050503271635,0.6576075801910156,0.7939155932411093,0.779,64.0,0.6412548422813416
falcon3_7b_instruct,Falcon,commonsenseqa,777,cheap_plus_pca_hidden,extratrees,1000,300,0.8602693602693603,0.8634320104359738,0.8206396260744087,0.9024167422286009,0.779,64.0,0.6412548422813416
falcon3_7b_instruct,Falcon,commonsenseqa,777,cheap_plus_pca_hidden,hgb,1000,300,0.7970085470085471,0.799225125557562,0.7448508722162009,0.8497847389300199,0.779,64.0,0.6412548422813416
falcon3_7b_instruct,Falcon,commonsenseqa,2025,direct_pmax,none,1000,300,0.8440170940170941,0.8440935562533042,0.7955784871805542,0.8861053472222222,,,
falcon3_7b_instruct,Falcon,commonsenseqa,2025,cheap_confidence_option,logreg,1000,300,0.8431105931105932,0.8427060993711454,0.7875096822556745,0.8890723731138546,0.779,,
falcon3_7b_instruct,Falcon,commonsenseqa,2025,cheap_confidence_option,mlp,1000,300,0.7580290080290081,0.7579611510780948,0.6946614397798518,0.8166220155685049,0.779,,
falcon3_7b_instruct,Falcon,commonsenseqa,2025,cheap_confidence_option,extratrees,1000,300,0.8147500647500647,0.814054813957154,0.7623527718193965,0.8603698563664596,0.779,,
falcon3_7b_instruct,Falcon,commonsenseqa,2025,cheap_confidence_option,hgb,1000,300,0.8065915565915567,0.8042446719130519,0.7553153689971751,0.8534989035087719,0.779,,
falcon3_7b_instruct,Falcon,commonsenseqa,2025,hidden_summary_only,logreg,1000,300,0.7616550116550117,0.7592905627744612,0.6976607142857143,0.8087943951971883,0.779,,
falcon3_7b_instruct,Falcon,commonsenseqa,2025,hidden_summary_only,mlp,1000,300,0.712962962962963,0.7085919689094712,0.6413718985282086,0.778043026422957,0.779,,
falcon3_7b_instruct,Falcon,commonsenseqa,2025,hidden_summary_only,extratrees,1000,300,0.7644392644392644,0.7620643776031206,0.688780740767096,0.8178062033681328,0.779,,
falcon3_7b_instruct,Falcon,commonsenseqa,2025,hidden_summary_only,hgb,1000,300,0.7077829577829577,0.7055935561696264,0.6337496209659952,0.7690618359888829,0.779,,
falcon3_7b_instruct,Falcon,commonsenseqa,2025,cheap_plus_hidden_summary,logreg,1000,300,0.8295778295778296,0.8279417300304482,0.7698453248195117,0.8764536061361722,0.779,,
falcon3_7b_instruct,Falcon,commonsenseqa,2025,cheap_plus_hidden_summary,mlp,1000,300,0.7572520072520073,0.7526463549016984,0.691868094298793,0.8225025003660066,0.779,,
falcon3_7b_instruct,Falcon,commonsenseqa,2025,cheap_plus_hidden_summary,extratrees,1000,300,0.8504273504273505,0.8497238047496984,0.7974905366437003,0.8923111209705807,0.779,,
falcon3_7b_instruct,Falcon,commonsenseqa,2025,cheap_plus_hidden_summary,hgb,1000,300,0.8056203056203056,0.8027149444661568,0.7451024774313689,0.8624474804259297,0.779,,
falcon3_7b_instruct,Falcon,commonsenseqa,2025,pca_hidden_embeddings,logreg,1000,300,0.7543382543382543,0.7534276539076027,0.6913864400775985,0.8108114365021641,0.779,64.0,0.641816258430481
falcon3_7b_instruct,Falcon,commonsenseqa,2025,pca_hidden_embeddings,mlp,1000,300,0.6618104118104118,0.6599962980632296,0.5802546117084826,0.7314599874587036,0.779,64.0,0.641816258430481
falcon3_7b_instruct,Falcon,commonsenseqa,2025,pca_hidden_embeddings,extratrees,1000,300,0.7861305361305362,0.7861514352025898,0.7335943269091317,0.8392388377778801,0.779,64.0,0.641816258430481
falcon3_7b_instruct,Falcon,commonsenseqa,2025,pca_hidden_embeddings,hgb,1000,300,0.7394457394457394,0.7407716695821254,0.6819754622705241,0.7981846584547897,0.779,64.0,0.641816258430481
falcon3_7b_instruct,Falcon,commonsenseqa,2025,cheap_plus_pca_hidden,logreg,1000,300,0.8138435638435638,0.8125245327187508,0.74869098062954,0.8625806990717305,0.779,64.0,0.641816258430481
falcon3_7b_instruct,Falcon,commonsenseqa,2025,cheap_plus_pca_hidden,mlp,1000,300,0.6725589225589226,0.6711527389975928,0.6113258600022301,0.7361362064943936,0.779,64.0,0.641816258430481
falcon3_7b_instruct,Falcon,commonsenseqa,2025,cheap_plus_pca_hidden,extratrees,1000,300,0.8506216006216006,0.850656505805235,0.7956184002203547,0.8942189637023288,0.779,64.0,0.641816258430481
falcon3_7b_instruct,Falcon,commonsenseqa,2025,cheap_plus_pca_hidden,hgb,1000,300,0.8229085729085729,0.8224915543413083,0.7699370686024244,0.8683188149169162,0.779,64.0,0.641816258430481
falcon3_7b_instruct,Falcon,hellaswag,42,direct_pmax,none,1000,300,0.7111963937621832,0.7120637837213739,0.6457939271888258,0.7759837635733008,,,
falcon3_7b_instruct,Falcon,hellaswag,42,cheap_confidence_option,logreg,1000,300,0.7894736842105263,0.7917694403062611,0.7344738420712679,0.8454641152498295,0.761,,
falcon3_7b_instruct,Falcon,hellaswag,42,cheap_confidence_option,mlp,1000,300,0.7609649122807018,0.7636792259942103,0.7053210814110712,0.8252883129320795,0.761,,
falcon3_7b_instruct,Falcon,hellaswag,42,cheap_confidence_option,extratrees,1000,300,0.7585282651072125,0.7597175584468251,0.7001636174636173,0.8218474761953024,0.761,,
falcon3_7b_instruct,Falcon,hellaswag,42,cheap_confidence_option,hgb,1000,300,0.770224171539961,0.7696648630904885,0.7060039466873707,0.8284233902667699,0.761,,
falcon3_7b_instruct,Falcon,hellaswag,42,hidden_summary_only,logreg,1000,300,0.7168615984405459,0.7183532605469386,0.6594903821870863,0.7766156627831002,0.761,,
falcon3_7b_instruct,Falcon,hellaswag,42,hidden_summary_only,mlp,1000,300,0.5864400584795322,0.5834881628703621,0.5106452655075189,0.6538026829835648,0.761,,
falcon3_7b_instruct,Falcon,hellaswag,42,hidden_summary_only,extratrees,1000,300,0.6944444444444444,0.6936030632119552,0.6290055192835771,0.7559422114714957,0.761,,
falcon3_7b_instruct,Falcon,hellaswag,42,hidden_summary_only,hgb,1000,300,0.648635477582846,0.6475634976165899,0.57318389687488,0.7191026480019842,0.761,,
falcon3_7b_instruct,Falcon,hellaswag,42,cheap_plus_hidden_summary,logreg,1000,300,0.8054337231968811,0.8067698864489627,0.7532704308477024,0.8591870716687627,0.761,,
falcon3_7b_instruct,Falcon,hellaswag,42,cheap_plus_hidden_summary,mlp,1000,300,0.7408016569200779,0.7420115177365978,0.6781951778752437,0.8065334920795039,0.761,,
falcon3_7b_instruct,Falcon,hellaswag,42,cheap_plus_hidden_summary,extratrees,1000,300,0.78125,0.7828726678957577,0.7244471770961974,0.8424087163086851,0.761,,
falcon3_7b_instruct,Falcon,hellaswag,42,cheap_plus_hidden_summary,hgb,1000,300,0.7648635477582846,0.7645458387883628,0.7060514276657706,0.8246638434029737,0.761,,
falcon3_7b_instruct,Falcon,hellaswag,42,pca_hidden_embeddings,logreg,1000,300,0.7466496101364523,0.7493528699285696,0.6903485201413297,0.8134910712471497,0.761,64.0,0.7510683536529541
falcon3_7b_instruct,Falcon,hellaswag,42,pca_hidden_embeddings,mlp,1000,300,0.7096125730994152,0.711834427333934,0.6399149943398168,0.779681043437142,0.761,64.0,0.7510683536529541
falcon3_7b_instruct,Falcon,hellaswag,42,pca_hidden_embeddings,extratrees,1000,300,0.775219298245614,0.7757818955036616,0.7212100528669751,0.8350154329974958,0.761,64.0,0.7510683536529541
falcon3_7b_instruct,Falcon,hellaswag,42,pca_hidden_embeddings,hgb,1000,300,0.7605994152046783,0.7611399098951568,0.6971453836376484,0.8228480147265486,0.761,64.0,0.7510683536529541
falcon3_7b_instruct,Falcon,hellaswag,42,cheap_plus_pca_hidden,logreg,1000,300,0.8023269980506823,0.8045333977253853,0.7532277960526316,0.8560144716394715,0.761,64.0,0.7510683536529541
falcon3_7b_instruct,Falcon,hellaswag,42,cheap_plus_pca_hidden,mlp,1000,300,0.6245735867446394,0.6231630755202766,0.5426267827145352,0.6927591719283689,0.761,64.0,0.7510683536529541
falcon3_7b_instruct,Falcon,hellaswag,42,cheap_plus_pca_hidden,extratrees,1000,300,0.7796661793372319,0.781071411926326,0.7257763975155279,0.83693033842936,0.761,64.0,0.7510683536529541
falcon3_7b_instruct,Falcon,hellaswag,42,cheap_plus_pca_hidden,hgb,1000,300,0.7886208576998051,0.7906453389175674,0.7328801970909512,0.8490684871745369,0.761,64.0,0.7510683536529541
falcon3_7b_instruct,Falcon,hellaswag,7,direct_pmax,none,1000,300,0.7257553606237817,0.7290649012606709,0.6539112106207818,0.796685113044927,,,
falcon3_7b_instruct,Falcon,hellaswag,7,cheap_confidence_option,logreg,1000,300,0.8515472709551657,0.8546609510863656,0.8038880037205315,0.9004733712589551,0.761,,
falcon3_7b_instruct,Falcon,hellaswag,7,cheap_confidence_option,mlp,1000,300,0.8485014619883041,0.8523379015600663,0.8001059027777778,0.8994676499101927,0.761,,
falcon3_7b_instruct,Falcon,hellaswag,7,cheap_confidence_option,extratrees,1000,300,0.8442373294346979,0.847605260441669,0.7967957022047719,0.8923811763020858,0.761,,
falcon3_7b_instruct,Falcon,hellaswag,7,cheap_confidence_option,hgb,1000,300,0.7935550682261208,0.7962688522025352,0.7419073013440822,0.8474739832535885,0.761,,
falcon3_7b_instruct,Falcon,hellaswag,7,hidden_summary_only,logreg,1000,300,0.8072002923976609,0.8086990565306342,0.7506712403907527,0.8628486413642663,0.761,,
falcon3_7b_instruct,Falcon,hellaswag,7,hidden_summary_only,mlp,1000,300,0.5269858674463938,0.527685182878791,0.4483485574371445,0.6021961593157245,0.761,,
falcon3_7b_instruct,Falcon,hellaswag,7,hidden_summary_only,extratrees,1000,300,0.7375121832358674,0.7395613626149631,0.6760276388888888,0.8010405794993029,0.761,,
falcon3_7b_instruct,Falcon,hellaswag,7,hidden_summary_only,hgb,1000,300,0.7556652046783626,0.7566602443884126,0.7002269127680312,0.8174266261755484,0.761,,
falcon3_7b_instruct,Falcon,hellaswag,7,cheap_plus_hidden_summary,logreg,1000,300,0.8659234892787524,0.8686237317626865,0.8160206885744795,0.9115171783625731,0.761,,
falcon3_7b_instruct,Falcon,hellaswag,7,cheap_plus_hidden_summary,mlp,1000,300,0.852948343079922,0.8560550429199706,0.7967928655954161,0.9069874348332799,0.761,,
falcon3_7b_instruct,Falcon,hellaswag,7,cheap_plus_hidden_summary,extratrees,1000,300,0.8618421052631579,0.8657351654984031,0.8145820578020926,0.9094402882996632,0.761,,
falcon3_7b_instruct,Falcon,hellaswag,7,cheap_plus_hidden_summary,hgb,1000,300,0.8344298245614036,0.8375752817644407,0.7844609866886352,0.8879478846960376,0.761,,
falcon3_7b_instruct,Falcon,hellaswag,7,pca_hidden_embeddings,logreg,1000,300,0.8003776803118907,0.8033288574297958,0.7397329933934026,0.8646428861037355,0.761,64.0,0.7517713308334351
falcon3_7b_instruct,Falcon,hellaswag,7,pca_hidden_embeddings,mlp,1000,300,0.7021807992202729,0.7057311482078082,0.6314024095076526,0.7754576741684366,0.761,64.0,0.7517713308334351
falcon3_7b_instruct,Falcon,hellaswag,7,pca_hidden_embeddings,extratrees,1000,300,0.8190180311890839,0.8218306552861265,0.7586281580016767,0.8805893384635796,0.761,64.0,0.7517713308334351
falcon3_7b_instruct,Falcon,hellaswag,7,pca_hidden_embeddings,hgb,1000,300,0.807017543859649,0.8080589477785676,0.7550587150573737,0.8604365324440053,0.761,64.0,0.7517713308334351
falcon3_7b_instruct,Falcon,hellaswag,7,cheap_plus_pca_hidden,logreg,1000,300,0.8557504873294347,0.858579540223753,0.8070064436255948,0.9075746138925487,0.761,64.0,0.7517713308334351
falcon3_7b_instruct,Falcon,hellaswag,7,cheap_plus_pca_hidden,mlp,1000,300,0.8028752436647174,0.807749943309985,0.7410659814019149,0.8652251273541688,0.761,64.0,0.7517713308334351
falcon3_7b_instruct,Falcon,hellaswag,7,cheap_plus_pca_hidden,extratrees,1000,300,0.8635477582846004,0.8670379625151168,0.8131071642128177,0.916264945652174,0.761,64.0,0.7517713308334351
falcon3_7b_instruct,Falcon,hellaswag,7,cheap_plus_pca_hidden,hgb,1000,300,0.8502071150097466,0.8542636217813512,0.8046425614079411,0.9015878342628652,0.761,64.0,0.7517713308334351
falcon3_7b_instruct,Falcon,hellaswag,123,direct_pmax,none,1000,300,0.6973075048732943,0.6973001454245797,0.6352965373004823,0.7716004153289054,,,
falcon3_7b_instruct,Falcon,hellaswag,123,cheap_confidence_option,logreg,1000,300,0.7927022417153996,0.7936141285804404,0.7367749505928853,0.8420826543466703,0.761,,
falcon3_7b_instruct,Falcon,hellaswag,123,cheap_confidence_option,mlp,1000,300,0.7568835282651072,0.7561627064906681,0.695175165420023,0.8168295026703414,0.761,,
falcon3_7b_instruct,Falcon,hellaswag,123,cheap_confidence_option,extratrees,1000,300,0.7960526315789473,0.7970059616503152,0.735408070935817,0.8438589869380106,0.761,,
falcon3_7b_instruct,Falcon,hellaswag,123,cheap_confidence_option,hgb,1000,300,0.7831993177387914,0.7839992659324649,0.7191612504164122,0.8400011792696055,0.761,,
falcon3_7b_instruct,Falcon,hellaswag,123,hidden_summary_only,logreg,1000,300,0.7261817738791423,0.7251521760738266,0.6627598752598753,0.7851583409975684,0.761,,
falcon3_7b_instruct,Falcon,hellaswag,123,hidden_summary_only,mlp,1000,300,0.649183723196881,0.6488799296177707,0.5795631136677333,0.7193800918009651,0.761,,
falcon3_7b_instruct,Falcon,hellaswag,123,hidden_summary_only,extratrees,1000,300,0.6633162768031189,0.6628840016118958,0.5924301965588115,0.7323880758002497,0.761,,
falcon3_7b_instruct,Falcon,hellaswag,123,hidden_summary_only,hgb,1000,300,0.6444931773879143,0.6446517036395957,0.5655274135878339,0.7155339158080385,0.761,,
falcon3_7b_instruct,Falcon,hellaswag,123,cheap_plus_hidden_summary,logreg,1000,300,0.8073221247563352,0.8073242587483584,0.7537601762615607,0.8491287624963777,0.761,,
falcon3_7b_instruct,Falcon,hellaswag,123,cheap_plus_hidden_summary,mlp,1000,300,0.7339181286549707,0.7337683213999179,0.6718146733785514,0.8016013332040298,0.761,,
falcon3_7b_instruct,Falcon,hellaswag,123,cheap_plus_hidden_summary,extratrees,1000,300,0.801474171539961,0.8007706080795901,0.7498781094949349,0.8470664405848546,0.761,,
falcon3_7b_instruct,Falcon,hellaswag,123,cheap_plus_hidden_summary,hgb,1000,300,0.7852095516569201,0.7853529801258484,0.7281197459409087,0.8379115753811407,0.761,,
falcon3_7b_instruct,Falcon,hellaswag,123,pca_hidden_embeddings,logreg,1000,300,0.7690667641325536,0.7684926308706449,0.7125496354852876,0.8183754913302854,0.761,64.0,0.7513828873634338
falcon3_7b_instruct,Falcon,hellaswag,123,pca_hidden_embeddings,mlp,1000,300,0.49317738791422994,0.49283023031913387,0.4219609232285875,0.5701077804199124,0.761,64.0,0.7513828873634338
falcon3_7b_instruct,Falcon,hellaswag,123,pca_hidden_embeddings,extratrees,1000,300,0.7637670565302145,0.7626449077671184,0.7105492291406451,0.8140614597202587,0.761,64.0,0.7513828873634338
falcon3_7b_instruct,Falcon,hellaswag,123,pca_hidden_embeddings,hgb,1000,300,0.7365375243664717,0.7353433850107501,0.675028090925111,0.7917635257313692,0.761,64.0,0.7513828873634338
falcon3_7b_instruct,Falcon,hellaswag,123,cheap_plus_pca_hidden,logreg,1000,300,0.8068957115009746,0.8072094368508783,0.7608695309051767,0.8511984145317525,0.761,64.0,0.7513828873634338
falcon3_7b_instruct,Falcon,hellaswag,123,cheap_plus_pca_hidden,mlp,1000,300,0.7131457115009747,0.7133855760145977,0.6451025144275215,0.7890753980762302,0.761,64.0,0.7513828873634338
falcon3_7b_instruct,Falcon,hellaswag,123,cheap_plus_pca_hidden,extratrees,1000,300,0.8053118908382066,0.8053371360329525,0.7520325680341053,0.8481426183729287,0.761,64.0,0.7513828873634338
falcon3_7b_instruct,Falcon,hellaswag,123,cheap_plus_pca_hidden,hgb,1000,300,0.7754020467836258,0.7765232995892258,0.7196963716635053,0.8267645463698631,0.761,64.0,0.7513828873634338
falcon3_7b_instruct,Falcon,hellaswag,777,direct_pmax,none,1000,300,0.6611842105263158,0.6607161356639479,0.5975726579858981,0.7261892727379278,,,
falcon3_7b_instruct,Falcon,hellaswag,777,cheap_confidence_option,logreg,1000,300,0.7793006822612085,0.7795933740686568,0.7178920389536094,0.8390245157170825,0.761,,
falcon3_7b_instruct,Falcon,hellaswag,777,cheap_confidence_option,mlp,1000,300,0.7480506822612086,0.7491643978316027,0.6846843887110748,0.8114378881987576,0.761,,
falcon3_7b_instruct,Falcon,hellaswag,777,cheap_confidence_option,extratrees,1000,300,0.7739400584795321,0.7739799621613429,0.7168057064167122,0.8279712404712405,0.761,,
falcon3_7b_instruct,Falcon,hellaswag,777,cheap_confidence_option,hgb,1000,300,0.7624269005847952,0.7618363695619922,0.6915874116010418,0.8222711756218546,0.761,,
falcon3_7b_instruct,Falcon,hellaswag,777,hidden_summary_only,logreg,1000,300,0.7070540935672515,0.7075898657563409,0.6487526264142927,0.7821921674918595,0.761,,
falcon3_7b_instruct,Falcon,hellaswag,777,hidden_summary_only,mlp,1000,300,0.7142422027290448,0.7141113639936767,0.6505501690728511,0.7789441817341874,0.761,,
falcon3_7b_instruct,Falcon,hellaswag,777,hidden_summary_only,extratrees,1000,300,0.716922514619883,0.7162868290563799,0.6543056860902255,0.780163784654317,0.761,,
falcon3_7b_instruct,Falcon,hellaswag,777,hidden_summary_only,hgb,1000,300,0.6870126705653022,0.6877115687559848,0.6253623526023312,0.7597699558086269,0.761,,
falcon3_7b_instruct,Falcon,hellaswag,777,cheap_plus_hidden_summary,logreg,1000,300,0.7811890838206628,0.7822195972976287,0.724880248447205,0.8362178558156819,0.761,,
falcon3_7b_instruct,Falcon,hellaswag,777,cheap_plus_hidden_summary,mlp,1000,300,0.658625730994152,0.6605221908107802,0.58696809732665,0.727880031779661,0.761,,
falcon3_7b_instruct,Falcon,hellaswag,777,cheap_plus_hidden_summary,extratrees,1000,300,0.7986720272904483,0.7995842291590265,0.7447098473343415,0.8536189434626934,0.761,,
falcon3_7b_instruct,Falcon,hellaswag,777,cheap_plus_hidden_summary,hgb,1000,300,0.7652899610136452,0.7670371226626267,0.7106105828471045,0.8253808050985864,0.761,,
falcon3_7b_instruct,Falcon,hellaswag,777,pca_hidden_embeddings,logreg,1000,300,0.7499390838206628,0.7511553014710329,0.6887806637806637,0.813384108277845,0.761,64.0,0.7517558336257935
falcon3_7b_instruct,Falcon,hellaswag,777,pca_hidden_embeddings,mlp,1000,300,0.6120857699805069,0.6097734361865534,0.5288570784151451,0.6819103202183443,0.761,64.0,0.7517558336257935
falcon3_7b_instruct,Falcon,hellaswag,777,pca_hidden_embeddings,extratrees,1000,300,0.7612694931773879,0.7616374299704053,0.6989986649099693,0.8273286071535954,0.761,64.0,0.7517558336257935
falcon3_7b_instruct,Falcon,hellaswag,777,pca_hidden_embeddings,hgb,1000,300,0.7483552631578947,0.7482385552548045,0.6903735955500964,0.8078788836823682,0.761,64.0,0.7517558336257935
falcon3_7b_instruct,Falcon,hellaswag,777,cheap_plus_pca_hidden,logreg,1000,300,0.7825292397660818,0.783066111797707,0.7277385112061825,0.8380421741948585,0.761,64.0,0.7517558336257935
falcon3_7b_instruct,Falcon,hellaswag,777,cheap_plus_pca_hidden,mlp,1000,300,0.7118664717348927,0.71393373427428,0.642922807367896,0.7747257254155908,0.761,64.0,0.7517558336257935
falcon3_7b_instruct,Falcon,hellaswag,777,cheap_plus_pca_hidden,extratrees,1000,300,0.7909965886939572,0.7918207723496665,0.7360922912440838,0.8420601031826361,0.761,64.0,0.7517558336257935
falcon3_7b_instruct,Falcon,hellaswag,777,cheap_plus_pca_hidden,hgb,1000,300,0.7723562378167641,0.772436429114024,0.7131975882768361,0.8331980991980991,0.761,64.0,0.7517558336257935
falcon3_7b_instruct,Falcon,hellaswag,2025,direct_pmax,none,1000,300,0.7308723196881092,0.7295665230861061,0.6568476059101871,0.78509645459816,,,
falcon3_7b_instruct,Falcon,hellaswag,2025,cheap_confidence_option,logreg,1000,300,0.8391203703703703,0.8388818687025712,0.7833735928814547,0.8867114345120459,0.761,,
falcon3_7b_instruct,Falcon,hellaswag,2025,cheap_confidence_option,mlp,1000,300,0.8390594541910331,0.837666384905308,0.7791261687373852,0.8856167085125697,0.761,,
falcon3_7b_instruct,Falcon,hellaswag,2025,cheap_confidence_option,extratrees,1000,300,0.8249269005847952,0.823593058026305,0.7654912258258045,0.8742095458422424,0.761,,
falcon3_7b_instruct,Falcon,hellaswag,2025,cheap_confidence_option,hgb,1000,300,0.7879507797270955,0.7862433249449419,0.7212603709618446,0.839619833021592,0.761,,
falcon3_7b_instruct,Falcon,hellaswag,2025,hidden_summary_only,logreg,1000,300,0.7416544834307992,0.7404009026599025,0.6779538698048408,0.8044783181427851,0.761,,
falcon3_7b_instruct,Falcon,hellaswag,2025,hidden_summary_only,mlp,1000,300,0.6770833333333333,0.6774341564753089,0.6095606246590289,0.7439123524958229,0.761,,
falcon3_7b_instruct,Falcon,hellaswag,2025,hidden_summary_only,extratrees,1000,300,0.6889619883040935,0.6882187157005528,0.620118278938289,0.747706886574074,0.761,,
falcon3_7b_instruct,Falcon,hellaswag,2025,hidden_summary_only,hgb,1000,300,0.6615497076023392,0.6578870715579122,0.5843204427375399,0.7250640220620311,0.761,,
falcon3_7b_instruct,Falcon,hellaswag,2025,cheap_plus_hidden_summary,logreg,1000,300,0.850328947368421,0.8500939906079122,0.7998387779263245,0.8904195229919922,0.761,,
falcon3_7b_instruct,Falcon,hellaswag,2025,cheap_plus_hidden_summary,mlp,1000,300,0.833272417153996,0.8309147849535062,0.7752275081092211,0.8778328736641781,0.761,,
falcon3_7b_instruct,Falcon,hellaswag,2025,cheap_plus_hidden_summary,extratrees,1000,300,0.8217592592592592,0.8199919582270426,0.7622937296858586,0.8719327466975627,0.761,,
falcon3_7b_instruct,Falcon,hellaswag,2025,cheap_plus_hidden_summary,hgb,1000,300,0.8002558479532164,0.7992701232743112,0.7366826614177142,0.8570399665562152,0.761,,
falcon3_7b_instruct,Falcon,hellaswag,2025,pca_hidden_embeddings,logreg,1000,300,0.7551778752436646,0.7560465947608705,0.6961986490212297,0.8115922532767299,0.761,64.0,0.7530062198638916
falcon3_7b_instruct,Falcon,hellaswag,2025,pca_hidden_embeddings,mlp,1000,300,0.5595151072124757,0.5595113651267716,0.49095001178534675,0.6365060515187245,0.761,64.0,0.7530062198638916
falcon3_7b_instruct,Falcon,hellaswag,2025,pca_hidden_embeddings,extratrees,1000,300,0.7557261208576999,0.7577694661580792,0.7027850589804682,0.8087593655905848,0.761,64.0,0.7530062198638916
falcon3_7b_instruct,Falcon,hellaswag,2025,pca_hidden_embeddings,hgb,1000,300,0.7672392787524366,0.7688454445683512,0.712533081175617,0.8257331624904858,0.761,64.0,0.7530062198638916
falcon3_7b_instruct,Falcon,hellaswag,2025,cheap_plus_pca_hidden,logreg,1000,300,0.8298001949317738,0.8300541060503404,0.7808719672447626,0.875791796740157,0.761,64.0,0.7530062198638916
falcon3_7b_instruct,Falcon,hellaswag,2025,cheap_plus_pca_hidden,mlp,1000,300,0.7975755360623782,0.7960247272857839,0.7406856548002815,0.8495065789473684,0.761,64.0,0.7530062198638916
falcon3_7b_instruct,Falcon,hellaswag,2025,cheap_plus_pca_hidden,extratrees,1000,300,0.8439327485380117,0.8426699145607379,0.7895196132689944,0.8903416887314002,0.761,64.0,0.7530062198638916
falcon3_7b_instruct,Falcon,hellaswag,2025,cheap_plus_pca_hidden,hgb,1000,300,0.8208455165692008,0.8201729472151654,0.7610089652916251,0.87074817251462,0.761,64.0,0.7530062198638916
falcon3_7b_instruct,Falcon,mmlu_all,42,direct_pmax,none,1000,300,0.8124883590985286,0.8115390789939964,0.7620260200443016,0.8649825767452887,,,
falcon3_7b_instruct,Falcon,mmlu_all,42,cheap_confidence_option,logreg,1000,300,0.828971875582045,0.8281489504285792,0.7822390027533292,0.8699374099655296,0.608,,
falcon3_7b_instruct,Falcon,mmlu_all,42,cheap_confidence_option,mlp,1000,300,0.8394952505121995,0.8381924582555704,0.7952521675305869,0.8825428678417319,0.608,,
falcon3_7b_instruct,Falcon,mmlu_all,42,cheap_confidence_option,extratrees,1000,300,0.8230117340286832,0.8218667672356924,0.7766031252121215,0.865265194464594,0.608,,
falcon3_7b_instruct,Falcon,mmlu_all,42,cheap_confidence_option,hgb,1000,300,0.7955857701620412,0.7941833484495263,0.7399034109939712,0.8415102278454402,0.608,,
falcon3_7b_instruct,Falcon,mmlu_all,42,hidden_summary_only,logreg,1000,300,0.8317191283292978,0.8304518372776477,0.7785204471114588,0.8762682066493122,0.608,,
falcon3_7b_instruct,Falcon,mmlu_all,42,hidden_summary_only,mlp,1000,300,0.7816632520022351,0.780410025958421,0.721587373319804,0.8315908898835167,0.608,,
falcon3_7b_instruct,Falcon,mmlu_all,42,hidden_summary_only,extratrees,1000,300,0.8107655056807599,0.810629565634996,0.7633181160787272,0.8583457672580238,0.608,,
falcon3_7b_instruct,Falcon,mmlu_all,42,hidden_summary_only,hgb,1000,300,0.8055038182156826,0.8055432395683862,0.7547784273317353,0.8542229035991638,0.608,,
falcon3_7b_instruct,Falcon,mmlu_all,42,cheap_plus_hidden_summary,logreg,1000,300,0.8370273794002607,0.8358495482552415,0.7914393791804661,0.8787561054625199,0.608,,
falcon3_7b_instruct,Falcon,mmlu_all,42,cheap_plus_hidden_summary,mlp,1000,300,0.8358167256472342,0.8343220057248663,0.7840789086881751,0.8804336710870839,0.608,,
falcon3_7b_instruct,Falcon,mmlu_all,42,cheap_plus_hidden_summary,extratrees,1000,300,0.8453622648537903,0.8443239264735609,0.8017374125753661,0.8922835199656403,0.608,,
falcon3_7b_instruct,Falcon,mmlu_all,42,cheap_plus_hidden_summary,hgb,1000,300,0.831439746693984,0.8304063556000247,0.7843041042325896,0.8740003830236944,0.608,,
falcon3_7b_instruct,Falcon,mmlu_all,42,pca_hidden_embeddings,logreg,1000,300,0.8315328739057554,0.8301425116904069,0.7812417306251274,0.8724152759273185,0.608,64.0,0.7590255737304688
falcon3_7b_instruct,Falcon,mmlu_all,42,pca_hidden_embeddings,mlp,1000,300,0.6725647234121811,0.6730548416157567,0.6091511813290621,0.7264091345293733,0.608,64.0,0.7590255737304688
falcon3_7b_instruct,Falcon,mmlu_all,42,pca_hidden_embeddings,extratrees,1000,300,0.8235239336934252,0.8235410994125151,0.7748125591636611,0.8674433276350914,0.608,64.0,0.7590255737304688
falcon3_7b_instruct,Falcon,mmlu_all,42,pca_hidden_embeddings,hgb,1000,300,0.7930713354442167,0.7925722523197656,0.7351891662809654,0.84149000999001,0.608,64.0,0.7590255737304688
falcon3_7b_instruct,Falcon,mmlu_all,42,cheap_plus_pca_hidden,logreg,1000,300,0.8288787483702739,0.8282165683968585,0.7794616003301447,0.8716891873944815,0.608,64.0,0.7590255737304688
falcon3_7b_instruct,Falcon,mmlu_all,42,cheap_plus_pca_hidden,mlp,1000,300,0.8416371763829392,0.8404242904233233,0.79213988491225,0.8831165848657451,0.608,64.0,0.7590255737304688
falcon3_7b_instruct,Falcon,mmlu_all,42,cheap_plus_pca_hidden,extratrees,1000,300,0.839728068541628,0.8388045365855078,0.7925236358361607,0.8825885613496329,0.608,64.0,0.7590255737304688
falcon3_7b_instruct,Falcon,mmlu_all,42,cheap_plus_pca_hidden,hgb,1000,300,0.8150027938163532,0.8142117217781947,0.7659350855046405,0.8600840204897551,0.608,64.0,0.7590255737304688
falcon3_7b_instruct,Falcon,mmlu_all,7,direct_pmax,none,1000,300,0.7800335257962376,0.7778096125673234,0.7272023191958712,0.8232051540912199,,,
falcon3_7b_instruct,Falcon,mmlu_all,7,cheap_confidence_option,logreg,1000,300,0.811650214192587,0.809885882876759,0.7611394281989198,0.853625207338621,0.608,,
falcon3_7b_instruct,Falcon,mmlu_all,7,cheap_confidence_option,mlp,1000,300,0.7639225181598064,0.7622065755194465,0.7082671645022361,0.8080401863174309,0.608,,
falcon3_7b_instruct,Falcon,mmlu_all,7,cheap_confidence_option,extratrees,1000,300,0.8354907804060345,0.834244977420815,0.7927008051383506,0.8764066189286192,0.608,,
falcon3_7b_instruct,Falcon,mmlu_all,7,cheap_confidence_option,hgb,1000,300,0.8193332091637178,0.817925523782823,0.7737242727394203,0.8670998875040956,0.608,,
falcon3_7b_instruct,Falcon,mmlu_all,7,hidden_summary_only,logreg,1000,300,0.7785434904078972,0.776830183356623,0.7213280437194632,0.8263745918708248,0.608,,
falcon3_7b_instruct,Falcon,mmlu_all,7,hidden_summary_only,mlp,1000,300,0.784503631961259,0.7831488012738667,0.7281661730210329,0.8298671437689559,0.608,,
falcon3_7b_instruct,Falcon,mmlu_all,7,hidden_summary_only,extratrees,1000,300,0.7953529521326131,0.7940449025367593,0.7467450578362007,0.8470140839143173,0.608,,
falcon3_7b_instruct,Falcon,mmlu_all,7,hidden_summary_only,hgb,1000,300,0.7641087725833489,0.7618922185827849,0.7109614973673738,0.8100363316869301,0.608,,
falcon3_7b_instruct,Falcon,mmlu_all,7,cheap_plus_hidden_summary,logreg,1000,300,0.8017787297448313,0.8006253012642699,0.7517078340262493,0.8451228701355336,0.608,,
falcon3_7b_instruct,Falcon,mmlu_all,7,cheap_plus_hidden_summary,mlp,1000,300,0.8204041720990873,0.8187836420699284,0.7729503841327781,0.8624524326906737,0.608,,
falcon3_7b_instruct,Falcon,mmlu_all,7,cheap_plus_hidden_summary,extratrees,1000,300,0.8372136338238033,0.8353906704850926,0.7907056451233843,0.8758082326514736,0.608,,
falcon3_7b_instruct,Falcon,mmlu_all,7,cheap_plus_hidden_summary,hgb,1000,300,0.8142577761221829,0.8137983862830096,0.7709769239550109,0.859303603578936,0.608,,
falcon3_7b_instruct,Falcon,mmlu_all,7,pca_hidden_embeddings,logreg,1000,300,0.8090892158688769,0.8076427912042624,0.7619617644176643,0.8492343668637771,0.608,64.0,0.7522546648979187
falcon3_7b_instruct,Falcon,mmlu_all,7,pca_hidden_embeddings,mlp,1000,300,0.7972620599739244,0.7960307094259955,0.742671825609734,0.8408802458458697,0.608,64.0,0.7522546648979187
falcon3_7b_instruct,Falcon,mmlu_all,7,pca_hidden_embeddings,extratrees,1000,300,0.8219873346991992,0.8207404493101956,0.7755517238528317,0.8631796245676311,0.608,64.0,0.7522546648979187
falcon3_7b_instruct,Falcon,mmlu_all,7,pca_hidden_embeddings,hgb,1000,300,0.8025703110448873,0.8013360685146264,0.7545159482961222,0.848457715868621,0.608,64.0,0.7522546648979187
falcon3_7b_instruct,Falcon,mmlu_all,7,cheap_plus_pca_hidden,logreg,1000,300,0.8213354442168002,0.8197795400062998,0.7713850160958377,0.861093240582045,0.608,64.0,0.7522546648979187
falcon3_7b_instruct,Falcon,mmlu_all,7,cheap_plus_pca_hidden,mlp,1000,300,0.8233376792698828,0.8223782632641174,0.7746238172430704,0.8655666067893334,0.608,64.0,0.7522546648979187
falcon3_7b_instruct,Falcon,mmlu_all,7,cheap_plus_pca_hidden,extratrees,1000,300,0.8431272117712796,0.8416239868820139,0.7957120413334688,0.8816127998680174,0.608,64.0,0.7522546648979187
falcon3_7b_instruct,Falcon,mmlu_all,7,cheap_plus_pca_hidden,hgb,1000,300,0.8145371577574967,0.8139674905328551,0.7684861996708041,0.8617043570363324,0.608,64.0,0.7522546648979187
falcon3_7b_instruct,Falcon,mmlu_all,123,direct_pmax,none,1000,300,0.736822499534364,0.7370218222650702,0.6776776026392962,0.7932909507308173,,,
falcon3_7b_instruct,Falcon,mmlu_all,123,cheap_confidence_option,logreg,1000,300,0.762292791953809,0.7612605478016751,0.7012659721324705,0.8230583338141197,0.608,,
falcon3_7b_instruct,Falcon,mmlu_all,123,cheap_confidence_option,mlp,1000,300,0.7669025889364873,0.7659159237895561,0.708774988419952,0.8220913871403295,0.608,,
falcon3_7b_instruct,Falcon,mmlu_all,123,cheap_confidence_option,extratrees,1000,300,0.7672750977835724,0.767019596785186,0.7124658954249627,0.8273185483870968,0.608,,
falcon3_7b_instruct,Falcon,mmlu_all,123,cheap_confidence_option,hgb,1000,300,0.742642950270069,0.7420695032526735,0.6829259632010789,0.7976793789840234,0.608,,
falcon3_7b_instruct,Falcon,mmlu_all,123,hidden_summary_only,logreg,1000,300,0.7349599552989382,0.7341383968869091,0.6760075199850216,0.7918971412542778,0.608,,
falcon3_7b_instruct,Falcon,mmlu_all,123,hidden_summary_only,mlp,1000,300,0.7649469174892903,0.763328785562448,0.7083457310320085,0.8203788418661309,0.608,,
falcon3_7b_instruct,Falcon,mmlu_all,123,hidden_summary_only,extratrees,1000,300,0.770022350530825,0.7675105840061414,0.7076296747290326,0.8243448192108906,0.608,,
falcon3_7b_instruct,Falcon,mmlu_all,123,hidden_summary_only,hgb,1000,300,0.7416185509405848,0.7392436407213101,0.6792671415119697,0.7962672052017131,0.608,,
falcon3_7b_instruct,Falcon,mmlu_all,123,cheap_plus_hidden_summary,logreg,1000,300,0.7510243993294842,0.7504594771762414,0.6943452762515262,0.8110319936337306,0.608,,
falcon3_7b_instruct,Falcon,mmlu_all,123,cheap_plus_hidden_summary,mlp,1000,300,0.7682063699012852,0.7669898472561738,0.705515826121325,0.8253412223513477,0.608,,
falcon3_7b_instruct,Falcon,mmlu_all,123,cheap_plus_hidden_summary,extratrees,1000,300,0.7757031104488732,0.7749293971629423,0.7188603702346041,0.8363839971139697,0.608,,
falcon3_7b_instruct,Falcon,mmlu_all,123,cheap_plus_hidden_summary,hgb,1000,300,0.7343080648165394,0.7337454622218125,0.6741193629032258,0.7954042380774536,0.608,,
falcon3_7b_instruct,Falcon,mmlu_all,123,pca_hidden_embeddings,logreg,1000,300,0.7547494878003352,0.7539533713446467,0.6988418280223058,0.8112868240516771,0.608,64.0,0.75922691822052
falcon3_7b_instruct,Falcon,mmlu_all,123,pca_hidden_embeddings,mlp,1000,300,0.7662041348482027,0.7653092809930077,0.7122383049168474,0.824208109975822,0.608,64.0,0.75922691822052
falcon3_7b_instruct,Falcon,mmlu_all,123,pca_hidden_embeddings,extratrees,1000,300,0.8038740920096852,0.8020700477330382,0.7489826994134896,0.8531653034465535,0.608,64.0,0.75922691822052
falcon3_7b_instruct,Falcon,mmlu_all,123,pca_hidden_embeddings,hgb,1000,300,0.783618923449432,0.7823157202725141,0.7246002840848828,0.8421771711643791,0.608,64.0,0.75922691822052
falcon3_7b_instruct,Falcon,mmlu_all,123,cheap_plus_pca_hidden,logreg,1000,300,0.7505587632706276,0.7497650692730671,0.691552145719046,0.813520971558428,0.608,64.0,0.75922691822052
falcon3_7b_instruct,Falcon,mmlu_all,123,cheap_plus_pca_hidden,mlp,1000,300,0.7642950270068914,0.762298922973068,0.7086510908054712,0.8190620717590956,0.608,64.0,0.75922691822052
falcon3_7b_instruct,Falcon,mmlu_all,123,cheap_plus_pca_hidden,extratrees,1000,300,0.7892996833674799,0.7877346015694024,0.7370543292725558,0.8450861603063214,0.608,64.0,0.75922691822052
falcon3_7b_instruct,Falcon,mmlu_all,123,cheap_plus_pca_hidden,hgb,1000,300,0.7413391693052711,0.7402107772064559,0.6881073588709677,0.8000006587297207,0.608,64.0,0.75922691822052
falcon3_7b_instruct,Falcon,mmlu_all,777,direct_pmax,none,1000,300,0.7428757682994971,0.741884922422834,0.6834160992696462,0.7975143728830176,,,
falcon3_7b_instruct,Falcon,mmlu_all,777,cheap_confidence_option,logreg,1000,300,0.7923263177500467,0.7926273046214104,0.7411728905424648,0.8451350867269984,0.608,,
falcon3_7b_instruct,Falcon,mmlu_all,777,cheap_confidence_option,mlp,1000,300,0.7865058670143416,0.7868282791379003,0.7311193789904,0.8428569575662145,0.608,,
falcon3_7b_instruct,Falcon,mmlu_all,777,cheap_confidence_option,extratrees,1000,300,0.7878562115850252,0.7880982661699515,0.7361390372689876,0.8393283783976828,0.608,,
falcon3_7b_instruct,Falcon,mmlu_all,777,cheap_confidence_option,hgb,1000,300,0.7689513875954553,0.7702544643699116,0.7107816643211874,0.8208695389719793,0.608,,
falcon3_7b_instruct,Falcon,mmlu_all,777,hidden_summary_only,logreg,1000,300,0.7940957347737008,0.7935465290359969,0.7428187617472565,0.8439343787337474,0.608,,
falcon3_7b_instruct,Falcon,mmlu_all,777,hidden_summary_only,mlp,1000,300,0.7782641087725833,0.7789217221571625,0.72283412454344,0.8394476964555865,0.608,,
falcon3_7b_instruct,Falcon,mmlu_all,777,hidden_summary_only,extratrees,1000,300,0.7949338796796425,0.7938650973568228,0.7423061718116304,0.8422616332043283,0.608,,
falcon3_7b_instruct,Falcon,mmlu_all,777,hidden_summary_only,hgb,1000,300,0.7911622276029056,0.7895371723822125,0.7326306292087542,0.8397600312948406,0.608,,
falcon3_7b_instruct,Falcon,mmlu_all,777,cheap_plus_hidden_summary,logreg,1000,300,0.7944682436207859,0.7937834928584291,0.7385870941970623,0.8476084908826783,0.608,,
falcon3_7b_instruct,Falcon,mmlu_all,777,cheap_plus_hidden_summary,mlp,1000,300,0.7850158316260011,0.78542262350715,0.7343665623804416,0.8364137571827732,0.608,,
falcon3_7b_instruct,Falcon,mmlu_all,777,cheap_plus_hidden_summary,extratrees,1000,300,0.7981933320916372,0.7977528743961979,0.7469434974747474,0.8490627358870818,0.608,,
falcon3_7b_instruct,Falcon,mmlu_all,777,cheap_plus_hidden_summary,hgb,1000,300,0.7855280312907432,0.7850264573514703,0.728372212962963,0.8334551158745384,0.608,,
falcon3_7b_instruct,Falcon,mmlu_all,777,pca_hidden_embeddings,logreg,1000,300,0.7994039858446639,0.7998946072873605,0.7491956461953296,0.855219748873285,0.608,64.0,0.7557008266448975
falcon3_7b_instruct,Falcon,mmlu_all,777,pca_hidden_embeddings,mlp,1000,300,0.7840379959024026,0.7838248562037956,0.7319192197870042,0.8336885398287233,0.608,64.0,0.7557008266448975
falcon3_7b_instruct,Falcon,mmlu_all,777,pca_hidden_embeddings,extratrees,1000,300,0.8027100018625443,0.8027188659030844,0.754446826024421,0.8500184424324119,0.608,64.0,0.7557008266448975
falcon3_7b_instruct,Falcon,mmlu_all,777,pca_hidden_embeddings,hgb,1000,300,0.7750977835723598,0.77525513027564,0.716577653175313,0.8362281218419935,0.608,64.0,0.7557008266448975
falcon3_7b_instruct,Falcon,mmlu_all,777,cheap_plus_pca_hidden,logreg,1000,300,0.8042466008567704,0.8041047916940975,0.7501062642772569,0.8523028232794825,0.608,64.0,0.7557008266448975
falcon3_7b_instruct,Falcon,mmlu_all,777,cheap_plus_pca_hidden,mlp,1000,300,0.788508102067424,0.7873012819335963,0.7307460060724679,0.8390725883543795,0.608,64.0,0.7557008266448975
falcon3_7b_instruct,Falcon,mmlu_all,777,cheap_plus_pca_hidden,extratrees,1000,300,0.7963773514620972,0.7963224697738551,0.747354152270336,0.8462202035830536,0.608,64.0,0.7557008266448975
falcon3_7b_instruct,Falcon,mmlu_all,777,cheap_plus_pca_hidden,hgb,1000,300,0.760476811324269,0.7608131814410338,0.6995053878028781,0.8161668176746291,0.608,64.0,0.7557008266448975
falcon3_7b_instruct,Falcon,mmlu_all,2025,direct_pmax,none,1000,300,0.7989849133916931,0.8016170611043557,0.7498479926522905,0.8471862674519542,,,
falcon3_7b_instruct,Falcon,mmlu_all,2025,cheap_confidence_option,logreg,1000,300,0.8183553734401192,0.8201337211262673,0.7696600331097767,0.8608443374624133,0.608,,
falcon3_7b_instruct,Falcon,mmlu_all,2025,cheap_confidence_option,mlp,1000,300,0.821754516669771,0.8233668225230769,0.7789051476946884,0.8649815595000021,0.608,,
falcon3_7b_instruct,Falcon,mmlu_all,2025,cheap_confidence_option,extratrees,1000,300,0.7997299310858632,0.8019517861958327,0.750839100015608,0.844402592229272,0.608,,
falcon3_7b_instruct,Falcon,mmlu_all,2025,cheap_confidence_option,hgb,1000,300,0.7528403799590241,0.755436388691152,0.7026185673131979,0.8063370589185561,0.608,,
falcon3_7b_instruct,Falcon,mmlu_all,2025,hidden_summary_only,logreg,1000,300,0.7878096479791395,0.7885175225390503,0.7394163756647698,0.8412711129964275,0.608,,
falcon3_7b_instruct,Falcon,mmlu_all,2025,hidden_summary_only,mlp,1000,300,0.7707208046191097,0.7715148757152425,0.7235474433049135,0.8269743193724981,0.608,,
falcon3_7b_instruct,Falcon,mmlu_all,2025,hidden_summary_only,extratrees,1000,300,0.8089960886571056,0.808557887812769,0.7636056739716902,0.8571287592592591,0.608,,
falcon3_7b_instruct,Falcon,mmlu_all,2025,hidden_summary_only,hgb,1000,300,0.7848295772024586,0.7831565511055044,0.726288513339082,0.8310050201406995,0.608,,
falcon3_7b_instruct,Falcon,mmlu_all,2025,cheap_plus_hidden_summary,logreg,1000,300,0.8098807971689328,0.8109415302469861,0.7597174880194622,0.8588578774873747,0.608,,
falcon3_7b_instruct,Falcon,mmlu_all,2025,cheap_plus_hidden_summary,mlp,1000,300,0.8249208418699945,0.8262835174631261,0.7794526199541337,0.8690028712568543,0.608,,
falcon3_7b_instruct,Falcon,mmlu_all,2025,cheap_plus_hidden_summary,extratrees,1000,300,0.819938536040231,0.821078663484754,0.7730840619953524,0.862876437132785,0.608,,
falcon3_7b_instruct,Falcon,mmlu_all,2025,cheap_plus_hidden_summary,hgb,1000,300,0.7703482957720246,0.771422763574415,0.7155898098896769,0.8211807943475462,0.608,,
falcon3_7b_instruct,Falcon,mmlu_all,2025,pca_hidden_embeddings,logreg,1000,300,0.796796423915068,0.7966454520944517,0.7461432890556671,0.8422689756963357,0.608,64.0,0.7595226764678955
falcon3_7b_instruct,Falcon,mmlu_all,2025,pca_hidden_embeddings,mlp,1000,300,0.7726299124604208,0.7718676090893145,0.7214694358265589,0.8209970941148123,0.608,64.0,0.7595226764678955
falcon3_7b_instruct,Falcon,mmlu_all,2025,pca_hidden_embeddings,extratrees,1000,300,0.8204041720990873,0.8198758050668837,0.7761051563449682,0.8657609494022387,0.608,64.0,0.7595226764678955
falcon3_7b_instruct,Falcon,mmlu_all,2025,pca_hidden_embeddings,hgb,1000,300,0.7607561929595829,0.7593408844201082,0.7064815515522447,0.8113811257024833,0.608,64.0,0.7595226764678955
falcon3_7b_instruct,Falcon,mmlu_all,2025,cheap_plus_pca_hidden,logreg,1000,300,0.7944216800149003,0.7945228166986024,0.7441558586313515,0.8411566309820969,0.608,64.0,0.7595226764678955
falcon3_7b_instruct,Falcon,mmlu_all,2025,cheap_plus_pca_hidden,mlp,1000,300,0.797448314397467,0.7981777499886058,0.7479234320162405,0.8394703849728413,0.608,64.0,0.7595226764678955
falcon3_7b_instruct,Falcon,mmlu_all,2025,cheap_plus_pca_hidden,extratrees,1000,300,0.8277612218290185,0.8283834258569232,0.7823646885521885,0.8683643012885709,0.608,64.0,0.7595226764678955
falcon3_7b_instruct,Falcon,mmlu_all,2025,cheap_plus_pca_hidden,hgb,1000,300,0.7786831812255541,0.7793007744387488,0.7272729331463832,0.8273671940543812,0.608,64.0,0.7595226764678955
mistral7b_v03,Mistral,arc_challenge,42,direct_pmax,none,299,90,0.6785714285714286,0.6818028198086646,0.5607812745806541,0.8003087069733658,,,
mistral7b_v03,Mistral,arc_challenge,42,cheap_confidence_option,logreg,299,90,0.66,0.6646183781443024,0.5360373276104701,0.7886936619718309,0.7792642140468228,,
mistral7b_v03,Mistral,arc_challenge,42,cheap_confidence_option,mlp,299,90,0.6814285714285714,0.6828809938722725,0.5523371650468111,0.8135265950841605,0.7792642140468228,,
mistral7b_v03,Mistral,arc_challenge,42,cheap_confidence_option,extratrees,299,90,0.6857142857142857,0.6894232048825776,0.5626376850848682,0.8204971796937953,0.7792642140468228,,
mistral7b_v03,Mistral,arc_challenge,42,cheap_confidence_option,hgb,299,90,0.6771428571428572,0.6734020187009105,0.5451991922218714,0.7880531904309682,0.7792642140468228,,
mistral7b_v03,Mistral,arc_challenge,42,hidden_summary_only,logreg,299,90,0.6257142857142858,0.6303844401809579,0.4879672264355363,0.7506556432730589,0.7792642140468228,,
mistral7b_v03,Mistral,arc_challenge,42,hidden_summary_only,mlp,299,90,0.5635714285714285,0.5642932718889673,0.40550860059002664,0.7150630272550292,0.7792642140468228,,
mistral7b_v03,Mistral,arc_challenge,42,hidden_summary_only,extratrees,299,90,0.7192857142857143,0.7148173925029998,0.6055936325697355,0.8229889416006311,0.7792642140468228,,
mistral7b_v03,Mistral,arc_challenge,42,hidden_summary_only,hgb,299,90,0.45714285714285713,0.4581887077403163,0.31541114672364673,0.5861695290004112,0.7792642140468228,,
mistral7b_v03,Mistral,arc_challenge,42,cheap_plus_hidden_summary,logreg,299,90,0.6421428571428571,0.6518110481394689,0.5119902450308842,0.781205969903447,0.7792642140468228,,
mistral7b_v03,Mistral,arc_challenge,42,cheap_plus_hidden_summary,mlp,299,90,0.6435714285714287,0.6441502676655507,0.4767278862569355,0.7705009384384384,0.7792642140468228,,
mistral7b_v03,Mistral,arc_challenge,42,cheap_plus_hidden_summary,extratrees,299,90,0.6764285714285714,0.6800635769108243,0.5591864367357788,0.7960739779364049,0.7792642140468228,,
mistral7b_v03,Mistral,arc_challenge,42,cheap_plus_hidden_summary,hgb,299,90,0.6714285714285715,0.6728967980460538,0.545385063052267,0.7899454018153996,0.7792642140468228,,
mistral7b_v03,Mistral,arc_challenge,42,pca_hidden_embeddings,logreg,299,90,0.5492857142857143,0.5510652549528247,0.4042010683760684,0.6972349152904707,0.7792642140468228,64.0,0.8052418231964111
mistral7b_v03,Mistral,arc_challenge,42,pca_hidden_embeddings,mlp,299,90,0.6407142857142857,0.6425356682746932,0.48727971044617635,0.7926627215689716,0.7792642140468228,64.0,0.8052418231964111
mistral7b_v03,Mistral,arc_challenge,42,pca_hidden_embeddings,extratrees,299,90,0.7085714285714285,0.709813012784075,0.5780217566478646,0.8324315197437596,0.7792642140468228,64.0,0.8052418231964111
mistral7b_v03,Mistral,arc_challenge,42,pca_hidden_embeddings,hgb,299,90,0.6299999999999999,0.6341816541323292,0.49365933897183895,0.7740331098132525,0.7792642140468228,64.0,0.8052418231964111
mistral7b_v03,Mistral,arc_challenge,42,cheap_plus_pca_hidden,logreg,299,90,0.515,0.5174896391977262,0.372901349997869,0.6780545321637427,0.7792642140468228,64.0,0.8052418231964111
mistral7b_v03,Mistral,arc_challenge,42,cheap_plus_pca_hidden,mlp,299,90,0.6564285714285715,0.6641816577041236,0.5126451835607537,0.7894207746478873,0.7792642140468228,64.0,0.8052418231964111
mistral7b_v03,Mistral,arc_challenge,42,cheap_plus_pca_hidden,extratrees,299,90,0.6957142857142857,0.697776859143733,0.5665982003129891,0.8167267023191782,0.7792642140468228,64.0,0.8052418231964111
mistral7b_v03,Mistral,arc_challenge,42,cheap_plus_pca_hidden,hgb,299,90,0.675,0.6773538885044359,0.5307254779566446,0.8142081322393822,0.7792642140468228,64.0,0.8052418231964111
mistral7b_v03,Mistral,arc_challenge,7,direct_pmax,none,299,90,0.7803571428571427,0.785382574632346,0.6719927313677314,0.8907761232990206,,,
mistral7b_v03,Mistral,arc_challenge,7,cheap_confidence_option,logreg,299,90,0.7264285714285714,0.7313691925979424,0.6147014345972003,0.8467147435897435,0.7792642140468228,,
mistral7b_v03,Mistral,arc_challenge,7,cheap_confidence_option,mlp,299,90,0.6321428571428572,0.6363925460303851,0.4936073617631716,0.7805793845315904,0.7792642140468228,,
mistral7b_v03,Mistral,arc_challenge,7,cheap_confidence_option,extratrees,299,90,0.7657142857142858,0.769065382718045,0.6390335767174002,0.8823136388393741,0.7792642140468228,,
mistral7b_v03,Mistral,arc_challenge,7,cheap_confidence_option,hgb,299,90,0.7257142857142856,0.7268831841827672,0.6025389606155452,0.8329770049886802,0.7792642140468228,,
mistral7b_v03,Mistral,arc_challenge,7,hidden_summary_only,logreg,299,90,0.735,0.7351585313252356,0.5906555367661245,0.8683377520234138,0.7792642140468228,,
mistral7b_v03,Mistral,arc_challenge,7,hidden_summary_only,mlp,299,90,0.46785714285714286,0.4688758011722405,0.33907533783783783,0.5935513638638638,0.7792642140468228,,
mistral7b_v03,Mistral,arc_challenge,7,hidden_summary_only,extratrees,299,90,0.6992857142857143,0.7019886718161088,0.5525922576394037,0.856308558641449,0.7792642140468228,,
mistral7b_v03,Mistral,arc_challenge,7,hidden_summary_only,hgb,299,90,0.7014285714285715,0.7031474869549487,0.5376913779210314,0.8345682432432432,0.7792642140468228,,
mistral7b_v03,Mistral,arc_challenge,7,cheap_plus_hidden_summary,logreg,299,90,0.7028571428571428,0.704552006352148,0.582841491589055,0.8159685828877006,0.7792642140468228,,
mistral7b_v03,Mistral,arc_challenge,7,cheap_plus_hidden_summary,mlp,299,90,0.48000000000000004,0.4819754237868467,0.34628711597067785,0.6193273386565086,0.7792642140468228,,
mistral7b_v03,Mistral,arc_challenge,7,cheap_plus_hidden_summary,extratrees,299,90,0.7685714285714286,0.7718452181457304,0.6570415866410584,0.8827759871071716,0.7792642140468228,,
mistral7b_v03,Mistral,arc_challenge,7,cheap_plus_hidden_summary,hgb,299,90,0.705,0.7036681187144279,0.5591944293968942,0.8288814464141819,0.7792642140468228,,
mistral7b_v03,Mistral,arc_challenge,7,pca_hidden_embeddings,logreg,299,90,0.7228571428571429,0.7280459264657579,0.5936194884115319,0.8583543266352972,0.7792642140468228,64.0,0.8029478788375854
mistral7b_v03,Mistral,arc_challenge,7,pca_hidden_embeddings,mlp,299,90,0.56,0.5596700621299526,0.39394272300469485,0.7247025863131177,0.7792642140468228,64.0,0.8029478788375854
mistral7b_v03,Mistral,arc_challenge,7,pca_hidden_embeddings,extratrees,299,90,0.6542857142857142,0.6560178447763098,0.5053986111111111,0.7925995702390544,0.7792642140468228,64.0,0.8029478788375854
mistral7b_v03,Mistral,arc_challenge,7,pca_hidden_embeddings,hgb,299,90,0.6357142857142857,0.6354027872985003,0.4966676056338028,0.7881072313510693,0.7792642140468228,64.0,0.8029478788375854
mistral7b_v03,Mistral,arc_challenge,7,cheap_plus_pca_hidden,logreg,299,90,0.7064285714285715,0.7111649287433653,0.5882969102615161,0.8330371601265344,0.7792642140468228,64.0,0.8029478788375854
mistral7b_v03,Mistral,arc_challenge,7,cheap_plus_pca_hidden,mlp,299,90,0.6107142857142858,0.6155174090346284,0.4839702182952183,0.7535998888065232,0.7792642140468228,64.0,0.8029478788375854
mistral7b_v03,Mistral,arc_challenge,7,cheap_plus_pca_hidden,extratrees,299,90,0.7507142857142858,0.7549173129162244,0.6330539558480734,0.8734405601253428,0.7792642140468228,64.0,0.8029478788375854
mistral7b_v03,Mistral,arc_challenge,7,cheap_plus_pca_hidden,hgb,299,90,0.705,0.7072044922399439,0.5605498120300753,0.8532890636291371,0.7792642140468228,64.0,0.8029478788375854
mistral7b_v03,Mistral,arc_challenge,123,direct_pmax,none,299,90,0.6517857142857143,0.6525039137484023,0.5055079527735777,0.773752369480038,,,
mistral7b_v03,Mistral,arc_challenge,123,cheap_confidence_option,logreg,299,90,0.615,0.6155932041091616,0.4573422986478542,0.7511964285714287,0.7792642140468228,,
mistral7b_v03,Mistral,arc_challenge,123,cheap_confidence_option,mlp,299,90,0.44571428571428573,0.4442611152222651,0.3096351351351352,0.5774654215550954,0.7792642140468228,,
mistral7b_v03,Mistral,arc_challenge,123,cheap_confidence_option,extratrees,299,90,0.6114285714285714,0.6116513595894403,0.44210154018020653,0.7574882821486082,0.7792642140468228,,
mistral7b_v03,Mistral,arc_challenge,123,cheap_confidence_option,hgb,299,90,0.6021428571428572,0.602542597859808,0.45643660873440284,0.7460023809523809,0.7792642140468228,,
mistral7b_v03,Mistral,arc_challenge,123,hidden_summary_only,logreg,299,90,0.705,0.7093800750307465,0.5853003597734675,0.8240637797718224,0.7792642140468228,,
mistral7b_v03,Mistral,arc_challenge,123,hidden_summary_only,mlp,299,90,0.6692857142857144,0.6743508266382837,0.5407662037037037,0.7995053140096618,0.7792642140468228,,
mistral7b_v03,Mistral,arc_challenge,123,hidden_summary_only,extratrees,299,90,0.6678571428571428,0.6710194443314998,0.5180096696212733,0.7967407407407407,0.7792642140468228,,
mistral7b_v03,Mistral,arc_challenge,123,hidden_summary_only,hgb,299,90,0.7135714285714286,0.7169612097961989,0.5871782701565836,0.83745729352347,0.7792642140468228,,
mistral7b_v03,Mistral,arc_challenge,123,cheap_plus_hidden_summary,logreg,299,90,0.6314285714285715,0.6325936436464963,0.48716692546583845,0.7595441067457375,0.7792642140468228,,
mistral7b_v03,Mistral,arc_challenge,123,cheap_plus_hidden_summary,mlp,299,90,0.6699999999999999,0.6741015439581033,0.5182194444444445,0.7979642857142857,0.7792642140468228,,
mistral7b_v03,Mistral,arc_challenge,123,cheap_plus_hidden_summary,extratrees,299,90,0.6471428571428571,0.6488027625374976,0.49353379629629635,0.7813153829909337,0.7792642140468228,,
mistral7b_v03,Mistral,arc_challenge,123,cheap_plus_hidden_summary,hgb,299,90,0.6271428571428571,0.6295122525782989,0.47649770229770233,0.777382180269368,0.7792642140468228,,
mistral7b_v03,Mistral,arc_challenge,123,pca_hidden_embeddings,logreg,299,90,0.5585714285714285,0.5592968850175911,0.4117321428571429,0.7154001795306142,0.7792642140468228,64.0,0.8032093048095703
mistral7b_v03,Mistral,arc_challenge,123,pca_hidden_embeddings,mlp,299,90,0.615,0.6108343209227236,0.4386875,0.7536359045990022,0.7792642140468228,64.0,0.8032093048095703
mistral7b_v03,Mistral,arc_challenge,123,pca_hidden_embeddings,extratrees,299,90,0.6357142857142858,0.6336751572880005,0.47767533383216304,0.7712575438027255,0.7792642140468228,64.0,0.8032093048095703
mistral7b_v03,Mistral,arc_challenge,123,pca_hidden_embeddings,hgb,299,90,0.5528571428571428,0.5472785504538612,0.38677427095515593,0.697217857142857,0.7792642140468228,64.0,0.8032093048095703
mistral7b_v03,Mistral,arc_challenge,123,cheap_plus_pca_hidden,logreg,299,90,0.5778571428571428,0.578881038550013,0.4225718170829976,0.735170201439985,0.7792642140468228,64.0,0.8032093048095703
mistral7b_v03,Mistral,arc_challenge,123,cheap_plus_pca_hidden,mlp,299,90,0.5114285714285715,0.5102261517659544,0.34940610683749734,0.6708784235438646,0.7792642140468228,64.0,0.8032093048095703
mistral7b_v03,Mistral,arc_challenge,123,cheap_plus_pca_hidden,extratrees,299,90,0.64,0.6405082408411039,0.47119946524064166,0.7786427307260639,0.7792642140468228,64.0,0.8032093048095703
mistral7b_v03,Mistral,arc_challenge,123,cheap_plus_pca_hidden,hgb,299,90,0.5428571428571428,0.5378819675510014,0.378191856452726,0.681625641025641,0.7792642140468228,64.0,0.8032093048095703
mistral7b_v03,Mistral,arc_challenge,777,direct_pmax,none,299,90,0.7592857142857142,0.75934656798764,0.6609422098367506,0.8506475435595731,,,
mistral7b_v03,Mistral,arc_challenge,777,cheap_confidence_option,logreg,299,90,0.7378571428571428,0.7371620642260474,0.6296488718775182,0.8325935878428465,0.7792642140468228,,
mistral7b_v03,Mistral,arc_challenge,777,cheap_confidence_option,mlp,299,90,0.6985714285714285,0.6938764425557096,0.559226146565128,0.8242830493809228,0.7792642140468228,,
mistral7b_v03,Mistral,arc_challenge,777,cheap_confidence_option,extratrees,299,90,0.7178571428571429,0.7178578652383465,0.6007620320855616,0.8200392857142857,0.7792642140468228,,
mistral7b_v03,Mistral,arc_challenge,777,cheap_confidence_option,hgb,299,90,0.7242857142857143,0.7240236917244227,0.6003010599019216,0.8167652027027027,0.7792642140468228,,
mistral7b_v03,Mistral,arc_challenge,777,hidden_summary_only,logreg,299,90,0.67,0.672261640009022,0.527066966966967,0.7956327160493827,0.7792642140468228,,
mistral7b_v03,Mistral,arc_challenge,777,hidden_summary_only,mlp,299,90,0.5785714285714285,0.5829349934752579,0.4283804012345679,0.723972413427936,0.7792642140468228,,
mistral7b_v03,Mistral,arc_challenge,777,hidden_summary_only,extratrees,299,90,0.7157142857142857,0.7193770550381555,0.5905748798076923,0.8360532407407407,0.7792642140468228,,
mistral7b_v03,Mistral,arc_challenge,777,hidden_summary_only,hgb,299,90,0.6414285714285715,0.6356702626531101,0.48091955179817497,0.7851029107893027,0.7792642140468228,,
mistral7b_v03,Mistral,arc_challenge,777,cheap_plus_hidden_summary,logreg,299,90,0.6892857142857143,0.6910952470410291,0.570270763784966,0.8077416235183563,0.7792642140468228,,
mistral7b_v03,Mistral,arc_challenge,777,cheap_plus_hidden_summary,mlp,299,90,0.5978571428571429,0.6019878628927692,0.4426785714285714,0.7371141975308639,0.7792642140468228,,
mistral7b_v03,Mistral,arc_challenge,777,cheap_plus_hidden_summary,extratrees,299,90,0.7278571428571429,0.7300666703630936,0.6271055555555556,0.8423399962462462,0.7792642140468228,,
mistral7b_v03,Mistral,arc_challenge,777,cheap_plus_hidden_summary,hgb,299,90,0.73,0.7306209086964461,0.6118508403361345,0.8583465724090723,0.7792642140468228,,
mistral7b_v03,Mistral,arc_challenge,777,pca_hidden_embeddings,logreg,299,90,0.6592857142857143,0.6591235430216452,0.5141102941176471,0.8127262205387205,0.7792642140468228,64.0,0.8046109676361084
mistral7b_v03,Mistral,arc_challenge,777,pca_hidden_embeddings,mlp,299,90,0.5035714285714286,0.4999671086605357,0.3574614197530864,0.6726338366540884,0.7792642140468228,64.0,0.8046109676361084
mistral7b_v03,Mistral,arc_challenge,777,pca_hidden_embeddings,extratrees,299,90,0.6721428571428572,0.6740806926110477,0.5370305590549157,0.8022221283783784,0.7792642140468228,64.0,0.8046109676361084
mistral7b_v03,Mistral,arc_challenge,777,pca_hidden_embeddings,hgb,299,90,0.6378571428571428,0.6421027961722073,0.49623109024517476,0.7829222408026753,0.7792642140468228,64.0,0.8046109676361084
mistral7b_v03,Mistral,arc_challenge,777,cheap_plus_pca_hidden,logreg,299,90,0.6735714285714286,0.6741042690066966,0.5256428571428571,0.8255697503506726,0.7792642140468228,64.0,0.8046109676361084
mistral7b_v03,Mistral,arc_challenge,777,cheap_plus_pca_hidden,mlp,299,90,0.6014285714285715,0.5991437194402918,0.46412676056338026,0.7261861182848974,0.7792642140468228,64.0,0.8046109676361084
mistral7b_v03,Mistral,arc_challenge,777,cheap_plus_pca_hidden,extratrees,299,90,0.7578571428571429,0.7578562448290349,0.65925736003861,0.8541928574928676,0.7792642140468228,64.0,0.8046109676361084
mistral7b_v03,Mistral,arc_challenge,777,cheap_plus_pca_hidden,hgb,299,90,0.7085714285714286,0.7114892593992769,0.5433666732686341,0.8518018768226623,0.7792642140468228,64.0,0.8046109676361084
mistral7b_v03,Mistral,arc_challenge,2025,direct_pmax,none,299,90,0.6889285714285714,0.6885993447350226,0.5689840579710145,0.8175700930180011,,,
mistral7b_v03,Mistral,arc_challenge,2025,cheap_confidence_option,logreg,299,90,0.6364285714285715,0.6349393741413202,0.4941005551950393,0.776609026364582,0.7792642140468228,,
mistral7b_v03,Mistral,arc_challenge,2025,cheap_confidence_option,mlp,299,90,0.6064285714285714,0.6066312200609737,0.4557820607857672,0.7699249066966365,0.7792642140468228,,
mistral7b_v03,Mistral,arc_challenge,2025,cheap_confidence_option,extratrees,299,90,0.6464285714285715,0.6454086237896691,0.5180041551644813,0.7947742110040497,0.7792642140468228,,
mistral7b_v03,Mistral,arc_challenge,2025,cheap_confidence_option,hgb,299,90,0.6178571428571429,0.6171121160515232,0.476594007554945,0.7580069119286509,0.7792642140468228,,
mistral7b_v03,Mistral,arc_challenge,2025,hidden_summary_only,logreg,299,90,0.7121428571428571,0.7133540655842254,0.581588866607249,0.8284231366459627,0.7792642140468228,,
mistral7b_v03,Mistral,arc_challenge,2025,hidden_summary_only,mlp,299,90,0.5842857142857142,0.5811859607792749,0.4219202516619183,0.7156256492902746,0.7792642140468228,,
mistral7b_v03,Mistral,arc_challenge,2025,hidden_summary_only,extratrees,299,90,0.6221428571428571,0.6215660006828825,0.4688843057983683,0.7570772946859903,0.7792642140468228,,
mistral7b_v03,Mistral,arc_challenge,2025,hidden_summary_only,hgb,299,90,0.6307142857142858,0.6312448436017822,0.49454979819563155,0.7691991946472642,0.7792642140468228,,
mistral7b_v03,Mistral,arc_challenge,2025,cheap_plus_hidden_summary,logreg,299,90,0.6921428571428572,0.6928964774346387,0.5608122996794872,0.798006636100386,0.7792642140468228,,
mistral7b_v03,Mistral,arc_challenge,2025,cheap_plus_hidden_summary,mlp,299,90,0.575,0.5639788948314127,0.3763731060606061,0.7082743055555554,0.7792642140468228,,
mistral7b_v03,Mistral,arc_challenge,2025,cheap_plus_hidden_summary,extratrees,299,90,0.6292857142857143,0.6284888156936006,0.49014773032500664,0.7645004830917874,0.7792642140468228,,
mistral7b_v03,Mistral,arc_challenge,2025,cheap_plus_hidden_summary,hgb,299,90,0.6757142857142857,0.6736959557298633,0.539423076923077,0.8047055984555984,0.7792642140468228,,
mistral7b_v03,Mistral,arc_challenge,2025,pca_hidden_embeddings,logreg,299,90,0.665,0.6638711176361598,0.5507945445445446,0.7748018285149493,0.7792642140468228,64.0,0.8033241629600525
mistral7b_v03,Mistral,arc_challenge,2025,pca_hidden_embeddings,mlp,299,90,0.5614285714285714,0.5614101174079028,0.4315441530691531,0.7069157200907628,0.7792642140468228,64.0,0.8033241629600525
mistral7b_v03,Mistral,arc_challenge,2025,pca_hidden_embeddings,extratrees,299,90,0.615,0.6090319110304626,0.4683830608068116,0.742014768806073,0.7792642140468228,64.0,0.8033241629600525
mistral7b_v03,Mistral,arc_challenge,2025,pca_hidden_embeddings,hgb,299,90,0.6178571428571429,0.6152200160194913,0.4844318400613014,0.7351353423817192,0.7792642140468228,64.0,0.8033241629600525
mistral7b_v03,Mistral,arc_challenge,2025,cheap_plus_pca_hidden,logreg,299,90,0.6421428571428571,0.6435337254637026,0.5166786246355485,0.7788988612748632,0.7792642140468228,64.0,0.8033241629600525
mistral7b_v03,Mistral,arc_challenge,2025,cheap_plus_pca_hidden,mlp,299,90,0.4678571428571428,0.4718612472857964,0.3330541478978979,0.6217872596153846,0.7792642140468228,64.0,0.8033241629600525
mistral7b_v03,Mistral,arc_challenge,2025,cheap_plus_pca_hidden,extratrees,299,90,0.65,0.6476185066423379,0.5113344696969697,0.7813664596273291,0.7792642140468228,64.0,0.8033241629600525
mistral7b_v03,Mistral,arc_challenge,2025,cheap_plus_pca_hidden,hgb,299,90,0.6692857142857143,0.6624063705486454,0.5187285753462224,0.7924042257259645,0.7792642140468228,64.0,0.8033241629600525
mistral7b_v03,Mistral,commonsenseqa,42,direct_pmax,none,1000,300,0.7002304888507719,0.704483211584013,0.630308845379869,0.7666951408724969,,,
mistral7b_v03,Mistral,commonsenseqa,42,cheap_confidence_option,logreg,1000,300,0.7032054030874786,0.7070780433948588,0.6384843510366791,0.7630315731874145,0.707,,
mistral7b_v03,Mistral,commonsenseqa,42,cheap_confidence_option,mlp,1000,300,0.6904481132075471,0.6950241206135144,0.6231607400194161,0.755172366621067,0.707,,
mistral7b_v03,Mistral,commonsenseqa,42,cheap_confidence_option,extratrees,1000,300,0.6816573756432247,0.6850838515418595,0.6162281013779605,0.7437669755207477,0.707,,
mistral7b_v03,Mistral,commonsenseqa,42,cheap_confidence_option,hgb,1000,300,0.6471912521440824,0.6484758198255977,0.5837267994689179,0.7061574868468674,0.707,,
mistral7b_v03,Mistral,commonsenseqa,42,hidden_summary_only,logreg,1000,300,0.669704116638079,0.6685992151880777,0.6017335968393996,0.7384332837472363,0.707,,
mistral7b_v03,Mistral,commonsenseqa,42,hidden_summary_only,mlp,1000,300,0.5862993138936535,0.5829835132430236,0.5070617471888699,0.6483627738450536,0.707,,
mistral7b_v03,Mistral,commonsenseqa,42,hidden_summary_only,extratrees,1000,300,0.6782268439108062,0.6769110506983779,0.6041389210635661,0.7487948112302952,0.707,,
mistral7b_v03,Mistral,commonsenseqa,42,hidden_summary_only,hgb,1000,300,0.64954974271012,0.6468284208268833,0.5783038207611738,0.7176572309381924,0.707,,
mistral7b_v03,Mistral,commonsenseqa,42,cheap_plus_hidden_summary,logreg,1000,300,0.7029373927958834,0.7052117407530164,0.6378921525062211,0.7561448232594742,0.707,,
mistral7b_v03,Mistral,commonsenseqa,42,cheap_plus_hidden_summary,mlp,1000,300,0.7065823327615781,0.708297916954586,0.640483327633379,0.7716856263787876,0.707,,
mistral7b_v03,Mistral,commonsenseqa,42,cheap_plus_hidden_summary,extratrees,1000,300,0.7206260720411664,0.723542777380901,0.653332829722015,0.7810127428064071,0.707,,
mistral7b_v03,Mistral,commonsenseqa,42,cheap_plus_hidden_summary,hgb,1000,300,0.6857847341337908,0.6876677471685213,0.6207265574488576,0.7476592600929468,0.707,,
mistral7b_v03,Mistral,commonsenseqa,42,pca_hidden_embeddings,logreg,1000,300,0.7167667238421955,0.7177985757381268,0.6505974207803311,0.778141642833371,0.707,64.0,0.6953515410423279
mistral7b_v03,Mistral,commonsenseqa,42,pca_hidden_embeddings,mlp,1000,300,0.6828366209262435,0.682822353722529,0.6175871045044088,0.7494076724627006,0.707,64.0,0.6953515410423279
mistral7b_v03,Mistral,commonsenseqa,42,pca_hidden_embeddings,extratrees,1000,300,0.6974163807890222,0.7009523657332681,0.6362552565427609,0.7569317861115261,0.707,64.0,0.6953515410423279
mistral7b_v03,Mistral,commonsenseqa,42,pca_hidden_embeddings,hgb,1000,300,0.6664879931389366,0.6691109181437084,0.5965748700231069,0.736645894461216,0.707,64.0,0.6953515410423279
mistral7b_v03,Mistral,commonsenseqa,42,cheap_plus_pca_hidden,logreg,1000,300,0.6960227272727272,0.6972731385621306,0.6279893276587121,0.7574193867999383,0.707,64.0,0.6953515410423279
mistral7b_v03,Mistral,commonsenseqa,42,cheap_plus_pca_hidden,mlp,1000,300,0.6835334476843911,0.686834843958777,0.6202208963248365,0.747220293972283,0.707,64.0,0.6953515410423279
mistral7b_v03,Mistral,commonsenseqa,42,cheap_plus_pca_hidden,extratrees,1000,300,0.7139258147512865,0.7178796448351067,0.64824353042509,0.7758752598257345,0.707,64.0,0.6953515410423279
mistral7b_v03,Mistral,commonsenseqa,42,cheap_plus_pca_hidden,hgb,1000,300,0.688893653516295,0.6923863103826675,0.6213450782631601,0.7475646638715052,0.707,64.0,0.6953515410423279
mistral7b_v03,Mistral,commonsenseqa,7,direct_pmax,none,1000,300,0.7217517152658661,0.724574292731346,0.6641995879841028,0.783165162037037,,,
mistral7b_v03,Mistral,commonsenseqa,7,cheap_confidence_option,logreg,1000,300,0.7587907375643226,0.7598539561032124,0.7067801234637308,0.8163366578359565,0.707,,
mistral7b_v03,Mistral,commonsenseqa,7,cheap_confidence_option,mlp,1000,300,0.7195004288164666,0.7210013201596657,0.6551578765009302,0.7737124025978876,0.707,,
mistral7b_v03,Mistral,commonsenseqa,7,cheap_confidence_option,extratrees,1000,300,0.7101200686106346,0.7107826766693123,0.6391180551327583,0.7659875177282472,0.707,,
mistral7b_v03,Mistral,commonsenseqa,7,cheap_confidence_option,hgb,1000,300,0.6795668953687821,0.6801811457098982,0.6072754651162791,0.7447218926496922,0.707,,
mistral7b_v03,Mistral,commonsenseqa,7,hidden_summary_only,logreg,1000,300,0.665630360205832,0.6636332382935944,0.6038050207261222,0.7275861800672102,0.707,,
mistral7b_v03,Mistral,commonsenseqa,7,hidden_summary_only,mlp,1000,300,0.6315930531732418,0.6301233248088747,0.5629972580554934,0.7023814846837941,0.707,,
mistral7b_v03,Mistral,commonsenseqa,7,hidden_summary_only,extratrees,1000,300,0.6460120068610634,0.6451844734959719,0.5819815220209711,0.7115187400281962,0.707,,
mistral7b_v03,Mistral,commonsenseqa,7,hidden_summary_only,hgb,1000,300,0.6363100343053173,0.6384424421305838,0.5739935981188796,0.7030428485854082,0.707,,
mistral7b_v03,Mistral,commonsenseqa,7,cheap_plus_hidden_summary,logreg,1000,300,0.7487135506003431,0.7495763262641488,0.6916729084265152,0.8029505465975392,0.707,,
mistral7b_v03,Mistral,commonsenseqa,7,cheap_plus_hidden_summary,mlp,1000,300,0.7000964837049743,0.7007090540921018,0.6415880693069306,0.763522875461856,0.707,,
mistral7b_v03,Mistral,commonsenseqa,7,cheap_plus_hidden_summary,extratrees,1000,300,0.7371355060034306,0.7381188932248178,0.6770232079654239,0.7968856072005999,0.707,,
mistral7b_v03,Mistral,commonsenseqa,7,cheap_plus_hidden_summary,hgb,1000,300,0.7140330188679246,0.7153824048974682,0.646245665292729,0.772280772065416,0.707,,
mistral7b_v03,Mistral,commonsenseqa,7,pca_hidden_embeddings,logreg,1000,300,0.7375643224699829,0.7379028995261321,0.6734509676012354,0.7934628372834254,0.707,64.0,0.6979317665100098
mistral7b_v03,Mistral,commonsenseqa,7,pca_hidden_embeddings,mlp,1000,300,0.7029373927958834,0.7036993195042182,0.6409287232064466,0.7661849905891706,0.707,64.0,0.6979317665100098
mistral7b_v03,Mistral,commonsenseqa,7,pca_hidden_embeddings,extratrees,1000,300,0.7082439965694682,0.7090732648750869,0.6538372586619665,0.7681903496910306,0.707,64.0,0.6979317665100098
mistral7b_v03,Mistral,commonsenseqa,7,pca_hidden_embeddings,hgb,1000,300,0.6830510291595197,0.6853256524473401,0.6249219689248393,0.7437362644875025,0.707,64.0,0.6979317665100098
mistral7b_v03,Mistral,commonsenseqa,7,cheap_plus_pca_hidden,logreg,1000,300,0.7529481132075471,0.7526638203565895,0.689807518382353,0.8089506804906964,0.707,64.0,0.6979317665100098
mistral7b_v03,Mistral,commonsenseqa,7,cheap_plus_pca_hidden,mlp,1000,300,0.7155338765008575,0.7155053148055892,0.6544192923853693,0.7756379144920299,0.707,64.0,0.6979317665100098
mistral7b_v03,Mistral,commonsenseqa,7,cheap_plus_pca_hidden,extratrees,1000,300,0.7431925385934819,0.7447054742914261,0.6824278231874145,0.7990004766276754,0.707,64.0,0.6979317665100098
mistral7b_v03,Mistral,commonsenseqa,7,cheap_plus_pca_hidden,hgb,1000,300,0.6987028301886791,0.7003785834542264,0.6295814892680581,0.7634192008578403,0.707,64.0,0.6979317665100098
mistral7b_v03,Mistral,commonsenseqa,123,direct_pmax,none,1000,300,0.7584155231560892,0.7568257435729365,0.6945915063562123,0.8157145798197439,,,
mistral7b_v03,Mistral,commonsenseqa,123,cheap_confidence_option,logreg,1000,300,0.7520904802744425,0.7518163564799736,0.6838801070979221,0.8108291827668207,0.707,,
mistral7b_v03,Mistral,commonsenseqa,123,cheap_confidence_option,mlp,1000,300,0.7614172384219554,0.7607654160790379,0.7000716138965495,0.8175070229704375,0.707,,
mistral7b_v03,Mistral,commonsenseqa,123,cheap_confidence_option,extratrees,1000,300,0.7153194682675814,0.7166051271279816,0.6481117022894225,0.7791853869723886,0.707,,
mistral7b_v03,Mistral,commonsenseqa,123,cheap_confidence_option,hgb,1000,300,0.6821933962264153,0.6839819519072811,0.6242590174924919,0.7455213849405425,0.707,,
mistral7b_v03,Mistral,commonsenseqa,123,hidden_summary_only,logreg,1000,300,0.7148906518010292,0.7128063978636549,0.6519228490461739,0.7804146990133838,0.707,,
mistral7b_v03,Mistral,commonsenseqa,123,hidden_summary_only,mlp,1000,300,0.6886256432246999,0.6875236548975482,0.6234213143641699,0.7530193972614885,0.707,,
mistral7b_v03,Mistral,commonsenseqa,123,hidden_summary_only,extratrees,1000,300,0.6854095197255575,0.6848238011622837,0.6221717905177419,0.7427539214023863,0.707,,
mistral7b_v03,Mistral,commonsenseqa,123,hidden_summary_only,hgb,1000,300,0.6690608919382504,0.6688255621363152,0.6006849143337853,0.7310525857825226,0.707,,
mistral7b_v03,Mistral,commonsenseqa,123,cheap_plus_hidden_summary,logreg,1000,300,0.7638829331046312,0.762869231514103,0.7030776837089803,0.8258627105564531,0.707,,
mistral7b_v03,Mistral,commonsenseqa,123,cheap_plus_hidden_summary,mlp,1000,300,0.7054030874785592,0.7040211949968133,0.639874341406239,0.7725093972262694,0.707,,
mistral7b_v03,Mistral,commonsenseqa,123,cheap_plus_hidden_summary,extratrees,1000,300,0.7469446826758147,0.7467661327479636,0.6812390993635505,0.8054591250032053,0.707,,
mistral7b_v03,Mistral,commonsenseqa,123,cheap_plus_hidden_summary,hgb,1000,300,0.7281839622641508,0.7291358877924426,0.6642607295541614,0.7845352389329827,0.707,,
mistral7b_v03,Mistral,commonsenseqa,123,pca_hidden_embeddings,logreg,1000,300,0.7407804459691252,0.740858476034048,0.6825791172755539,0.7998078113213879,0.707,64.0,0.6987025737762451
mistral7b_v03,Mistral,commonsenseqa,123,pca_hidden_embeddings,mlp,1000,300,0.6693289022298456,0.6684628502066203,0.609619559200604,0.7287443963004104,0.707,64.0,0.6987025737762451
mistral7b_v03,Mistral,commonsenseqa,123,pca_hidden_embeddings,extratrees,1000,300,0.7226629502572899,0.7210417021996307,0.6584904490113148,0.782523358093509,0.707,64.0,0.6987025737762451
mistral7b_v03,Mistral,commonsenseqa,123,pca_hidden_embeddings,hgb,1000,300,0.6850343053173241,0.6855071727483492,0.6227170881671115,0.7601898584815009,0.707,64.0,0.6987025737762451
mistral7b_v03,Mistral,commonsenseqa,123,cheap_plus_pca_hidden,logreg,1000,300,0.7405124356775301,0.7415364966321887,0.6787417867410936,0.7974950731712064,0.707,64.0,0.6987025737762451
mistral7b_v03,Mistral,commonsenseqa,123,cheap_plus_pca_hidden,mlp,1000,300,0.49308533447684394,0.4929873951799546,0.419996222546004,0.5616692520890212,0.707,64.0,0.6987025737762451
mistral7b_v03,Mistral,commonsenseqa,123,cheap_plus_pca_hidden,extratrees,1000,300,0.7565394511149228,0.7563713736291394,0.6960975485845973,0.8119939626010941,0.707,64.0,0.6987025737762451
mistral7b_v03,Mistral,commonsenseqa,123,cheap_plus_pca_hidden,hgb,1000,300,0.7216445111492281,0.7212793728833895,0.6666510961923553,0.7818673503411564,0.707,64.0,0.6987025737762451
mistral7b_v03,Mistral,commonsenseqa,777,direct_pmax,none,1000,300,0.7485259433962264,0.7492848041019909,0.6924275474019975,0.8050251225135595,,,
mistral7b_v03,Mistral,commonsenseqa,777,cheap_confidence_option,logreg,1000,300,0.763507718696398,0.7618631398235478,0.7122260968561703,0.8144128764599801,0.707,,
mistral7b_v03,Mistral,commonsenseqa,777,cheap_confidence_option,mlp,1000,300,0.5781518010291595,0.5778035542777108,0.5072148692902769,0.6446004603320554,0.707,,
mistral7b_v03,Mistral,commonsenseqa,777,cheap_confidence_option,extratrees,1000,300,0.7209476843910805,0.719754145626636,0.6649948893657747,0.7792102615831062,0.707,,
mistral7b_v03,Mistral,commonsenseqa,777,cheap_confidence_option,hgb,1000,300,0.6770475986277874,0.6762906733176387,0.6142408437811517,0.734666943400839,0.707,,
mistral7b_v03,Mistral,commonsenseqa,777,hidden_summary_only,logreg,1000,300,0.6894832761578044,0.6889151456058784,0.6254114983537319,0.7480878269477014,0.707,,
mistral7b_v03,Mistral,commonsenseqa,777,hidden_summary_only,mlp,1000,300,0.5617495711835334,0.559177846107251,0.4825133896429101,0.634956314740023,0.707,,
mistral7b_v03,Mistral,commonsenseqa,777,hidden_summary_only,extratrees,1000,300,0.6571076329331046,0.6544820815787098,0.5921484094714183,0.7238636091330837,0.707,,
mistral7b_v03,Mistral,commonsenseqa,777,hidden_summary_only,hgb,1000,300,0.6603237564322469,0.660428380780339,0.5977413513716446,0.7298743386243385,0.707,,
mistral7b_v03,Mistral,commonsenseqa,777,cheap_plus_hidden_summary,logreg,1000,300,0.7489815608919382,0.7486106796829077,0.6956841776895943,0.8000487553133234,0.707,,
mistral7b_v03,Mistral,commonsenseqa,777,cheap_plus_hidden_summary,mlp,1000,300,0.7358490566037736,0.7368544494856201,0.6778091994182965,0.7968246475111463,0.707,,
mistral7b_v03,Mistral,commonsenseqa,777,cheap_plus_hidden_summary,extratrees,1000,300,0.7523048885077187,0.7515315509890516,0.6954591131691867,0.8113067667160738,0.707,,
mistral7b_v03,Mistral,commonsenseqa,777,cheap_plus_hidden_summary,hgb,1000,300,0.721483704974271,0.7220076452867541,0.6594584033821339,0.7799055568931489,0.707,,
mistral7b_v03,Mistral,commonsenseqa,777,pca_hidden_embeddings,logreg,1000,300,0.707868782161235,0.7076114235356034,0.6473673822604354,0.7669306555656792,0.707,64.0,0.6983622908592224
mistral7b_v03,Mistral,commonsenseqa,777,pca_hidden_embeddings,mlp,1000,300,0.6566788164665522,0.6552769854750846,0.5840485799441023,0.7115372271570307,0.707,64.0,0.6983622908592224
mistral7b_v03,Mistral,commonsenseqa,777,pca_hidden_embeddings,extratrees,1000,300,0.7074399656946826,0.7063172305976224,0.6556601741901413,0.7616567925068188,0.707,64.0,0.6983622908592224
mistral7b_v03,Mistral,commonsenseqa,777,pca_hidden_embeddings,hgb,1000,300,0.6832118353344767,0.6829974226153681,0.6182732760905013,0.7444280320296296,0.707,64.0,0.6983622908592224
mistral7b_v03,Mistral,commonsenseqa,777,cheap_plus_pca_hidden,logreg,1000,300,0.7346162092624358,0.7354823331837644,0.6767271898654527,0.7849971837655544,0.707,64.0,0.6983622908592224
mistral7b_v03,Mistral,commonsenseqa,777,cheap_plus_pca_hidden,mlp,1000,300,0.6062928816466552,0.6049080690999911,0.5342122977996194,0.6782805482448074,0.707,64.0,0.6983622908592224
mistral7b_v03,Mistral,commonsenseqa,777,cheap_plus_pca_hidden,extratrees,1000,300,0.7568610634648372,0.7563696639849526,0.705447051220045,0.8075988902505445,0.707,64.0,0.6983622908592224
mistral7b_v03,Mistral,commonsenseqa,777,cheap_plus_pca_hidden,hgb,1000,300,0.7024013722126929,0.7018114649555078,0.6424538378714546,0.7608644702394701,0.707,64.0,0.6983622908592224
mistral7b_v03,Mistral,commonsenseqa,2025,direct_pmax,none,1000,300,0.7477219125214407,0.7485217302369039,0.6897658420979423,0.7983405400512478,,,
mistral7b_v03,Mistral,commonsenseqa,2025,cheap_confidence_option,logreg,1000,300,0.7505360205831904,0.7507886616575612,0.6882696914202852,0.8055545546240261,0.707,,
mistral7b_v03,Mistral,commonsenseqa,2025,cheap_confidence_option,mlp,1000,300,0.7333833619210977,0.7346422778294934,0.6699341649197821,0.7969589646464644,0.707,,
mistral7b_v03,Mistral,commonsenseqa,2025,cheap_confidence_option,extratrees,1000,300,0.7306496569468267,0.7314287750158635,0.6711156509766932,0.7914844506885482,0.707,,
mistral7b_v03,Mistral,commonsenseqa,2025,cheap_confidence_option,hgb,1000,300,0.6556067753001715,0.655351742252239,0.5903978105806501,0.7177275653458453,0.707,,
mistral7b_v03,Mistral,commonsenseqa,2025,hidden_summary_only,logreg,1000,300,0.7080831903945111,0.7114746829238311,0.636137989325992,0.7670578304164357,0.707,,
mistral7b_v03,Mistral,commonsenseqa,2025,hidden_summary_only,mlp,1000,300,0.6838014579759863,0.6864940416164216,0.6238888357780051,0.7443527753470189,0.707,,
mistral7b_v03,Mistral,commonsenseqa,2025,hidden_summary_only,extratrees,1000,300,0.7049742710120069,0.7078174320665818,0.6434150796018664,0.7710916533024044,0.707,,
mistral7b_v03,Mistral,commonsenseqa,2025,hidden_summary_only,hgb,1000,300,0.6532482847341338,0.6535769630342675,0.5903191394610701,0.7179491632097132,0.707,,
mistral7b_v03,Mistral,commonsenseqa,2025,cheap_plus_hidden_summary,logreg,1000,300,0.7483919382504288,0.7485544204043505,0.6830912734241815,0.801244903731746,0.707,,
mistral7b_v03,Mistral,commonsenseqa,2025,cheap_plus_hidden_summary,mlp,1000,300,0.7233061749571184,0.7251535381417324,0.657162919571035,0.788465003335105,0.707,,
mistral7b_v03,Mistral,commonsenseqa,2025,cheap_plus_hidden_summary,extratrees,1000,300,0.7625964837049741,0.7633115658296082,0.7079556834554617,0.8193651621558533,0.707,,
mistral7b_v03,Mistral,commonsenseqa,2025,cheap_plus_hidden_summary,hgb,1000,300,0.7007397084048027,0.7005383079897295,0.6407435290404041,0.7615574673623021,0.707,,
mistral7b_v03,Mistral,commonsenseqa,2025,pca_hidden_embeddings,logreg,1000,300,0.7237349914236707,0.7266679317365888,0.6654756303918558,0.7837919297393556,0.707,64.0,0.6980063319206238
mistral7b_v03,Mistral,commonsenseqa,2025,pca_hidden_embeddings,mlp,1000,300,0.720090051457976,0.7214626033006749,0.6670164870490064,0.7761147410198117,0.707,64.0,0.6980063319206238
mistral7b_v03,Mistral,commonsenseqa,2025,pca_hidden_embeddings,extratrees,1000,300,0.7239493996569468,0.7272755952131079,0.6689184200366706,0.7909765200027542,0.707,64.0,0.6980063319206238
mistral7b_v03,Mistral,commonsenseqa,2025,pca_hidden_embeddings,hgb,1000,300,0.6548027444253859,0.6565639933832224,0.5879849499011124,0.7238754680059925,0.707,64.0,0.6980063319206238
mistral7b_v03,Mistral,commonsenseqa,2025,cheap_plus_pca_hidden,logreg,1000,300,0.7349378216123499,0.7359853572670685,0.6754821426319242,0.7871404512229475,0.707,64.0,0.6980063319206238
mistral7b_v03,Mistral,commonsenseqa,2025,cheap_plus_pca_hidden,mlp,1000,300,0.6548027444253859,0.6560124198592062,0.5837841903247829,0.7209595973073064,0.707,64.0,0.6980063319206238
mistral7b_v03,Mistral,commonsenseqa,2025,cheap_plus_pca_hidden,extratrees,1000,300,0.7528409090909091,0.7543932725282936,0.696061274681856,0.8129232804232804,0.707,64.0,0.6980063319206238
mistral7b_v03,Mistral,commonsenseqa,2025,cheap_plus_pca_hidden,hgb,1000,300,0.6960763293310465,0.6966012970236816,0.6365124519682881,0.7599563846614227,0.707,64.0,0.6980063319206238
mistral7b_v03,Mistral,hellaswag,42,direct_pmax,none,1000,300,0.6986047240802675,0.6998202273845356,0.6425031942883884,0.7566214470284238,,,
mistral7b_v03,Mistral,hellaswag,42,cheap_confidence_option,logreg,1000,300,0.7088210702341138,0.711730575017597,0.6556173895463678,0.7685522412456612,0.693,,
mistral7b_v03,Mistral,hellaswag,42,cheap_confidence_option,mlp,1000,300,0.7023933946488295,0.7054540352098113,0.6351762440575652,0.760910510578421,0.693,,
mistral7b_v03,Mistral,hellaswag,42,cheap_confidence_option,extratrees,1000,300,0.7301943979933111,0.733264345175233,0.6707921618734134,0.7922383034323333,0.693,,
mistral7b_v03,Mistral,hellaswag,42,cheap_confidence_option,hgb,1000,300,0.7343750000000001,0.7361336418414497,0.6768218256371191,0.7944866426052697,0.693,,
mistral7b_v03,Mistral,hellaswag,42,hidden_summary_only,logreg,1000,300,0.7458716555183947,0.7490332992245231,0.6895498629882274,0.8017913962855224,0.693,,
mistral7b_v03,Mistral,hellaswag,42,hidden_summary_only,mlp,1000,300,0.7146216555183946,0.7176060777314999,0.6518605148909977,0.7792446241985854,0.693,,
mistral7b_v03,Mistral,hellaswag,42,hidden_summary_only,extratrees,1000,300,0.7392872073578597,0.740691322830277,0.6743156199677939,0.7985076907070597,0.693,,
mistral7b_v03,Mistral,hellaswag,42,hidden_summary_only,hgb,1000,300,0.6844168060200668,0.6846509022170008,0.6130470053408226,0.7466178989117973,0.693,,
mistral7b_v03,Mistral,hellaswag,42,cheap_plus_hidden_summary,logreg,1000,300,0.7505225752508361,0.7523301568625668,0.6980912827296077,0.805849989501682,0.693,,
mistral7b_v03,Mistral,hellaswag,42,cheap_plus_hidden_summary,mlp,1000,300,0.71686872909699,0.7200209290618608,0.6610936157941795,0.784087247497142,0.693,,
mistral7b_v03,Mistral,hellaswag,42,cheap_plus_hidden_summary,extratrees,1000,300,0.7519335284280937,0.7548184621356702,0.6979782310953796,0.8068632820184931,0.693,,
mistral7b_v03,Mistral,hellaswag,42,cheap_plus_hidden_summary,hgb,1000,300,0.7321801839464883,0.7336111500621733,0.6745820798978852,0.7864009652619254,0.693,,
mistral7b_v03,Mistral,hellaswag,42,pca_hidden_embeddings,logreg,1000,300,0.7302466555183947,0.7317309021708565,0.6730622318321126,0.7816776090395683,0.693,64.0,0.756791889667511
mistral7b_v03,Mistral,hellaswag,42,pca_hidden_embeddings,mlp,1000,300,0.665133779264214,0.6658943039212805,0.5947244180279634,0.7313641525316054,0.693,64.0,0.756791889667511
mistral7b_v03,Mistral,hellaswag,42,pca_hidden_embeddings,extratrees,1000,300,0.776546822742475,0.779427821570842,0.7258273492119919,0.8299855555555555,0.693,64.0,0.756791889667511
mistral7b_v03,Mistral,hellaswag,42,pca_hidden_embeddings,hgb,1000,300,0.7147784280936456,0.719918509607878,0.6606942803315247,0.782582378866827,0.693,64.0,0.756791889667511
mistral7b_v03,Mistral,hellaswag,42,cheap_plus_pca_hidden,logreg,1000,300,0.7380330267558529,0.7397016153925451,0.6801756336405531,0.7898579572446376,0.693,64.0,0.756791889667511
mistral7b_v03,Mistral,hellaswag,42,cheap_plus_pca_hidden,mlp,1000,300,0.7538670568561873,0.7554149617279665,0.6983318843729625,0.8049412030755314,0.693,64.0,0.756791889667511
mistral7b_v03,Mistral,hellaswag,42,cheap_plus_pca_hidden,extratrees,1000,300,0.759040551839465,0.762218697922519,0.7006211535619415,0.8133696465513941,0.693,64.0,0.756791889667511
mistral7b_v03,Mistral,hellaswag,42,cheap_plus_pca_hidden,hgb,1000,300,0.7373014214046824,0.7394895140983793,0.6802561886017011,0.7899519198410865,0.693,64.0,0.756791889667511
mistral7b_v03,Mistral,hellaswag,7,direct_pmax,none,1000,300,0.6871341973244147,0.683076496139655,0.6142083257912409,0.7481691259219034,,,
mistral7b_v03,Mistral,hellaswag,7,cheap_confidence_option,logreg,1000,300,0.711068143812709,0.7071952920684788,0.631459139107747,0.7671856195203207,0.693,,
mistral7b_v03,Mistral,hellaswag,7,cheap_confidence_option,mlp,1000,300,0.7070443143812708,0.7034172105570516,0.6281323255951968,0.7657598295439224,0.693,,
mistral7b_v03,Mistral,hellaswag,7,cheap_confidence_option,extratrees,1000,300,0.6947637959866221,0.6915028003301431,0.6118776905355853,0.7614207638888888,0.693,,
mistral7b_v03,Mistral,hellaswag,7,cheap_confidence_option,hgb,1000,300,0.6941889632107023,0.6903639022344727,0.6149468375046006,0.7537992756509909,0.693,,
mistral7b_v03,Mistral,hellaswag,7,hidden_summary_only,logreg,1000,300,0.6872909698996655,0.6867784784801283,0.6208065385368525,0.7499615488391593,0.693,,
mistral7b_v03,Mistral,hellaswag,7,hidden_summary_only,mlp,1000,300,0.665133779264214,0.6647600710783689,0.5914838947882335,0.7285444555444556,0.693,,
mistral7b_v03,Mistral,hellaswag,7,hidden_summary_only,extratrees,1000,300,0.6917328595317725,0.6924438140009354,0.6282193617100829,0.7602144378712709,0.693,,
mistral7b_v03,Mistral,hellaswag,7,hidden_summary_only,hgb,1000,300,0.6783549331103679,0.6782619572461277,0.6197634204652925,0.7403783668267978,0.693,,
mistral7b_v03,Mistral,hellaswag,7,cheap_plus_hidden_summary,logreg,1000,300,0.7371446488294314,0.7345509104846222,0.671578205202126,0.7900002026312197,0.693,,
mistral7b_v03,Mistral,hellaswag,7,cheap_plus_hidden_summary,mlp,1000,300,0.7266408862876254,0.7266679608914859,0.66640876864991,0.7855810208976634,0.693,,
mistral7b_v03,Mistral,hellaswag,7,cheap_plus_hidden_summary,extratrees,1000,300,0.7309782608695651,0.7290390447837461,0.660590781205168,0.786563321542656,0.693,,
mistral7b_v03,Mistral,hellaswag,7,cheap_plus_hidden_summary,hgb,1000,300,0.7264318561872909,0.7249974843821232,0.6596665727381525,0.7836335187833395,0.693,,
mistral7b_v03,Mistral,hellaswag,7,pca_hidden_embeddings,logreg,1000,300,0.6981082775919732,0.6984246938952469,0.6249516344119244,0.7604294461757148,0.693,64.0,0.7570410370826721
mistral7b_v03,Mistral,hellaswag,7,pca_hidden_embeddings,mlp,1000,300,0.6772052675585285,0.6762807722365293,0.6039230140847599,0.7374346574839915,0.693,64.0,0.7570410370826721
mistral7b_v03,Mistral,hellaswag,7,pca_hidden_embeddings,extratrees,1000,300,0.7272679765886287,0.7284037540168603,0.6637061065102131,0.7891770391801028,0.693,64.0,0.7570410370826721
mistral7b_v03,Mistral,hellaswag,7,pca_hidden_embeddings,hgb,1000,300,0.6971153846153847,0.6960987888956257,0.6196360702407125,0.757774125190176,0.693,64.0,0.7570410370826721
mistral7b_v03,Mistral,hellaswag,7,cheap_plus_pca_hidden,logreg,1000,300,0.7049017558528428,0.7042081824331058,0.6283219951376282,0.7666341978267139,0.693,64.0,0.7570410370826721
mistral7b_v03,Mistral,hellaswag,7,cheap_plus_pca_hidden,mlp,1000,300,0.6149665551839465,0.6123442521149423,0.5462283831747115,0.6795356538285113,0.693,64.0,0.7570410370826721
mistral7b_v03,Mistral,hellaswag,7,cheap_plus_pca_hidden,extratrees,1000,300,0.7479096989966555,0.7454069991835884,0.6762511861987123,0.8052654512605955,0.693,64.0,0.7570410370826721
mistral7b_v03,Mistral,hellaswag,7,cheap_plus_pca_hidden,hgb,1000,300,0.7130539297658863,0.7116346185284437,0.6430170134067541,0.7688968925811029,0.693,64.0,0.7570410370826721
mistral7b_v03,Mistral,hellaswag,123,direct_pmax,none,1000,300,0.7179922658862878,0.7154440287092009,0.6505386628448975,0.7723502195046095,,,
mistral7b_v03,Mistral,hellaswag,123,cheap_confidence_option,logreg,1000,300,0.7003553511705686,0.6987374717682847,0.6414470714403304,0.7498205843381911,0.693,,
mistral7b_v03,Mistral,hellaswag,123,cheap_confidence_option,mlp,1000,300,0.7164506688963211,0.7144347183410399,0.6534839742140734,0.7671541245763195,0.693,,
mistral7b_v03,Mistral,hellaswag,123,cheap_confidence_option,extratrees,1000,300,0.7166596989966555,0.7143907174668985,0.6510727246374421,0.763294741363488,0.693,,
mistral7b_v03,Mistral,hellaswag,123,cheap_confidence_option,hgb,1000,300,0.6812290969899666,0.6787723444758222,0.6159035380161213,0.7321303035572336,0.693,,
mistral7b_v03,Mistral,hellaswag,123,hidden_summary_only,logreg,1000,300,0.7220422240802675,0.720412420633532,0.6671222432616948,0.7735419242250858,0.693,,
mistral7b_v03,Mistral,hellaswag,123,hidden_summary_only,mlp,1000,300,0.6544732441471571,0.653678565202459,0.589796264097177,0.7219361651234568,0.693,,
mistral7b_v03,Mistral,hellaswag,123,hidden_summary_only,extratrees,1000,300,0.7207880434782609,0.7197393319333752,0.664149052333805,0.774331351899932,0.693,,
mistral7b_v03,Mistral,hellaswag,123,hidden_summary_only,hgb,1000,300,0.6713524247491639,0.669644227918423,0.6038516210068219,0.7265706504824151,0.693,,
mistral7b_v03,Mistral,hellaswag,123,cheap_plus_hidden_summary,logreg,1000,300,0.7197428929765886,0.7181561655046118,0.6582222047458454,0.7726242599134285,0.693,,
mistral7b_v03,Mistral,hellaswag,123,cheap_plus_hidden_summary,mlp,1000,300,0.6239025919732442,0.6215169713917674,0.5618547592854524,0.6889497472727132,0.693,,
mistral7b_v03,Mistral,hellaswag,123,cheap_plus_hidden_summary,extratrees,1000,300,0.7568457357859534,0.7544123956493296,0.7034753874483121,0.8038623621882997,0.693,,
mistral7b_v03,Mistral,hellaswag,123,cheap_plus_hidden_summary,hgb,1000,300,0.6999895484949833,0.6968702144860659,0.644000805815217,0.7525658444816054,0.693,,
mistral7b_v03,Mistral,hellaswag,123,pca_hidden_embeddings,logreg,1000,300,0.6928302675585285,0.6917025391038906,0.6366654476752148,0.7468213243402537,0.693,64.0,0.7572027444839478
mistral7b_v03,Mistral,hellaswag,123,pca_hidden_embeddings,mlp,1000,300,0.5541387959866221,0.5533417316756436,0.49149982104540313,0.6141026431814871,0.693,64.0,0.7572027444839478
mistral7b_v03,Mistral,hellaswag,123,pca_hidden_embeddings,extratrees,1000,300,0.7228783444816053,0.7213417775053963,0.6647077640326535,0.7746612557771544,0.693,64.0,0.7572027444839478
mistral7b_v03,Mistral,hellaswag,123,pca_hidden_embeddings,hgb,1000,300,0.6607964046822743,0.6594233673399619,0.5995599908608589,0.7144942251193698,0.693,64.0,0.7572027444839478
mistral7b_v03,Mistral,hellaswag,123,cheap_plus_pca_hidden,logreg,1000,300,0.7150919732441471,0.7139377944002689,0.6609638356692813,0.7673973429724364,0.693,64.0,0.7572027444839478
mistral7b_v03,Mistral,hellaswag,123,cheap_plus_pca_hidden,mlp,1000,300,0.7329117892976589,0.7308362151552333,0.6789238479185766,0.7874286671947387,0.693,64.0,0.7572027444839478
mistral7b_v03,Mistral,hellaswag,123,cheap_plus_pca_hidden,extratrees,1000,300,0.7560096153846154,0.7535622282323243,0.7018815897824835,0.8049147808682215,0.693,64.0,0.7572027444839478
mistral7b_v03,Mistral,hellaswag,123,cheap_plus_pca_hidden,hgb,1000,300,0.678877508361204,0.6753418325157924,0.6221011867567534,0.7342647255181565,0.693,64.0,0.7572027444839478
mistral7b_v03,Mistral,hellaswag,777,direct_pmax,none,1000,300,0.7381897993311037,0.7387076647068799,0.6765682676588308,0.7979167585901482,,,
mistral7b_v03,Mistral,hellaswag,777,cheap_confidence_option,logreg,1000,300,0.726693143812709,0.7273386623132694,0.6708902865008757,0.780111843841002,0.693,,
mistral7b_v03,Mistral,hellaswag,777,cheap_confidence_option,mlp,1000,300,0.7447219899665553,0.7448039779718766,0.6842542154638265,0.8014945640123013,0.693,,
mistral7b_v03,Mistral,hellaswag,777,cheap_confidence_option,extratrees,1000,300,0.7177048494983278,0.7180687074942367,0.6578795133508587,0.7715330602759003,0.693,,
mistral7b_v03,Mistral,hellaswag,777,cheap_confidence_option,hgb,1000,300,0.6887019230769231,0.6883090582574716,0.6309760981997028,0.7424219902293409,0.693,,
mistral7b_v03,Mistral,hellaswag,777,hidden_summary_only,logreg,1000,300,0.7465510033444817,0.7474718199634378,0.6918305247517577,0.7980192722431969,0.693,,
mistral7b_v03,Mistral,hellaswag,777,hidden_summary_only,mlp,1000,300,0.7465510033444817,0.7484797236805836,0.6876134917713866,0.7960832532301019,0.693,,
mistral7b_v03,Mistral,hellaswag,777,hidden_summary_only,extratrees,1000,300,0.743520066889632,0.7441450296939899,0.6809308380964351,0.7992950092497909,0.693,,
mistral7b_v03,Mistral,hellaswag,777,hidden_summary_only,hgb,1000,300,0.717130016722408,0.7187995033581821,0.6597446411337093,0.7732506618280386,0.693,,
mistral7b_v03,Mistral,hellaswag,777,cheap_plus_hidden_summary,logreg,1000,300,0.7589882943143813,0.7588622609160195,0.7042386380675855,0.8129988453054913,0.693,,
mistral7b_v03,Mistral,hellaswag,777,cheap_plus_hidden_summary,mlp,1000,300,0.7746655518394647,0.773889655064099,0.7142860863095238,0.8213238939610289,0.693,,
mistral7b_v03,Mistral,hellaswag,777,cheap_plus_hidden_summary,extratrees,1000,300,0.7647366220735786,0.7643648693178346,0.7070834089529138,0.8175774347270454,0.693,,
mistral7b_v03,Mistral,hellaswag,777,cheap_plus_hidden_summary,hgb,1000,300,0.7299853678929766,0.7303678964944359,0.6688450369097231,0.7824939165531997,0.693,,
mistral7b_v03,Mistral,hellaswag,777,pca_hidden_embeddings,logreg,1000,300,0.7676630434782609,0.766545537109096,0.7099380204446588,0.820743852522224,0.693,64.0,0.7562516331672668
mistral7b_v03,Mistral,hellaswag,777,pca_hidden_embeddings,mlp,1000,300,0.7147261705685618,0.7149289692293573,0.6493700402452356,0.7724935717625058,0.693,64.0,0.7562516331672668
mistral7b_v03,Mistral,hellaswag,777,pca_hidden_embeddings,extratrees,1000,300,0.7463419732441472,0.745296037908866,0.6873457609176576,0.7988050953380376,0.693,64.0,0.7562516331672668
mistral7b_v03,Mistral,hellaswag,777,pca_hidden_embeddings,hgb,1000,300,0.6890154682274248,0.6875476775873758,0.6285227376825075,0.7436784531772574,0.693,64.0,0.7562516331672668
mistral7b_v03,Mistral,hellaswag,777,cheap_plus_pca_hidden,logreg,1000,300,0.7637959866220736,0.7626529763099218,0.707951511925381,0.8149037492735367,0.693,64.0,0.7562516331672668
mistral7b_v03,Mistral,hellaswag,777,cheap_plus_pca_hidden,mlp,1000,300,0.6744878762541806,0.6745695891149904,0.6090258055016067,0.7363577789922311,0.693,64.0,0.7562516331672668
mistral7b_v03,Mistral,hellaswag,777,cheap_plus_pca_hidden,extratrees,1000,300,0.7674017558528428,0.7668485120620923,0.7115169952692171,0.8223717399979729,0.693,64.0,0.7562516331672668
mistral7b_v03,Mistral,hellaswag,777,cheap_plus_pca_hidden,hgb,1000,300,0.7426839464882945,0.7416368615098567,0.6797245963912631,0.7966439279775966,0.693,64.0,0.7562516331672668
mistral7b_v03,Mistral,hellaswag,2025,direct_pmax,none,1000,300,0.7360733695652174,0.7342213674962369,0.6785966995221027,0.7867796395180906,,,
mistral7b_v03,Mistral,hellaswag,2025,cheap_confidence_option,logreg,1000,300,0.7684991638795987,0.7673232482476016,0.71921618180929,0.817233588200533,0.693,,
mistral7b_v03,Mistral,hellaswag,2025,cheap_confidence_option,mlp,1000,300,0.7268499163879598,0.7248526881097804,0.6646633457477281,0.7815255391566708,0.693,,
mistral7b_v03,Mistral,hellaswag,2025,cheap_confidence_option,extratrees,1000,300,0.7424749163879599,0.7416391124993034,0.6843877940413354,0.7913586139227683,0.693,,
mistral7b_v03,Mistral,hellaswag,2025,cheap_confidence_option,hgb,1000,300,0.68561872909699,0.6856670148932041,0.6243729756305761,0.7340780423280424,0.693,,
mistral7b_v03,Mistral,hellaswag,2025,hidden_summary_only,logreg,1000,300,0.7313440635451505,0.7317886511850221,0.671375461808259,0.7883493030457489,0.693,,
mistral7b_v03,Mistral,hellaswag,2025,hidden_summary_only,mlp,1000,300,0.7393394648829431,0.7400394058477372,0.6749965598186821,0.8007473240549687,0.693,,
mistral7b_v03,Mistral,hellaswag,2025,hidden_summary_only,extratrees,1000,300,0.7464464882943144,0.7470778023263246,0.6837544320108199,0.8023686781868286,0.693,,
mistral7b_v03,Mistral,hellaswag,2025,hidden_summary_only,hgb,1000,300,0.6936663879598662,0.6955616193595706,0.6351818868829332,0.7562386627482032,0.693,,
mistral7b_v03,Mistral,hellaswag,2025,cheap_plus_hidden_summary,logreg,1000,300,0.8008465719063544,0.8015798921657172,0.7571130477999631,0.846885506277321,0.693,,
mistral7b_v03,Mistral,hellaswag,2025,cheap_plus_hidden_summary,mlp,1000,300,0.7796300167224081,0.7790877436695557,0.7254858403480686,0.8294836415211582,0.693,,
mistral7b_v03,Mistral,hellaswag,2025,cheap_plus_hidden_summary,extratrees,1000,300,0.78558737458194,0.7858635773099236,0.7351739174836601,0.8340009648600561,0.693,,
mistral7b_v03,Mistral,hellaswag,2025,cheap_plus_hidden_summary,hgb,1000,300,0.7411162207357859,0.7427049257745572,0.6887176802385453,0.7910920662895369,0.693,,
mistral7b_v03,Mistral,hellaswag,2025,pca_hidden_embeddings,logreg,1000,300,0.7720526755852842,0.7717265710632452,0.7217925896648927,0.8176123485556429,0.693,64.0,0.7553141117095947
mistral7b_v03,Mistral,hellaswag,2025,pca_hidden_embeddings,mlp,1000,300,0.6346676421404682,0.6345937082795441,0.5739754131510794,0.695907372999507,0.693,64.0,0.7553141117095947
mistral7b_v03,Mistral,hellaswag,2025,pca_hidden_embeddings,extratrees,1000,300,0.7979201505016722,0.7979011595059872,0.7504682015145234,0.8435397195709695,0.693,64.0,0.7553141117095947
mistral7b_v03,Mistral,hellaswag,2025,pca_hidden_embeddings,hgb,1000,300,0.683998745819398,0.6827571877320466,0.6280649295455917,0.731473681093863,0.693,64.0,0.7553141117095947
mistral7b_v03,Mistral,hellaswag,2025,cheap_plus_pca_hidden,logreg,1000,300,0.7952550167224081,0.7944070416879095,0.7440840846299464,0.8370075680393396,0.693,64.0,0.7553141117095947
mistral7b_v03,Mistral,hellaswag,2025,cheap_plus_pca_hidden,mlp,1000,300,0.7548599498327759,0.7539516790889934,0.6985291053921568,0.8047768154625454,0.693,64.0,0.7553141117095947
mistral7b_v03,Mistral,hellaswag,2025,cheap_plus_pca_hidden,extratrees,1000,300,0.7984949832775919,0.798079690591291,0.7496918914466804,0.842278007958867,0.693,64.0,0.7553141117095947
mistral7b_v03,Mistral,hellaswag,2025,cheap_plus_pca_hidden,hgb,1000,300,0.7241847826086956,0.7249416328361332,0.6729459007401886,0.7709567273691653,0.693,64.0,0.7553141117095947
mistral7b_v03,Mistral,mmlu_all,42,direct_pmax,none,1000,300,0.7795604598550256,0.777610018866418,0.7226026326655473,0.8266205496189277,,,
mistral7b_v03,Mistral,mmlu_all,42,cheap_confidence_option,logreg,1000,300,0.7799067362297427,0.7772941568008476,0.7254723414288853,0.8250540509277402,0.596,,
mistral7b_v03,Mistral,mmlu_all,42,cheap_confidence_option,mlp,1000,300,0.7828154577773674,0.781188605468203,0.7206015686566495,0.8320451329242563,0.596,,
mistral7b_v03,Mistral,mmlu_all,42,cheap_confidence_option,extratrees,1000,300,0.7581605798975022,0.7554097976146644,0.6930531820953929,0.809471432304827,0.596,,
mistral7b_v03,Mistral,mmlu_all,42,cheap_confidence_option,hgb,1000,300,0.7021561475599059,0.7014502573160389,0.6443618797450548,0.7608689319791461,0.596,,
mistral7b_v03,Mistral,mmlu_all,42,hidden_summary_only,logreg,1000,300,0.7393693152961818,0.7389371260169334,0.6804066221063815,0.7916168721036306,0.596,,
mistral7b_v03,Mistral,mmlu_all,42,hidden_summary_only,mlp,1000,300,0.7348446373332103,0.7344372910171333,0.68408799205598,0.7877475039803952,0.596,,
mistral7b_v03,Mistral,mmlu_all,42,hidden_summary_only,extratrees,1000,300,0.7373378272311741,0.7372027968805042,0.6822873932599564,0.7958525285382001,0.596,,
mistral7b_v03,Mistral,mmlu_all,42,hidden_summary_only,hgb,1000,300,0.6773627591301536,0.677768091053358,0.615665868484067,0.7468854966198417,0.596,,
mistral7b_v03,Mistral,mmlu_all,42,cheap_plus_hidden_summary,logreg,1000,300,0.7762131215660926,0.7745259408640359,0.7176533115353539,0.8279101415321853,0.596,,
mistral7b_v03,Mistral,mmlu_all,42,cheap_plus_hidden_summary,mlp,1000,300,0.8129184172861167,0.8117660693889376,0.7615365289843538,0.8553230648148147,0.596,,
mistral7b_v03,Mistral,mmlu_all,42,cheap_plus_hidden_summary,extratrees,1000,300,0.793896301768318,0.7924348474072311,0.7390848855860455,0.8409796188358003,0.596,,
mistral7b_v03,Mistral,mmlu_all,42,cheap_plus_hidden_summary,hgb,1000,300,0.7590839835634147,0.7585836487493531,0.7116547793759173,0.8077441340797319,0.596,,
mistral7b_v03,Mistral,mmlu_all,42,pca_hidden_embeddings,logreg,1000,300,0.7873401357403389,0.7855727416034652,0.7302438292630437,0.8383660163131521,0.596,64.0,0.803207516670227
mistral7b_v03,Mistral,mmlu_all,42,pca_hidden_embeddings,mlp,1000,300,0.7577450482478416,0.7572136723207908,0.7031527618525547,0.8099746209338793,0.596,64.0,0.803207516670227
mistral7b_v03,Mistral,mmlu_all,42,pca_hidden_embeddings,extratrees,1000,300,0.7780599288979178,0.7769498005271731,0.7208661119500768,0.8223663839954823,0.596,64.0,0.803207516670227
mistral7b_v03,Mistral,mmlu_all,42,pca_hidden_embeddings,hgb,1000,300,0.7547439863336256,0.7542968032992725,0.6985512711357543,0.809671200994717,0.596,64.0,0.803207516670227
mistral7b_v03,Mistral,mmlu_all,42,cheap_plus_pca_hidden,logreg,1000,300,0.7845699247426012,0.7824106947972719,0.728258852981764,0.8335942647300654,0.596,64.0,0.803207516670227
mistral7b_v03,Mistral,mmlu_all,42,cheap_plus_pca_hidden,mlp,1000,300,0.773442910568355,0.7709461874091659,0.7225923073590358,0.8189299374677996,0.596,64.0,0.803207516670227
mistral7b_v03,Mistral,mmlu_all,42,cheap_plus_pca_hidden,extratrees,1000,300,0.7944965141511612,0.7926225538415248,0.7414363891751777,0.8379313918242384,0.596,64.0,0.803207516670227
mistral7b_v03,Mistral,mmlu_all,42,cheap_plus_pca_hidden,hgb,1000,300,0.765871000507872,0.7644491854687592,0.7156159982876363,0.8114498293615299,0.596,64.0,0.803207516670227
mistral7b_v03,Mistral,mmlu_all,7,direct_pmax,none,1000,300,0.7254490050325499,0.7237353952072512,0.671299800911854,0.7752416701680662,,,
mistral7b_v03,Mistral,mmlu_all,7,cheap_confidence_option,logreg,1000,300,0.7284269818551179,0.7268752460130045,0.6763564020764321,0.7734310313649444,0.596,,
mistral7b_v03,Mistral,mmlu_all,7,cheap_confidence_option,mlp,1000,300,0.7223786878433907,0.7211201794008116,0.6658107965799763,0.7730551748010055,0.596,,
mistral7b_v03,Mistral,mmlu_all,7,cheap_confidence_option,extratrees,1000,300,0.7155916708989334,0.7149825876970051,0.6537922990789552,0.7711904240888341,0.596,,
mistral7b_v03,Mistral,mmlu_all,7,cheap_confidence_option,hgb,1000,300,0.6910291333856595,0.6896157259814121,0.6317236566228701,0.7448902243589745,0.596,,
mistral7b_v03,Mistral,mmlu_all,7,hidden_summary_only,logreg,1000,300,0.7144835864998383,0.7129936459811933,0.6618560532233884,0.7750163348416289,0.596,,
mistral7b_v03,Mistral,mmlu_all,7,hidden_summary_only,mlp,1000,300,0.7136063530172215,0.7135102550639011,0.6556210095999265,0.774092463097275,0.596,,
mistral7b_v03,Mistral,mmlu_all,7,hidden_summary_only,extratrees,1000,300,0.7151761392492728,0.7146789851622084,0.653531311738547,0.7780112783802682,0.596,,
mistral7b_v03,Mistral,mmlu_all,7,hidden_summary_only,hgb,1000,300,0.712544438801422,0.7121474616084836,0.6527289889399663,0.7735720180995475,0.596,,
mistral7b_v03,Mistral,mmlu_all,7,cheap_plus_hidden_summary,logreg,1000,300,0.7379380396140173,0.7357811399553993,0.6836343636363637,0.7839038299499554,0.596,,
mistral7b_v03,Mistral,mmlu_all,7,cheap_plus_hidden_summary,mlp,1000,300,0.7354448497160533,0.7341561948815092,0.6836037572947149,0.7829753510735354,0.596,,
mistral7b_v03,Mistral,mmlu_all,7,cheap_plus_hidden_summary,extratrees,1000,300,0.740569740061868,0.7393001588545832,0.6819888869460473,0.7912168717281636,0.596,,
mistral7b_v03,Mistral,mmlu_all,7,cheap_plus_hidden_summary,hgb,1000,300,0.7312895332194468,0.7302925174544217,0.6756163878448936,0.7896328557294224,0.596,,
mistral7b_v03,Mistral,mmlu_all,7,pca_hidden_embeddings,logreg,1000,300,0.7102359296366406,0.707956358296518,0.6454177182491112,0.7640532582322642,0.596,64.0,0.7952835559844971
mistral7b_v03,Mistral,mmlu_all,7,pca_hidden_embeddings,mlp,1000,300,0.705849762223556,0.7056464034716402,0.6406546080964685,0.7575967834711874,0.596,64.0,0.7952835559844971
mistral7b_v03,Mistral,mmlu_all,7,pca_hidden_embeddings,extratrees,1000,300,0.7229789002262338,0.7231488046790492,0.6564208302370351,0.7809943893782426,0.596,64.0,0.7952835559844971
mistral7b_v03,Mistral,mmlu_all,7,pca_hidden_embeddings,hgb,1000,300,0.6765316958308324,0.6780799451164866,0.6031607828162592,0.7366446452755628,0.596,64.0,0.7952835559844971
mistral7b_v03,Mistral,mmlu_all,7,cheap_plus_pca_hidden,logreg,1000,300,0.7156840112655247,0.7127964948835478,0.6570530497835497,0.7629082826415249,0.596,64.0,0.7952835559844971
mistral7b_v03,Mistral,mmlu_all,7,cheap_plus_pca_hidden,mlp,1000,300,0.7157763516321161,0.7134700391446215,0.6525532070016987,0.7680914470101575,0.596,64.0,0.7952835559844971
mistral7b_v03,Mistral,mmlu_all,7,cheap_plus_pca_hidden,extratrees,1000,300,0.7402927189620943,0.740032991833382,0.6830692549021352,0.7901215392723642,0.596,64.0,0.7952835559844971
mistral7b_v03,Mistral,mmlu_all,7,cheap_plus_pca_hidden,hgb,1000,300,0.708943164504363,0.7093598498452935,0.6474580591599011,0.7638855022447112,0.596,64.0,0.7952835559844971
mistral7b_v03,Mistral,mmlu_all,123,direct_pmax,none,1000,300,0.7510503716699756,0.7509891694572453,0.6984138119142245,0.8081047191846824,,,
mistral7b_v03,Mistral,mmlu_all,123,cheap_confidence_option,logreg,1000,300,0.7280114502054572,0.7278112218590104,0.6658964768339769,0.7843765887984894,0.596,,
mistral7b_v03,Mistral,mmlu_all,123,cheap_confidence_option,mlp,1000,300,0.7189620942795142,0.7180646924034803,0.6557035271334154,0.7754638091220842,0.596,,
mistral7b_v03,Mistral,mmlu_all,123,cheap_confidence_option,extratrees,1000,300,0.7184080520799667,0.7181182363429229,0.6636141297807503,0.7780038976003658,0.596,,
mistral7b_v03,Mistral,mmlu_all,123,cheap_confidence_option,hgb,1000,300,0.665312341289995,0.6648248441363223,0.5975346875750737,0.7311495519807739,0.596,,
mistral7b_v03,Mistral,mmlu_all,123,hidden_summary_only,logreg,1000,300,0.7227018791264601,0.7206682768301487,0.6542063546422782,0.7799406085845441,0.596,,
mistral7b_v03,Mistral,mmlu_all,123,hidden_summary_only,mlp,1000,300,0.7242254951752158,0.7225332324104023,0.6553241707902726,0.7796136436989839,0.596,,
mistral7b_v03,Mistral,mmlu_all,123,hidden_summary_only,extratrees,1000,300,0.7086661434045893,0.7074781918598181,0.6447274028343013,0.7676562114356232,0.596,,
mistral7b_v03,Mistral,mmlu_all,123,hidden_summary_only,hgb,1000,300,0.6754697816150329,0.67443817184523,0.6040932108313201,0.7288991141076666,0.596,,
mistral7b_v03,Mistral,mmlu_all,123,cheap_plus_hidden_summary,logreg,1000,300,0.7394154854794773,0.7380570767876208,0.6774284210418132,0.7956881619611939,0.596,,
mistral7b_v03,Mistral,mmlu_all,123,cheap_plus_hidden_summary,mlp,1000,300,0.7546516459670345,0.7531150141623179,0.6900922097700906,0.8132323204550088,0.596,,
mistral7b_v03,Mistral,mmlu_all,123,cheap_plus_hidden_summary,extratrees,1000,300,0.7485110115887159,0.7465482524798887,0.6846749619095988,0.8028499930610256,0.596,,
mistral7b_v03,Mistral,mmlu_all,123,cheap_plus_hidden_summary,hgb,1000,300,0.7123135878849438,0.710421326526135,0.642767719367922,0.7729581645972284,0.596,,
mistral7b_v03,Mistral,mmlu_all,123,pca_hidden_embeddings,logreg,1000,300,0.697908490696708,0.6972607928004243,0.6332165878499683,0.7488258481130707,0.596,64.0,0.7970845103263855
mistral7b_v03,Mistral,mmlu_all,123,pca_hidden_embeddings,mlp,1000,300,0.7016482755436538,0.701939029213385,0.6370802427122879,0.7612455150462963,0.596,64.0,0.7970845103263855
mistral7b_v03,Mistral,mmlu_all,123,pca_hidden_embeddings,extratrees,1000,300,0.7417239946442586,0.7396047837283055,0.6806752434685945,0.7974768697093563,0.596,64.0,0.7970845103263855
mistral7b_v03,Mistral,mmlu_all,123,pca_hidden_embeddings,hgb,1000,300,0.7286116625883005,0.7267270189616039,0.6724326682121619,0.7821451580113108,0.596,64.0,0.7970845103263855
mistral7b_v03,Mistral,mmlu_all,123,cheap_plus_pca_hidden,logreg,1000,300,0.6961540237314743,0.6958158468655044,0.63471220099915,0.7488655032473069,0.596,64.0,0.7970845103263855
mistral7b_v03,Mistral,mmlu_all,123,cheap_plus_pca_hidden,mlp,1000,300,0.7186850731797405,0.7179174819239051,0.6591785177008631,0.7706890426900507,0.596,64.0,0.7970845103263855
mistral7b_v03,Mistral,mmlu_all,123,cheap_plus_pca_hidden,extratrees,1000,300,0.7511888822198624,0.7495629788698353,0.6886267126861619,0.806320896904067,0.596,64.0,0.7970845103263855
mistral7b_v03,Mistral,mmlu_all,123,cheap_plus_pca_hidden,hgb,1000,300,0.7245025162749896,0.7224410256423204,0.6591670655235488,0.7759806763968622,0.596,64.0,0.7970845103263855
mistral7b_v03,Mistral,mmlu_all,777,direct_pmax,none,1000,300,0.7459485664158086,0.7469522741243855,0.6905648961593673,0.8033953121286078,,,
mistral7b_v03,Mistral,mmlu_all,777,cheap_confidence_option,logreg,1000,300,0.7414008033611893,0.742994072482232,0.6895723345919385,0.8012640979732164,0.596,,
mistral7b_v03,Mistral,mmlu_all,777,cheap_confidence_option,mlp,1000,300,0.7328593194514982,0.7343750393441677,0.6749296003607604,0.7957677813683248,0.596,,
mistral7b_v03,Mistral,mmlu_all,777,cheap_confidence_option,extratrees,1000,300,0.720347199778383,0.721679970859007,0.6583199688416422,0.7789506944444442,0.596,,
mistral7b_v03,Mistral,mmlu_all,777,cheap_confidence_option,hgb,1000,300,0.6724225495175216,0.6718231110440157,0.6093632498256987,0.7334161527355624,0.596,,
mistral7b_v03,Mistral,mmlu_all,777,hidden_summary_only,logreg,1000,300,0.732259107068655,0.7331289639746136,0.6827940007669674,0.7953489195915672,0.596,,
mistral7b_v03,Mistral,mmlu_all,777,hidden_summary_only,mlp,1000,300,0.702386998476384,0.703391297483308,0.6500735318144067,0.7672202113574995,0.596,,
mistral7b_v03,Mistral,mmlu_all,777,hidden_summary_only,extratrees,1000,300,0.7423242070271018,0.7438652860771862,0.6941358723822777,0.8003158464273805,0.596,,
mistral7b_v03,Mistral,mmlu_all,777,hidden_summary_only,hgb,1000,300,0.7163303938316634,0.71796570699682,0.6551198138911314,0.775822778200995,0.596,,
mistral7b_v03,Mistral,mmlu_all,777,cheap_plus_hidden_summary,logreg,1000,300,0.7475876079228034,0.7485997187335895,0.6992653302740668,0.8071391473214286,0.596,,
mistral7b_v03,Mistral,mmlu_all,777,cheap_plus_hidden_summary,mlp,1000,300,0.7566369638487465,0.7581603838205975,0.703801146936092,0.8138593239068437,0.596,,
mistral7b_v03,Mistral,mmlu_all,777,cheap_plus_hidden_summary,extratrees,1000,300,0.7518352647860013,0.7522451465785073,0.699141176705334,0.8082093174660853,0.596,,
mistral7b_v03,Mistral,mmlu_all,777,cheap_plus_hidden_summary,hgb,1000,300,0.7465256937070041,0.7473854378637179,0.6951683917914798,0.8037859244663382,0.596,,
mistral7b_v03,Mistral,mmlu_all,777,pca_hidden_embeddings,logreg,1000,300,0.7443556950921094,0.7450300631105242,0.6933463617104341,0.8001308632001566,0.596,64.0,0.7983493804931641
mistral7b_v03,Mistral,mmlu_all,777,pca_hidden_embeddings,mlp,1000,300,0.7464795235237083,0.7472197738474888,0.6951282619266237,0.8028970535599566,0.596,64.0,0.7983493804931641
mistral7b_v03,Mistral,mmlu_all,777,pca_hidden_embeddings,extratrees,1000,300,0.7732582298351725,0.7739331287367108,0.7232890742216804,0.82333387166236,0.596,64.0,0.7983493804931641
mistral7b_v03,Mistral,mmlu_all,777,pca_hidden_embeddings,hgb,1000,300,0.7326746387183157,0.7325350759385336,0.6725598442315637,0.7860389680322803,0.596,64.0,0.7983493804931641
mistral7b_v03,Mistral,mmlu_all,777,cheap_plus_pca_hidden,logreg,1000,300,0.7274574080059097,0.7277431309233642,0.6762600977139317,0.787085071602361,0.596,64.0,0.7983493804931641
mistral7b_v03,Mistral,mmlu_all,777,cheap_plus_pca_hidden,mlp,1000,300,0.7393693152961818,0.7397273411481632,0.6897849099215134,0.7985383883661249,0.596,64.0,0.7983493804931641
mistral7b_v03,Mistral,mmlu_all,777,cheap_plus_pca_hidden,extratrees,1000,300,0.7594071748464841,0.7596767679790398,0.7082283977024885,0.8155397817460317,0.596,64.0,0.7983493804931641
mistral7b_v03,Mistral,mmlu_all,777,cheap_plus_pca_hidden,hgb,1000,300,0.7495729258045154,0.7492925399691482,0.6953581487817284,0.8036418894652527,0.596,64.0,0.7983493804931641
mistral7b_v03,Mistral,mmlu_all,2025,direct_pmax,none,1000,300,0.7768364190405838,0.7765082782590953,0.7204670912044429,0.8301448713414314,,,
mistral7b_v03,Mistral,mmlu_all,2025,cheap_confidence_option,logreg,1000,300,0.7723348261692599,0.7713814303478569,0.7135987006161708,0.8293292628424207,0.596,,
mistral7b_v03,Mistral,mmlu_all,2025,cheap_confidence_option,mlp,1000,300,0.7335057020176371,0.7327114102825826,0.6712666896551724,0.7978741096866094,0.596,,
mistral7b_v03,Mistral,mmlu_all,2025,cheap_confidence_option,extratrees,1000,300,0.7559905812826075,0.7553332468003272,0.7015902729428936,0.8139523069287304,0.596,,
mistral7b_v03,Mistral,mmlu_all,2025,cheap_confidence_option,hgb,1000,300,0.7104206103698233,0.7101579003377981,0.6567902133043706,0.7747792868155957,0.596,,
mistral7b_v03,Mistral,mmlu_all,2025,hidden_summary_only,logreg,1000,300,0.773304400018468,0.7732075067634311,0.7172467230940173,0.8300067081538971,0.596,,
mistral7b_v03,Mistral,mmlu_all,2025,hidden_summary_only,mlp,1000,300,0.7631931298767257,0.7631419425752614,0.7084226900732475,0.8157804598264277,0.596,,
mistral7b_v03,Mistral,mmlu_all,2025,hidden_summary_only,extratrees,1000,300,0.7767209935823444,0.7772015768978878,0.7233868309613883,0.8349674498266623,0.596,,
mistral7b_v03,Mistral,mmlu_all,2025,hidden_summary_only,hgb,1000,300,0.6895516875201995,0.6906660925946035,0.6363772585122456,0.7559758748060346,0.596,,
mistral7b_v03,Mistral,mmlu_all,2025,cheap_plus_hidden_summary,logreg,1000,300,0.7869246040906783,0.7864776889932548,0.731016243614304,0.8355198978453754,0.596,,
mistral7b_v03,Mistral,mmlu_all,2025,cheap_plus_hidden_summary,mlp,1000,300,0.7715037628699387,0.7710918319014449,0.7169442811845462,0.8299640830338187,0.596,,
mistral7b_v03,Mistral,mmlu_all,2025,cheap_plus_hidden_summary,extratrees,1000,300,0.7769518444988227,0.7763826859909151,0.7183867671961651,0.8358467509707691,0.596,,
mistral7b_v03,Mistral,mmlu_all,2025,cheap_plus_hidden_summary,hgb,1000,300,0.7285193222217092,0.7288599731330624,0.6748362547329939,0.789798591511021,0.596,,
mistral7b_v03,Mistral,mmlu_all,2025,pca_hidden_embeddings,logreg,1000,300,0.7522507964356618,0.7529197404667487,0.7015277211115644,0.8090587121212119,0.596,64.0,0.800712525844574
mistral7b_v03,Mistral,mmlu_all,2025,pca_hidden_embeddings,mlp,1000,300,0.7602382381458055,0.7606569491398345,0.7071355461407032,0.818352295549017,0.596,64.0,0.800712525844574
mistral7b_v03,Mistral,mmlu_all,2025,pca_hidden_embeddings,extratrees,1000,300,0.7723809963525555,0.7741153711552814,0.7230995761594715,0.8268910351943138,0.596,64.0,0.800712525844574
mistral7b_v03,Mistral,mmlu_all,2025,pca_hidden_embeddings,hgb,1000,300,0.727919109838866,0.7301004151697922,0.6777930934065934,0.7863132949928436,0.596,64.0,0.800712525844574
mistral7b_v03,Mistral,mmlu_all,2025,cheap_plus_pca_hidden,logreg,1000,300,0.7492959047047416,0.7490966498589868,0.6985228645916618,0.8051124016626967,0.596,64.0,0.800712525844574
mistral7b_v03,Mistral,mmlu_all,2025,cheap_plus_pca_hidden,mlp,1000,300,0.7542361143173739,0.7536898535845697,0.6994552276536532,0.8134374999999999,0.596,64.0,0.800712525844574
mistral7b_v03,Mistral,mmlu_all,2025,cheap_plus_pca_hidden,extratrees,1000,300,0.7876633270234082,0.78825694979097,0.7398377648536111,0.8423812735165364,0.596,64.0,0.800712525844574
mistral7b_v03,Mistral,mmlu_all,2025,cheap_plus_pca_hidden,hgb,1000,300,0.7437093125259708,0.7440052173493003,0.6928969956538606,0.7980692596116206,0.596,64.0,0.800712525844574
olmo2_7b_instruct,OLMo,arc_challenge,42,direct_pmax,none,299,90,0.8169191919191919,0.8141753338419727,0.7150746898405849,0.9093544137022398,,,
olmo2_7b_instruct,OLMo,arc_challenge,42,cheap_confidence_option,logreg,299,90,0.8377525252525253,0.8361378013143524,0.7402067501550869,0.925945054945055,0.7357859531772575,,
olmo2_7b_instruct,OLMo,arc_challenge,42,cheap_confidence_option,mlp,299,90,0.5606060606060606,0.5577607050249078,0.4242467567835215,0.6935661047363066,0.7357859531772575,,
olmo2_7b_instruct,OLMo,arc_challenge,42,cheap_confidence_option,extratrees,299,90,0.8434343434343435,0.8418611076061072,0.7351773489637161,0.9346085799235979,0.7357859531772575,,
olmo2_7b_instruct,OLMo,arc_challenge,42,cheap_confidence_option,hgb,299,90,0.8219696969696969,0.8231237510237773,0.7133535506718073,0.9044340924775707,0.7357859531772575,,
olmo2_7b_instruct,OLMo,arc_challenge,42,hidden_summary_only,logreg,299,90,0.783459595959596,0.7831825259359481,0.6726364563782865,0.8801824866310161,0.7357859531772575,,
olmo2_7b_instruct,OLMo,arc_challenge,42,hidden_summary_only,mlp,299,90,0.6344696969696969,0.6371861111017598,0.495339683880984,0.749485124890002,0.7357859531772575,,
olmo2_7b_instruct,OLMo,arc_challenge,42,hidden_summary_only,extratrees,299,90,0.7398989898989898,0.7422691738400757,0.6307268007787151,0.8497538485819736,0.7357859531772575,,
olmo2_7b_instruct,OLMo,arc_challenge,42,hidden_summary_only,hgb,299,90,0.7304292929292929,0.736238793958706,0.6147204117862037,0.8405605160715339,0.7357859531772575,,
olmo2_7b_instruct,OLMo,arc_challenge,42,cheap_plus_hidden_summary,logreg,299,90,0.841540404040404,0.8409247009141235,0.7573845425407926,0.925992348827643,0.7357859531772575,,
olmo2_7b_instruct,OLMo,arc_challenge,42,cheap_plus_hidden_summary,mlp,299,90,0.7821969696969697,0.7797917216592416,0.6531310837118753,0.8855271464646464,0.7357859531772575,,
olmo2_7b_instruct,OLMo,arc_challenge,42,cheap_plus_hidden_summary,extratrees,299,90,0.8478535353535354,0.8479488353950532,0.7407250788088446,0.9314557128869473,0.7357859531772575,,
olmo2_7b_instruct,OLMo,arc_challenge,42,cheap_plus_hidden_summary,hgb,299,90,0.8358585858585859,0.8394717573728933,0.7477240593768372,0.91790321695213,0.7357859531772575,,
olmo2_7b_instruct,OLMo,arc_challenge,42,pca_hidden_embeddings,logreg,299,90,0.8345959595959597,0.8324489619063169,0.7235187083357915,0.9318521797037422,0.7357859531772575,64.0,0.7503740191459656
olmo2_7b_instruct,OLMo,arc_challenge,42,pca_hidden_embeddings,mlp,299,90,0.6262626262626262,0.6231472467212413,0.48630024038461533,0.7601851851851851,0.7357859531772575,64.0,0.7503740191459656
olmo2_7b_instruct,OLMo,arc_challenge,42,pca_hidden_embeddings,extratrees,299,90,0.7935606060606062,0.7916656776327111,0.6754857603815938,0.9019891826923075,0.7357859531772575,64.0,0.7503740191459656
olmo2_7b_instruct,OLMo,arc_challenge,42,pca_hidden_embeddings,hgb,299,90,0.7714646464646464,0.7716940856875013,0.6565541855937703,0.8802795031055901,0.7357859531772575,64.0,0.7503740191459656
olmo2_7b_instruct,OLMo,arc_challenge,42,cheap_plus_pca_hidden,logreg,299,90,0.8434343434343433,0.8423136125638234,0.7485627403846155,0.9367132650335775,0.7357859531772575,64.0,0.7503740191459656
olmo2_7b_instruct,OLMo,arc_challenge,42,cheap_plus_pca_hidden,mlp,299,90,0.8731060606060607,0.8715750670166854,0.7823019822407078,0.9395281497650089,0.7357859531772575,64.0,0.7503740191459656
olmo2_7b_instruct,OLMo,arc_challenge,42,cheap_plus_pca_hidden,extratrees,299,90,0.8510101010101011,0.8506279795077722,0.7520525721600455,0.9435712875359933,0.7357859531772575,64.0,0.7503740191459656
olmo2_7b_instruct,OLMo,arc_challenge,42,cheap_plus_pca_hidden,hgb,299,90,0.8503787878787878,0.8503232756864194,0.7482789855072463,0.9452685165830546,0.7357859531772575,64.0,0.7503740191459656
olmo2_7b_instruct,OLMo,arc_challenge,7,direct_pmax,none,299,90,0.7297979797979799,0.7306503582554595,0.5797649216526,0.8449161190760653,,,
olmo2_7b_instruct,OLMo,arc_challenge,7,cheap_confidence_option,logreg,299,90,0.7108585858585859,0.7102963059042933,0.5607885777598711,0.8203423342786246,0.7357859531772575,,
olmo2_7b_instruct,OLMo,arc_challenge,7,cheap_confidence_option,mlp,299,90,0.7455808080808081,0.7466284725036375,0.6065732533500463,0.8535833916083916,0.7357859531772575,,
olmo2_7b_instruct,OLMo,arc_challenge,7,cheap_confidence_option,extratrees,299,90,0.6729797979797979,0.6749734627736597,0.5287466862861882,0.797653894293679,0.7357859531772575,,
olmo2_7b_instruct,OLMo,arc_challenge,7,cheap_confidence_option,hgb,299,90,0.6016414141414141,0.6048136539427426,0.4762376269285983,0.7370045106615637,0.7357859531772575,,
olmo2_7b_instruct,OLMo,arc_challenge,7,hidden_summary_only,logreg,299,90,0.6218434343434344,0.6174521676159331,0.48188475266430436,0.7372887925027871,0.7357859531772575,,
olmo2_7b_instruct,OLMo,arc_challenge,7,hidden_summary_only,mlp,299,90,0.5505050505050505,0.5483818989873251,0.3889585284280937,0.7031424967461817,0.7357859531772575,,
olmo2_7b_instruct,OLMo,arc_challenge,7,hidden_summary_only,extratrees,299,90,0.6231060606060606,0.6169894549449363,0.49269488804095224,0.7359626025150355,0.7357859531772575,,
olmo2_7b_instruct,OLMo,arc_challenge,7,hidden_summary_only,hgb,299,90,0.547979797979798,0.5448294026460602,0.3980953282828283,0.6943246231006646,0.7357859531772575,,
olmo2_7b_instruct,OLMo,arc_challenge,7,cheap_plus_hidden_summary,logreg,299,90,0.6906565656565656,0.6894509429230579,0.5551253080148081,0.8091800958973249,0.7357859531772575,,
olmo2_7b_instruct,OLMo,arc_challenge,7,cheap_plus_hidden_summary,mlp,299,90,0.7051767676767676,0.7020723275013073,0.580348602055286,0.8109395279039584,0.7357859531772575,,
olmo2_7b_instruct,OLMo,arc_challenge,7,cheap_plus_hidden_summary,extratrees,299,90,0.7058080808080808,0.7072221249936287,0.5773830292390929,0.826829418777717,0.7357859531772575,,
olmo2_7b_instruct,OLMo,arc_challenge,7,cheap_plus_hidden_summary,hgb,299,90,0.6111111111111112,0.610381085902305,0.4805207493956486,0.7498039663461539,0.7357859531772575,,
olmo2_7b_instruct,OLMo,arc_challenge,7,pca_hidden_embeddings,logreg,299,90,0.6767676767676768,0.6743063324509887,0.5261585642889596,0.7937603963872939,0.7357859531772575,64.0,0.751315712928772
olmo2_7b_instruct,OLMo,arc_challenge,7,pca_hidden_embeddings,mlp,299,90,0.44570707070707066,0.44662635540751117,0.3168958326876588,0.5871196313684576,0.7357859531772575,64.0,0.751315712928772
olmo2_7b_instruct,OLMo,arc_challenge,7,pca_hidden_embeddings,extratrees,299,90,0.7020202020202021,0.7028875771393777,0.5840694444444444,0.837053348325837,0.7357859531772575,64.0,0.751315712928772
olmo2_7b_instruct,OLMo,arc_challenge,7,pca_hidden_embeddings,hgb,299,90,0.7196969696969697,0.7204215818202798,0.6136856836132198,0.8446827205636812,0.7357859531772575,64.0,0.751315712928772
olmo2_7b_instruct,OLMo,arc_challenge,7,cheap_plus_pca_hidden,logreg,299,90,0.6641414141414141,0.6624716641887007,0.5268581584478323,0.7669978044973743,0.7357859531772575,64.0,0.751315712928772
olmo2_7b_instruct,OLMo,arc_challenge,7,cheap_plus_pca_hidden,mlp,299,90,0.5618686868686869,0.5597079757937506,0.4284389245399412,0.6841973347832723,0.7357859531772575,64.0,0.751315712928772
olmo2_7b_instruct,OLMo,arc_challenge,7,cheap_plus_pca_hidden,extratrees,299,90,0.7335858585858587,0.733769655819725,0.594109603046801,0.8439857980255039,0.7357859531772575,64.0,0.751315712928772
olmo2_7b_instruct,OLMo,arc_challenge,7,cheap_plus_pca_hidden,hgb,299,90,0.7171717171717172,0.7198212742064182,0.5981213097155126,0.8457696770854202,0.7357859531772575,64.0,0.751315712928772
olmo2_7b_instruct,OLMo,arc_challenge,123,direct_pmax,none,299,90,0.73989898989899,0.7370647998824791,0.6157018665490888,0.850013695152584,,,
olmo2_7b_instruct,OLMo,arc_challenge,123,cheap_confidence_option,logreg,299,90,0.7525252525252525,0.7532312121721382,0.6267622710888783,0.857581312000223,0.7357859531772575,,
olmo2_7b_instruct,OLMo,arc_challenge,123,cheap_confidence_option,mlp,299,90,0.6849747474747474,0.6850711425492144,0.5638469225666807,0.8103083114801863,0.7357859531772575,,
olmo2_7b_instruct,OLMo,arc_challenge,123,cheap_confidence_option,extratrees,299,90,0.7184343434343434,0.7184227877686536,0.5949800287947347,0.8264966394716394,0.7357859531772575,,
olmo2_7b_instruct,OLMo,arc_challenge,123,cheap_confidence_option,hgb,299,90,0.6489898989898989,0.6541200956095833,0.5157351648351648,0.7942915066154501,0.7357859531772575,,
olmo2_7b_instruct,OLMo,arc_challenge,123,hidden_summary_only,logreg,299,90,0.6988636363636365,0.6909542415920875,0.5587496630559576,0.8050422535211267,0.7357859531772575,,
olmo2_7b_instruct,OLMo,arc_challenge,123,hidden_summary_only,mlp,299,90,0.5202020202020202,0.5189803415632055,0.3628020966709347,0.6667342171717171,0.7357859531772575,,
olmo2_7b_instruct,OLMo,arc_challenge,123,hidden_summary_only,extratrees,299,90,0.711489898989899,0.7070490050689922,0.5584912860418823,0.8229591013824883,0.7357859531772575,,
olmo2_7b_instruct,OLMo,arc_challenge,123,hidden_summary_only,hgb,299,90,0.6994949494949495,0.7005268173989395,0.5657912997126171,0.8178203061015561,0.7357859531772575,,
olmo2_7b_instruct,OLMo,arc_challenge,123,cheap_plus_hidden_summary,logreg,299,90,0.750631313131313,0.747161027784797,0.6379980769230769,0.8496716958684835,0.7357859531772575,,
olmo2_7b_instruct,OLMo,arc_challenge,123,cheap_plus_hidden_summary,mlp,299,90,0.6957070707070706,0.691919982102731,0.570120076425632,0.8193013325825826,0.7357859531772575,,
olmo2_7b_instruct,OLMo,arc_challenge,123,cheap_plus_hidden_summary,extratrees,299,90,0.7575757575757576,0.7585288512260763,0.6330560974392252,0.854794949351675,0.7357859531772575,,
olmo2_7b_instruct,OLMo,arc_challenge,123,cheap_plus_hidden_summary,hgb,299,90,0.7190656565656566,0.7210603884559805,0.5967631172839506,0.8202313094891219,0.7357859531772575,,
olmo2_7b_instruct,OLMo,arc_challenge,123,pca_hidden_embeddings,logreg,299,90,0.6571969696969697,0.6547932595785518,0.5258838383838385,0.7789930555555555,0.7357859531772575,64.0,0.7531510591506958
olmo2_7b_instruct,OLMo,arc_challenge,123,pca_hidden_embeddings,mlp,299,90,0.39457070707070707,0.39155048932340114,0.2537816807260676,0.5212741315136477,0.7357859531772575,64.0,0.7531510591506958
olmo2_7b_instruct,OLMo,arc_challenge,123,pca_hidden_embeddings,extratrees,299,90,0.7266414141414141,0.727321718444649,0.6090466417910447,0.8521641422334966,0.7357859531772575,64.0,0.7531510591506958
olmo2_7b_instruct,OLMo,arc_challenge,123,pca_hidden_embeddings,hgb,299,90,0.6761363636363636,0.6785815201897702,0.5570441970748266,0.8040769230769229,0.7357859531772575,64.0,0.7531510591506958
olmo2_7b_instruct,OLMo,arc_challenge,123,cheap_plus_pca_hidden,logreg,299,90,0.69760101010101,0.6942356344827544,0.5779359879032259,0.8025563271604937,0.7357859531772575,64.0,0.7531510591506958
olmo2_7b_instruct,OLMo,arc_challenge,123,cheap_plus_pca_hidden,mlp,299,90,0.5157828282828283,0.5135692794603858,0.3961043862538428,0.6634098458400345,0.7357859531772575,64.0,0.7531510591506958
olmo2_7b_instruct,OLMo,arc_challenge,123,cheap_plus_pca_hidden,extratrees,299,90,0.763888888888889,0.7625318366771319,0.6376791752933058,0.8679221445221446,0.7357859531772575,64.0,0.7531510591506958
olmo2_7b_instruct,OLMo,arc_challenge,123,cheap_plus_pca_hidden,hgb,299,90,0.7215909090909092,0.7210204011793432,0.5873881706206976,0.8431150989759217,0.7357859531772575,64.0,0.7531510591506958
olmo2_7b_instruct,OLMo,arc_challenge,777,direct_pmax,none,299,90,0.8339646464646464,0.8326971548599492,0.7328560688901039,0.9197542309158142,,,
olmo2_7b_instruct,OLMo,arc_challenge,777,cheap_confidence_option,logreg,299,90,0.7935606060606061,0.7882762316916179,0.6746579326923078,0.8994566459298644,0.7357859531772575,,
olmo2_7b_instruct,OLMo,arc_challenge,777,cheap_confidence_option,mlp,299,90,0.8074494949494949,0.8034883295233448,0.6899354395604396,0.8976756358560793,0.7357859531772575,,
olmo2_7b_instruct,OLMo,arc_challenge,777,cheap_confidence_option,extratrees,299,90,0.7821969696969696,0.7777380205249113,0.6572497444552738,0.8879054520358868,0.7357859531772575,,
olmo2_7b_instruct,OLMo,arc_challenge,777,cheap_confidence_option,hgb,299,90,0.7279040404040403,0.7194861617456894,0.5915098074288535,0.8385938634713145,0.7357859531772575,,
olmo2_7b_instruct,OLMo,arc_challenge,777,hidden_summary_only,logreg,299,90,0.7436868686868687,0.7400274477534926,0.6088579044576449,0.8433396395824991,0.7357859531772575,,
olmo2_7b_instruct,OLMo,arc_challenge,777,hidden_summary_only,mlp,299,90,0.5845959595959597,0.582722763003934,0.435464834837035,0.7124368569813453,0.7357859531772575,,
olmo2_7b_instruct,OLMo,arc_challenge,777,hidden_summary_only,extratrees,299,90,0.7146464646464646,0.7116973540961825,0.5700935349903924,0.8188176844240953,0.7357859531772575,,
olmo2_7b_instruct,OLMo,arc_challenge,777,hidden_summary_only,hgb,299,90,0.6717171717171717,0.6634415782183735,0.5009364548494983,0.8026585297418629,0.7357859531772575,,
olmo2_7b_instruct,OLMo,arc_challenge,777,cheap_plus_hidden_summary,logreg,299,90,0.7506313131313131,0.7434730225123793,0.6134099516518936,0.8653601986249045,0.7357859531772575,,
olmo2_7b_instruct,OLMo,arc_challenge,777,cheap_plus_hidden_summary,mlp,299,90,0.7954545454545455,0.7932597376381987,0.6699076923076923,0.8979296066252588,0.7357859531772575,,
olmo2_7b_instruct,OLMo,arc_challenge,777,cheap_plus_hidden_summary,extratrees,299,90,0.8036616161616161,0.8001214182402896,0.6819012728997155,0.8972559453764204,0.7357859531772575,,
olmo2_7b_instruct,OLMo,arc_challenge,777,cheap_plus_hidden_summary,hgb,299,90,0.7196969696969696,0.7144958731787826,0.5773141865694789,0.8371987134774858,0.7357859531772575,,
olmo2_7b_instruct,OLMo,arc_challenge,777,pca_hidden_embeddings,logreg,299,90,0.8118686868686869,0.8094190243116188,0.7007335373238435,0.9007805197421433,0.7357859531772575,64.0,0.7518652677536011
olmo2_7b_instruct,OLMo,arc_challenge,777,pca_hidden_embeddings,mlp,299,90,0.7310606060606061,0.7306880683436742,0.6163306290417402,0.8282720091702511,0.7357859531772575,64.0,0.7518652677536011
olmo2_7b_instruct,OLMo,arc_challenge,777,pca_hidden_embeddings,extratrees,299,90,0.8093434343434345,0.807352439907622,0.7068585858585859,0.8980522722756072,0.7357859531772575,64.0,0.7518652677536011
olmo2_7b_instruct,OLMo,arc_challenge,777,pca_hidden_embeddings,hgb,299,90,0.7373737373737373,0.7368108315445719,0.6124045501376757,0.8512600043261951,0.7357859531772575,64.0,0.7518652677536011
olmo2_7b_instruct,OLMo,arc_challenge,777,cheap_plus_pca_hidden,logreg,299,90,0.8219696969696969,0.8191115625864499,0.7109412442396313,0.9099004979395604,0.7357859531772575,64.0,0.7518652677536011
olmo2_7b_instruct,OLMo,arc_challenge,777,cheap_plus_pca_hidden,mlp,299,90,0.7607323232323233,0.7574362671933191,0.6641342379245605,0.8488425925925925,0.7357859531772575,64.0,0.7518652677536011
olmo2_7b_instruct,OLMo,arc_challenge,777,cheap_plus_pca_hidden,extratrees,299,90,0.8162878787878788,0.8124080271427087,0.6997890979883193,0.9151841081876467,0.7357859531772575,64.0,0.7518652677536011
olmo2_7b_instruct,OLMo,arc_challenge,777,cheap_plus_pca_hidden,hgb,299,90,0.8642676767676767,0.8603888052811103,0.7489982546048722,0.949723228663446,0.7357859531772575,64.0,0.7518652677536011
olmo2_7b_instruct,OLMo,arc_challenge,2025,direct_pmax,none,299,90,0.8787878787878788,0.8757300648342324,0.7843167701863354,0.9492078234265734,,,
olmo2_7b_instruct,OLMo,arc_challenge,2025,cheap_confidence_option,logreg,299,90,0.8440656565656566,0.8458115630106677,0.7512133838383839,0.9230297749333841,0.7357859531772575,,
olmo2_7b_instruct,OLMo,arc_challenge,2025,cheap_confidence_option,mlp,299,90,0.8914141414141414,0.8909337367787369,0.8118423108771005,0.9517285714285715,0.7357859531772575,,
olmo2_7b_instruct,OLMo,arc_challenge,2025,cheap_confidence_option,extratrees,299,90,0.8617424242424243,0.8647082273979864,0.7811501196172248,0.9400066733400066,0.7357859531772575,,
olmo2_7b_instruct,OLMo,arc_challenge,2025,cheap_confidence_option,hgb,299,90,0.8036616161616161,0.8047213107667965,0.6790035774410774,0.8990286437841992,0.7357859531772575,,
olmo2_7b_instruct,OLMo,arc_challenge,2025,hidden_summary_only,logreg,299,90,0.6344696969696969,0.6363533094822458,0.47902060056320706,0.7666826006620323,0.7357859531772575,,
olmo2_7b_instruct,OLMo,arc_challenge,2025,hidden_summary_only,mlp,299,90,0.5340909090909091,0.5302069435343058,0.3720899732620321,0.6714993871223592,0.7357859531772575,,
olmo2_7b_instruct,OLMo,arc_challenge,2025,hidden_summary_only,extratrees,299,90,0.7222222222222222,0.7172696587029483,0.584975070836966,0.835926163038839,0.7357859531772575,,
olmo2_7b_instruct,OLMo,arc_challenge,2025,hidden_summary_only,hgb,299,90,0.6994949494949495,0.6979594299283352,0.5832441260430391,0.8248379224941724,0.7357859531772575,,
olmo2_7b_instruct,OLMo,arc_challenge,2025,cheap_plus_hidden_summary,logreg,299,90,0.6357323232323233,0.6453522052279583,0.5113636363636364,0.7747117787369379,0.7357859531772575,,
olmo2_7b_instruct,OLMo,arc_challenge,2025,cheap_plus_hidden_summary,mlp,299,90,0.5902777777777778,0.5933980770389092,0.4569034679089027,0.7325638876836296,0.7357859531772575,,
olmo2_7b_instruct,OLMo,arc_challenge,2025,cheap_plus_hidden_summary,extratrees,299,90,0.8863636363636362,0.8896523458093151,0.8131601382488479,0.9513691000783392,0.7357859531772575,,
olmo2_7b_instruct,OLMo,arc_challenge,2025,cheap_plus_hidden_summary,hgb,299,90,0.7733585858585857,0.7777405133724479,0.6701507034028774,0.863891756339673,0.7357859531772575,,
olmo2_7b_instruct,OLMo,arc_challenge,2025,pca_hidden_embeddings,logreg,299,90,0.7720959595959596,0.7751851143707852,0.6609323671497584,0.8835752858627859,0.7357859531772575,64.0,0.7492986917495728
olmo2_7b_instruct,OLMo,arc_challenge,2025,pca_hidden_embeddings,mlp,299,90,0.49684343434343436,0.5019610454070402,0.3717977894344701,0.6330145502645502,0.7357859531772575,64.0,0.7492986917495728
olmo2_7b_instruct,OLMo,arc_challenge,2025,pca_hidden_embeddings,extratrees,299,90,0.821969696969697,0.8225597232985056,0.7242584868629893,0.9049652195027196,0.7357859531772575,64.0,0.7492986917495728
olmo2_7b_instruct,OLMo,arc_challenge,2025,pca_hidden_embeddings,hgb,299,90,0.7512626262626263,0.7539913107690327,0.6320393518518519,0.8759715196251939,0.7357859531772575,64.0,0.7492986917495728
olmo2_7b_instruct,OLMo,arc_challenge,2025,cheap_plus_pca_hidden,logreg,299,90,0.7626262626262627,0.7645950510706799,0.6550032692269876,0.8795300802139038,0.7357859531772575,64.0,0.7492986917495728
olmo2_7b_instruct,OLMo,arc_challenge,2025,cheap_plus_pca_hidden,mlp,299,90,0.8661616161616161,0.8679313577169246,0.7752404327790022,0.9488367802154918,0.7357859531772575,64.0,0.7492986917495728
olmo2_7b_instruct,OLMo,arc_challenge,2025,cheap_plus_pca_hidden,extratrees,299,90,0.8825757575757576,0.8839126835332775,0.795409349998722,0.9519799107142857,0.7357859531772575,64.0,0.7492986917495728
olmo2_7b_instruct,OLMo,arc_challenge,2025,cheap_plus_pca_hidden,hgb,299,90,0.8566919191919192,0.8549023822664624,0.7654423634336678,0.9416945187165775,0.7357859531772575,64.0,0.7492986917495728
olmo2_7b_instruct,OLMo,commonsenseqa,42,direct_pmax,none,1000,300,0.7484638367438976,0.7497950384117262,0.6869964580270363,0.8152901737385333,,,
olmo2_7b_instruct,OLMo,commonsenseqa,42,cheap_confidence_option,logreg,1000,300,0.7601894131574498,0.7608395318491006,0.6974707580695981,0.8229444135137408,0.731,,
olmo2_7b_instruct,OLMo,commonsenseqa,42,cheap_confidence_option,mlp,1000,300,0.7591183268504426,0.7598455717283918,0.695877164728473,0.8181700140932407,0.731,,
olmo2_7b_instruct,OLMo,commonsenseqa,42,cheap_confidence_option,extratrees,1000,300,0.7773267940695642,0.7776618461326082,0.7229912341848934,0.8347479007696338,0.731,,
olmo2_7b_instruct,OLMo,commonsenseqa,42,cheap_confidence_option,hgb,1000,300,0.7411917244489542,0.7417499513122272,0.6762183282567228,0.7999032442314059,0.731,,
olmo2_7b_instruct,OLMo,commonsenseqa,42,hidden_summary_only,logreg,1000,300,0.7212920683240318,0.7213846371957896,0.6485091657465487,0.7793397598511754,0.731,,
olmo2_7b_instruct,OLMo,commonsenseqa,42,hidden_summary_only,mlp,1000,300,0.6727549467275494,0.6708517008340524,0.6008842026985846,0.7335559451708523,0.731,,
olmo2_7b_instruct,OLMo,commonsenseqa,42,hidden_summary_only,extratrees,1000,300,0.6670049044478268,0.6654297363448161,0.5997855917667239,0.732170941016931,0.731,,
olmo2_7b_instruct,OLMo,commonsenseqa,42,hidden_summary_only,hgb,1000,300,0.639100287502114,0.6404489718342018,0.5668958615196928,0.6981437969924812,0.731,,
olmo2_7b_instruct,OLMo,commonsenseqa,42,cheap_plus_hidden_summary,logreg,1000,300,0.7622188398444106,0.7630308570866059,0.7018191503346215,0.8248517297143978,0.731,,
olmo2_7b_instruct,OLMo,commonsenseqa,42,cheap_plus_hidden_summary,mlp,1000,300,0.7484074637803709,0.7485484559224741,0.6902524303724114,0.8078655260468397,0.731,,
olmo2_7b_instruct,OLMo,commonsenseqa,42,cheap_plus_hidden_summary,extratrees,1000,300,0.7573707649811151,0.7582069663455869,0.6945551470588236,0.8198402511981354,0.731,,
olmo2_7b_instruct,OLMo,commonsenseqa,42,cheap_plus_hidden_summary,hgb,1000,300,0.721799424995772,0.7221219921368617,0.6584594635899873,0.7818741732804232,0.731,,
olmo2_7b_instruct,OLMo,commonsenseqa,42,pca_hidden_embeddings,logreg,1000,300,0.7692090873217204,0.7689737611898851,0.709032053653564,0.8232816109205259,0.731,64.0,0.64557945728302
olmo2_7b_instruct,OLMo,commonsenseqa,42,pca_hidden_embeddings,mlp,1000,300,0.6437228705113027,0.6430996867174273,0.5686893434598037,0.7139361942405421,0.731,64.0,0.64557945728302
olmo2_7b_instruct,OLMo,commonsenseqa,42,pca_hidden_embeddings,extratrees,1000,300,0.7516207227013924,0.7519865577609952,0.6936280037746443,0.8110508288742645,0.731,64.0,0.64557945728302
olmo2_7b_instruct,OLMo,commonsenseqa,42,pca_hidden_embeddings,hgb,1000,300,0.7086081515305259,0.7063479812987132,0.640806326456309,0.772021755050505,0.731,64.0,0.64557945728302
olmo2_7b_instruct,OLMo,commonsenseqa,42,cheap_plus_pca_hidden,logreg,1000,300,0.7784542533400981,0.7786068990020637,0.72246116365102,0.8360820344354946,0.731,64.0,0.64557945728302
olmo2_7b_instruct,OLMo,commonsenseqa,42,cheap_plus_pca_hidden,mlp,1000,300,0.7843170415468742,0.7841439494189483,0.727304648210455,0.8492624052123613,0.731,64.0,0.64557945728302
olmo2_7b_instruct,OLMo,commonsenseqa,42,cheap_plus_pca_hidden,extratrees,1000,300,0.7739444162579627,0.7738785973337908,0.7102013613208594,0.8368672292019343,0.731,64.0,0.64557945728302
olmo2_7b_instruct,OLMo,commonsenseqa,42,cheap_plus_pca_hidden,hgb,1000,300,0.7571452731270084,0.7566259031308002,0.694063374853932,0.8137182604385781,0.731,64.0,0.64557945728302
olmo2_7b_instruct,OLMo,commonsenseqa,7,direct_pmax,none,1000,300,0.765995828400699,0.7667050056898695,0.703235415716757,0.822848401671201,,,
olmo2_7b_instruct,OLMo,commonsenseqa,7,cheap_confidence_option,logreg,1000,300,0.7627825694796775,0.7636530606734323,0.7087178922222573,0.8155230217961699,0.731,,
olmo2_7b_instruct,OLMo,commonsenseqa,7,cheap_confidence_option,mlp,1000,300,0.7567506623823215,0.7570930609652,0.6968542070690308,0.8191916421167484,0.731,,
olmo2_7b_instruct,OLMo,commonsenseqa,7,cheap_confidence_option,extratrees,1000,300,0.7664468121089126,0.7687922972538694,0.7144059354947737,0.8237128042742274,0.731,,
olmo2_7b_instruct,OLMo,commonsenseqa,7,cheap_confidence_option,hgb,1000,300,0.7453069507864027,0.7476099216604466,0.6833838776551197,0.8077016053739197,0.731,,
olmo2_7b_instruct,OLMo,commonsenseqa,7,hidden_summary_only,logreg,1000,300,0.6542646146907942,0.6548765711478205,0.5822048356404286,0.7271116898148148,0.731,,
olmo2_7b_instruct,OLMo,commonsenseqa,7,hidden_summary_only,mlp,1000,300,0.5811488809966739,0.5823096562909007,0.5097185844453936,0.6635155297858174,0.731,,
olmo2_7b_instruct,OLMo,commonsenseqa,7,hidden_summary_only,extratrees,1000,300,0.5959749704041942,0.5954708473193648,0.5292011002207437,0.6636609025032938,0.731,,
olmo2_7b_instruct,OLMo,commonsenseqa,7,hidden_summary_only,hgb,1000,300,0.5742150064828908,0.571553347542985,0.4993318922994532,0.6419843825830372,0.731,,
olmo2_7b_instruct,OLMo,commonsenseqa,7,cheap_plus_hidden_summary,logreg,1000,300,0.7497040419414848,0.7510000049021534,0.6964239947483013,0.806732673140077,0.731,,
olmo2_7b_instruct,OLMo,commonsenseqa,7,cheap_plus_hidden_summary,mlp,1000,300,0.7379220925644061,0.7391817285746308,0.6844303665170823,0.798348751901898,0.731,,
olmo2_7b_instruct,OLMo,commonsenseqa,7,cheap_plus_hidden_summary,extratrees,1000,300,0.7590055809233892,0.759531208849203,0.7026959808023554,0.8152473191916079,0.731,,
olmo2_7b_instruct,OLMo,commonsenseqa,7,cheap_plus_hidden_summary,hgb,1000,300,0.6915835165454649,0.6913562735873481,0.6303750443817778,0.7558788237186318,0.731,,
olmo2_7b_instruct,OLMo,commonsenseqa,7,pca_hidden_embeddings,logreg,1000,300,0.7171768419865833,0.7172571310771207,0.6398977667047578,0.7704671938465253,0.731,64.0,0.6435016393661499
olmo2_7b_instruct,OLMo,commonsenseqa,7,pca_hidden_embeddings,mlp,1000,300,0.5167145836856644,0.5166183947887528,0.4418188701423722,0.5929041217679054,0.731,64.0,0.6435016393661499
olmo2_7b_instruct,OLMo,commonsenseqa,7,pca_hidden_embeddings,extratrees,1000,300,0.6837476746152545,0.6829740719359746,0.6242598684210526,0.7416676435442271,0.731,64.0,0.6435016393661499
olmo2_7b_instruct,OLMo,commonsenseqa,7,pca_hidden_embeddings,hgb,1000,300,0.6344213315293985,0.6347861956683946,0.5674126607637281,0.7031217481417953,0.731,64.0,0.6435016393661499
olmo2_7b_instruct,OLMo,commonsenseqa,7,cheap_plus_pca_hidden,logreg,1000,300,0.7084390326399458,0.7073373168780253,0.6413512540302895,0.7736344233966516,0.731,64.0,0.6435016393661499
olmo2_7b_instruct,OLMo,commonsenseqa,7,cheap_plus_pca_hidden,mlp,1000,300,0.7856699926715148,0.7862818760560105,0.7262954302198915,0.8412885992392034,0.731,64.0,0.6435016393661499
olmo2_7b_instruct,OLMo,commonsenseqa,7,cheap_plus_pca_hidden,extratrees,1000,300,0.7662776932183324,0.7665168431568469,0.7066329631780595,0.8208706956564978,0.731,64.0,0.6435016393661499
olmo2_7b_instruct,OLMo,commonsenseqa,7,cheap_plus_pca_hidden,hgb,1000,300,0.7118777834150742,0.7115636197926624,0.6434435977429367,0.7767157815418653,0.731,64.0,0.6435016393661499
olmo2_7b_instruct,OLMo,commonsenseqa,123,direct_pmax,none,1000,300,0.7714640058627882,0.772468700038187,0.7104520665401447,0.8252975318844883,,,
olmo2_7b_instruct,OLMo,commonsenseqa,123,cheap_confidence_option,logreg,1000,300,0.7910254242065505,0.7903570969254264,0.7372237771569371,0.8396735121705292,0.731,,
olmo2_7b_instruct,OLMo,commonsenseqa,123,cheap_confidence_option,mlp,1000,300,0.7680816280511866,0.7668570439577401,0.705239146925575,0.8266938206469456,0.731,,
olmo2_7b_instruct,OLMo,commonsenseqa,123,cheap_confidence_option,extratrees,1000,300,0.7869665708326288,0.7867516029614507,0.7222644000139722,0.8377227816233602,0.731,,
olmo2_7b_instruct,OLMo,commonsenseqa,123,cheap_confidence_option,hgb,1000,300,0.7140199560290884,0.7126900992160624,0.6511614898866523,0.7702843219159008,0.731,,
olmo2_7b_instruct,OLMo,commonsenseqa,123,hidden_summary_only,logreg,1000,300,0.7208974575793449,0.719011509551803,0.6524962861919383,0.794854674528315,0.731,,
olmo2_7b_instruct,OLMo,commonsenseqa,123,hidden_summary_only,mlp,1000,300,0.4330571058120526,0.4346750247554662,0.36295407686447506,0.49935668456703447,0.731,,
olmo2_7b_instruct,OLMo,commonsenseqa,123,hidden_summary_only,extratrees,1000,300,0.6985737640227747,0.6966948098433172,0.6239945657422419,0.7635327380701052,0.731,,
olmo2_7b_instruct,OLMo,commonsenseqa,123,hidden_summary_only,hgb,1000,300,0.676137324539151,0.6748189112671381,0.6080627863795295,0.7385199640902873,0.731,,
olmo2_7b_instruct,OLMo,commonsenseqa,123,cheap_plus_hidden_summary,logreg,1000,300,0.7813292744799594,0.7813540931924249,0.724356725668424,0.8344333817451035,0.731,,
olmo2_7b_instruct,OLMo,commonsenseqa,123,cheap_plus_hidden_summary,mlp,1000,300,0.7889959975195896,0.788004074837271,0.7295227314427772,0.8434974427984295,0.731,,
olmo2_7b_instruct,OLMo,commonsenseqa,123,cheap_plus_hidden_summary,extratrees,1000,300,0.7993122498449743,0.7987846240529604,0.7444213872577156,0.8498065149289308,0.731,,
olmo2_7b_instruct,OLMo,commonsenseqa,123,cheap_plus_hidden_summary,hgb,1000,300,0.7477873611815773,0.7464333932992737,0.678020409688995,0.8023580461054963,0.731,,
olmo2_7b_instruct,OLMo,commonsenseqa,123,pca_hidden_embeddings,logreg,1000,300,0.7561305597835278,0.7507178567294807,0.6889943428923844,0.8058783938101373,0.731,64.0,0.6472690105438232
olmo2_7b_instruct,OLMo,commonsenseqa,123,pca_hidden_embeddings,mlp,1000,300,0.5327245053272451,0.5300183592576654,0.4572170443469785,0.5950710227272727,0.731,64.0,0.6472690105438232
olmo2_7b_instruct,OLMo,commonsenseqa,123,pca_hidden_embeddings,extratrees,1000,300,0.7749027566379163,0.7708003708891962,0.7031808594485225,0.8298905781718282,0.731,64.0,0.6472690105438232
olmo2_7b_instruct,OLMo,commonsenseqa,123,pca_hidden_embeddings,hgb,1000,300,0.7141327019561419,0.712214818106843,0.6453376528442317,0.7707525387624072,0.731,64.0,0.6472690105438232
olmo2_7b_instruct,OLMo,commonsenseqa,123,cheap_plus_pca_hidden,logreg,1000,300,0.780483680027059,0.7782132342959333,0.7181278867421451,0.8322169336211744,0.731,64.0,0.6472690105438232
olmo2_7b_instruct,OLMo,commonsenseqa,123,cheap_plus_pca_hidden,mlp,1000,300,0.7653757258019054,0.7632209384405974,0.7076410019560965,0.8174859350210733,0.731,64.0,0.6472690105438232
olmo2_7b_instruct,OLMo,commonsenseqa,123,cheap_plus_pca_hidden,extratrees,1000,300,0.7971137042674333,0.7964974353081179,0.7391585443215878,0.84762702039808,0.731,64.0,0.6472690105438232
olmo2_7b_instruct,OLMo,commonsenseqa,123,cheap_plus_pca_hidden,hgb,1000,300,0.7543829979142004,0.7523294211899679,0.6838597032828282,0.8102672410771771,0.731,64.0,0.6472690105438232
olmo2_7b_instruct,OLMo,commonsenseqa,777,direct_pmax,none,1000,300,0.7737189244038558,0.7744402820789906,0.7082048905610852,0.836835783582133,,,
olmo2_7b_instruct,OLMo,commonsenseqa,777,cheap_confidence_option,logreg,1000,300,0.7781723885224646,0.778137645158655,0.7065977205081186,0.8365300568482806,0.731,,
olmo2_7b_instruct,OLMo,commonsenseqa,777,cheap_confidence_option,mlp,1000,300,0.7747336377473364,0.7742758069854385,0.7077504427882666,0.8340769594547804,0.731,,
olmo2_7b_instruct,OLMo,commonsenseqa,777,cheap_confidence_option,extratrees,1000,300,0.7700546817746209,0.7692000772505844,0.7051766868548202,0.8307835572991823,0.731,,
olmo2_7b_instruct,OLMo,commonsenseqa,777,cheap_confidence_option,hgb,1000,300,0.7284514346919218,0.7268837741796141,0.6628848152003658,0.7910600171423019,0.731,,
olmo2_7b_instruct,OLMo,commonsenseqa,777,hidden_summary_only,logreg,1000,300,0.7250126839167935,0.7225594618737066,0.6579168290895003,0.7847655102721075,0.731,,
olmo2_7b_instruct,OLMo,commonsenseqa,777,hidden_summary_only,mlp,1000,300,0.513106714019956,0.5122273295723878,0.4319979063687581,0.5859336600899101,0.731,,
olmo2_7b_instruct,OLMo,commonsenseqa,777,hidden_summary_only,extratrees,1000,300,0.6697671796606348,0.6660868076460483,0.6004685255583462,0.740452041562239,0.731,,
olmo2_7b_instruct,OLMo,commonsenseqa,777,hidden_summary_only,hgb,1000,300,0.6463160268335306,0.6417126758259033,0.5639799615410622,0.7117221913155344,0.731,,
olmo2_7b_instruct,OLMo,commonsenseqa,777,cheap_plus_hidden_summary,logreg,1000,300,0.7685326117594001,0.7685651814058803,0.6967950609697287,0.8249776411916903,0.731,,
olmo2_7b_instruct,OLMo,commonsenseqa,777,cheap_plus_hidden_summary,mlp,1000,300,0.7299171317436157,0.7303145554284812,0.6570205022500376,0.7940229210155871,0.731,,
olmo2_7b_instruct,OLMo,commonsenseqa,777,cheap_plus_hidden_summary,extratrees,1000,300,0.7762557077625571,0.7757100042001668,0.7097162162162162,0.835131860807057,0.731,,
olmo2_7b_instruct,OLMo,commonsenseqa,777,cheap_plus_hidden_summary,hgb,1000,300,0.7233778679745193,0.7208217060273542,0.6506316443026896,0.7822228427291692,0.731,,
olmo2_7b_instruct,OLMo,commonsenseqa,777,pca_hidden_embeddings,logreg,1000,300,0.7630080613337844,0.761833816048254,0.7008806971540885,0.8267097354497355,0.731,64.0,0.6442499160766602
olmo2_7b_instruct,OLMo,commonsenseqa,777,pca_hidden_embeddings,mlp,1000,300,0.7148655504819887,0.7146377357814527,0.6398927031317301,0.7808944027417478,0.731,64.0,0.6442499160766602
olmo2_7b_instruct,OLMo,commonsenseqa,777,pca_hidden_embeddings,extratrees,1000,300,0.7520153334460793,0.7496607990763984,0.68609473391407,0.8142215747817638,0.731,64.0,0.6442499160766602
olmo2_7b_instruct,OLMo,commonsenseqa,777,pca_hidden_embeddings,hgb,1000,300,0.7104684593269068,0.7097138437706273,0.6420877381503616,0.7773696506859731,0.731,64.0,0.6442499160766602
olmo2_7b_instruct,OLMo,commonsenseqa,777,cheap_plus_pca_hidden,logreg,1000,300,0.7732679406956424,0.7728752250654137,0.7051306871479097,0.8288587687003273,0.731,64.0,0.6442499160766602
olmo2_7b_instruct,OLMo,commonsenseqa,777,cheap_plus_pca_hidden,mlp,1000,300,0.7838096848751338,0.7846870801712614,0.7159804361034338,0.8392510304317234,0.731,64.0,0.6442499160766602
olmo2_7b_instruct,OLMo,commonsenseqa,777,cheap_plus_pca_hidden,extratrees,1000,300,0.792209256440611,0.7921943116632995,0.7255210127365028,0.8487348351272401,0.731,64.0,0.6442499160766602
olmo2_7b_instruct,OLMo,commonsenseqa,777,cheap_plus_pca_hidden,hgb,1000,300,0.7528045549354531,0.7531991998319603,0.6921630190099756,0.811967334667429,0.731,64.0,0.6442499160766602
olmo2_7b_instruct,OLMo,commonsenseqa,2025,direct_pmax,none,1000,300,0.7573707649811152,0.7589442584452708,0.7032704365810659,0.8228350843578371,,,
olmo2_7b_instruct,OLMo,commonsenseqa,2025,cheap_confidence_option,logreg,1000,300,0.7685326117594004,0.7678064261729014,0.7107200497396021,0.8338273719410244,0.731,,
olmo2_7b_instruct,OLMo,commonsenseqa,2025,cheap_confidence_option,mlp,1000,300,0.757032527199955,0.756547600557841,0.7001749234719208,0.8267726608187134,0.731,,
olmo2_7b_instruct,OLMo,commonsenseqa,2025,cheap_confidence_option,extratrees,1000,300,0.7714640058627882,0.7701408591927683,0.7184953866032934,0.8256543365797987,0.731,,
olmo2_7b_instruct,OLMo,commonsenseqa,2025,cheap_confidence_option,hgb,1000,300,0.734088731044591,0.731675877516261,0.673039665926179,0.7976477813642499,0.731,,
olmo2_7b_instruct,OLMo,commonsenseqa,2025,hidden_summary_only,logreg,1000,300,0.6924854839618918,0.6907902154337799,0.6250212169096474,0.7540861931818182,0.731,,
olmo2_7b_instruct,OLMo,commonsenseqa,2025,hidden_summary_only,mlp,1000,300,0.46485145724110716,0.4651702527445161,0.3861040170561764,0.5328391822204886,0.731,,
olmo2_7b_instruct,OLMo,commonsenseqa,2025,hidden_summary_only,extratrees,1000,300,0.6615367269857376,0.661261799370919,0.5997545412791324,0.7222341478956325,0.731,,
olmo2_7b_instruct,OLMo,commonsenseqa,2025,hidden_summary_only,hgb,1000,300,0.6378600823045267,0.6396549543183028,0.5735288430600931,0.7026684495679962,0.731,,
olmo2_7b_instruct,OLMo,commonsenseqa,2025,cheap_plus_hidden_summary,logreg,1000,300,0.7707311573369412,0.769910403743573,0.7147856283495571,0.8294509572497434,0.731,,
olmo2_7b_instruct,OLMo,commonsenseqa,2025,cheap_plus_hidden_summary,mlp,1000,300,0.7673487795253398,0.7668480313857865,0.7101232632948697,0.8299623686054364,0.731,,
olmo2_7b_instruct,OLMo,commonsenseqa,2025,cheap_plus_hidden_summary,extratrees,1000,300,0.7705056654828344,0.7698763551417193,0.7182958142780286,0.829730351978847,0.731,,
olmo2_7b_instruct,OLMo,commonsenseqa,2025,cheap_plus_hidden_summary,hgb,1000,300,0.750775128248492,0.7511941043919372,0.6979581464554105,0.8050004535461156,0.731,,
olmo2_7b_instruct,OLMo,commonsenseqa,2025,pca_hidden_embeddings,logreg,1000,300,0.7362309036586053,0.7346240513396598,0.6760416856665147,0.790667561026936,0.731,64.0,0.646339476108551
olmo2_7b_instruct,OLMo,commonsenseqa,2025,pca_hidden_embeddings,mlp,1000,300,0.6901178194937706,0.689057330684086,0.6309701925433819,0.743239560921603,0.731,64.0,0.646339476108551
olmo2_7b_instruct,OLMo,commonsenseqa,2025,pca_hidden_embeddings,extratrees,1000,300,0.7172332149501099,0.7159950550644366,0.6538916020037047,0.7775780369693253,0.731,64.0,0.646339476108551
olmo2_7b_instruct,OLMo,commonsenseqa,2025,pca_hidden_embeddings,hgb,1000,300,0.7314955747223632,0.7328207759985872,0.6776104382677353,0.7961734907540094,0.731,64.0,0.646339476108551
olmo2_7b_instruct,OLMo,commonsenseqa,2025,cheap_plus_pca_hidden,logreg,1000,300,0.7638536557866847,0.7626509436868932,0.7097241991603404,0.8171473327624247,0.731,64.0,0.646339476108551
olmo2_7b_instruct,OLMo,commonsenseqa,2025,cheap_plus_pca_hidden,mlp,1000,300,0.7694345791758272,0.7707663849930021,0.7130753603524743,0.8204096745567078,0.731,64.0,0.646339476108551
olmo2_7b_instruct,OLMo,commonsenseqa,2025,cheap_plus_pca_hidden,extratrees,1000,300,0.7696600710299341,0.7690650005166945,0.7165546183888575,0.8319513158940748,0.731,64.0,0.646339476108551
olmo2_7b_instruct,OLMo,commonsenseqa,2025,cheap_plus_pca_hidden,hgb,1000,300,0.7600202942668696,0.7594080484182468,0.7065635228972003,0.8185777498991789,0.731,64.0,0.646339476108551
olmo2_7b_instruct,OLMo,hellaswag,42,direct_pmax,none,1000,300,0.730955547112462,0.7308033019387487,0.6808885676497375,0.7865731020593387,,,
olmo2_7b_instruct,OLMo,hellaswag,42,cheap_confidence_option,logreg,1000,300,0.7483852583586627,0.7480383215027891,0.6996954845219826,0.8059208521659642,0.628,,
olmo2_7b_instruct,OLMo,hellaswag,42,cheap_confidence_option,mlp,1000,300,0.7444433890577508,0.7441277449091553,0.6958912048129466,0.7976590967252271,0.628,,
olmo2_7b_instruct,OLMo,hellaswag,42,cheap_confidence_option,extratrees,1000,300,0.713145896656535,0.7136715623193803,0.6613070901787905,0.7687542360068401,0.628,,
olmo2_7b_instruct,OLMo,hellaswag,42,cheap_confidence_option,hgb,1000,300,0.6702602583586627,0.6701791009813716,0.6145496960755513,0.7247229553158537,0.628,,
olmo2_7b_instruct,OLMo,hellaswag,42,hidden_summary_only,logreg,1000,300,0.658197188449848,0.6588537123745266,0.5994488324175824,0.7240443239760533,0.628,,
olmo2_7b_instruct,OLMo,hellaswag,42,hidden_summary_only,mlp,1000,300,0.6828932370820668,0.6854400631720025,0.6267721039395503,0.7463687753640736,0.628,,
olmo2_7b_instruct,OLMo,hellaswag,42,hidden_summary_only,extratrees,1000,300,0.6365881458966566,0.6376330189540448,0.5782753600940013,0.6964411581079536,0.628,,
olmo2_7b_instruct,OLMo,hellaswag,42,hidden_summary_only,hgb,1000,300,0.6248575227963525,0.6253710811749852,0.5606141621636989,0.6872835723530505,0.628,,
olmo2_7b_instruct,OLMo,hellaswag,42,cheap_plus_hidden_summary,logreg,1000,300,0.7665273556231003,0.7667970782348064,0.7183833683573124,0.8189781743505151,0.628,,
olmo2_7b_instruct,OLMo,hellaswag,42,cheap_plus_hidden_summary,mlp,1000,300,0.726348784194529,0.7255251630030981,0.6742414975785763,0.7850135579652443,0.628,,
olmo2_7b_instruct,OLMo,hellaswag,42,cheap_plus_hidden_summary,extratrees,1000,300,0.7599259118541034,0.759985725803186,0.7088108108108109,0.8155586277807042,0.628,,
olmo2_7b_instruct,OLMo,hellaswag,42,cheap_plus_hidden_summary,hgb,1000,300,0.7096314589665653,0.7086833171625083,0.6516055222925989,0.7668551986036789,0.628,,
olmo2_7b_instruct,OLMo,hellaswag,42,pca_hidden_embeddings,logreg,1000,300,0.7320478723404256,0.7325402500061182,0.6732578372581128,0.7850334901433691,0.628,64.0,0.7018375396728516
olmo2_7b_instruct,OLMo,hellaswag,42,pca_hidden_embeddings,mlp,1000,300,0.638677811550152,0.6390967541512581,0.5771222033922518,0.7065176971326165,0.628,64.0,0.7018375396728516
olmo2_7b_instruct,OLMo,hellaswag,42,pca_hidden_embeddings,extratrees,1000,300,0.7405490121580547,0.7406294943453627,0.6810746012265858,0.7893445438795224,0.628,64.0,0.7018375396728516
olmo2_7b_instruct,OLMo,hellaswag,42,pca_hidden_embeddings,hgb,1000,300,0.6920592705167173,0.6933352040704938,0.6188500581224848,0.7544589968722268,0.628,64.0,0.7018375396728516
olmo2_7b_instruct,OLMo,hellaswag,42,cheap_plus_pca_hidden,logreg,1000,300,0.7652450607902735,0.7658813514080258,0.7105750079893226,0.8166970564573376,0.628,64.0,0.7018375396728516
olmo2_7b_instruct,OLMo,hellaswag,42,cheap_plus_pca_hidden,mlp,1000,300,0.7577887537993921,0.7571097659732052,0.699691056164626,0.8099868421052632,0.628,64.0,0.7018375396728516
olmo2_7b_instruct,OLMo,hellaswag,42,cheap_plus_pca_hidden,extratrees,1000,300,0.7726538753799392,0.7723226374956933,0.7223982427100683,0.8247802801660876,0.628,64.0,0.7018375396728516
olmo2_7b_instruct,OLMo,hellaswag,42,cheap_plus_pca_hidden,hgb,1000,300,0.7458681610942249,0.7450645136719038,0.6850866552170901,0.800928691266519,0.628,64.0,0.7018375396728516
olmo2_7b_instruct,OLMo,hellaswag,7,direct_pmax,none,1000,300,0.6526880699088147,0.6501519274960418,0.5807790592214923,0.7191869474422093,,,
olmo2_7b_instruct,OLMo,hellaswag,7,cheap_confidence_option,logreg,1000,300,0.6905870060790275,0.6872263522550432,0.6259640973613255,0.7545493429318055,0.628,,
olmo2_7b_instruct,OLMo,hellaswag,7,cheap_confidence_option,mlp,1000,300,0.6568199088145896,0.6541348750890068,0.5877698818372177,0.7190873555871417,0.628,,
olmo2_7b_instruct,OLMo,hellaswag,7,cheap_confidence_option,extratrees,1000,300,0.6832731762917933,0.6819392413968905,0.6146109553207831,0.7453743239025855,0.628,,
olmo2_7b_instruct,OLMo,hellaswag,7,cheap_confidence_option,hgb,1000,300,0.6533529635258358,0.6502509623554938,0.5782761284626421,0.7198434859441885,0.628,,
olmo2_7b_instruct,OLMo,hellaswag,7,hidden_summary_only,logreg,1000,300,0.626709726443769,0.6241962855780997,0.5599441242782204,0.6776212515782828,0.628,,
olmo2_7b_instruct,OLMo,hellaswag,7,hidden_summary_only,mlp,1000,300,0.6751519756838906,0.67484024837477,0.6123520183330092,0.7268813775510203,0.628,,
olmo2_7b_instruct,OLMo,hellaswag,7,hidden_summary_only,extratrees,1000,300,0.6699278115501519,0.6667255656425681,0.6090939466772536,0.7184433613778859,0.628,,
olmo2_7b_instruct,OLMo,hellaswag,7,hidden_summary_only,hgb,1000,300,0.6283244680851063,0.6235076748797823,0.5566334344014771,0.68138995215311,0.628,,
olmo2_7b_instruct,OLMo,hellaswag,7,cheap_plus_hidden_summary,logreg,1000,300,0.704122340425532,0.7002290646980672,0.6313832466348416,0.7645861950549452,0.628,,
olmo2_7b_instruct,OLMo,hellaswag,7,cheap_plus_hidden_summary,mlp,1000,300,0.6959536474164134,0.6933269246841174,0.625980518292683,0.7616568178218612,0.628,,
olmo2_7b_instruct,OLMo,hellaswag,7,cheap_plus_hidden_summary,extratrees,1000,300,0.7235467325227963,0.7214382440068433,0.6556679869241077,0.7820874486680975,0.628,,
olmo2_7b_instruct,OLMo,hellaswag,7,cheap_plus_hidden_summary,hgb,1000,300,0.6818958966565349,0.6777989628120415,0.6180993113261924,0.7295515288747406,0.628,,
olmo2_7b_instruct,OLMo,hellaswag,7,pca_hidden_embeddings,logreg,1000,300,0.6900645896656534,0.6877140558828078,0.6298615007596939,0.7402634268769879,0.628,64.0,0.7037391662597656
olmo2_7b_instruct,OLMo,hellaswag,7,pca_hidden_embeddings,mlp,1000,300,0.6719224924012159,0.6680145478977536,0.6056567796698011,0.7208927463574089,0.628,64.0,0.7037391662597656
olmo2_7b_instruct,OLMo,hellaswag,7,pca_hidden_embeddings,extratrees,1000,300,0.7025550911854103,0.7001761817288665,0.6361711718080467,0.7581733596343394,0.628,64.0,0.7037391662597656
olmo2_7b_instruct,OLMo,hellaswag,7,pca_hidden_embeddings,hgb,1000,300,0.6647036474164134,0.6628829924617554,0.6000731866797441,0.7164413875598086,0.628,64.0,0.7037391662597656
olmo2_7b_instruct,OLMo,hellaswag,7,cheap_plus_pca_hidden,logreg,1000,300,0.709488981762918,0.7070079701557695,0.6472913412338079,0.7654012540105022,0.628,64.0,0.7037391662597656
olmo2_7b_instruct,OLMo,hellaswag,7,cheap_plus_pca_hidden,mlp,1000,300,0.6539228723404255,0.6520308667575561,0.5846844463542881,0.719071987903611,0.628,64.0,0.7037391662597656
olmo2_7b_instruct,OLMo,hellaswag,7,cheap_plus_pca_hidden,extratrees,1000,300,0.7061170212765957,0.7042150104960099,0.6349901197935471,0.7668740546380615,0.628,64.0,0.7037391662597656
olmo2_7b_instruct,OLMo,hellaswag,7,cheap_plus_pca_hidden,hgb,1000,300,0.7133358662613981,0.7120341639522171,0.6458649762291205,0.7646083422521767,0.628,64.0,0.7037391662597656
olmo2_7b_instruct,OLMo,hellaswag,123,direct_pmax,none,1000,300,0.6827032674772036,0.6815357188583597,0.6247584727632878,0.7471774139355115,,,
olmo2_7b_instruct,OLMo,hellaswag,123,cheap_confidence_option,logreg,1000,300,0.6894946808510638,0.6857679477249499,0.6273227909391355,0.7445210216213749,0.628,,
olmo2_7b_instruct,OLMo,hellaswag,123,cheap_confidence_option,mlp,1000,300,0.6992306231003039,0.6973490097242054,0.6393411633864998,0.7582655502392344,0.628,,
olmo2_7b_instruct,OLMo,hellaswag,123,cheap_confidence_option,extratrees,1000,300,0.7077317629179332,0.7070742119818475,0.6497045293015443,0.7645552933886266,0.628,,
olmo2_7b_instruct,OLMo,hellaswag,123,cheap_confidence_option,hgb,1000,300,0.6757218844984803,0.6743116321441568,0.6083691195058568,0.7269688794037672,0.628,,
olmo2_7b_instruct,OLMo,hellaswag,123,hidden_summary_only,logreg,1000,300,0.6590995440729484,0.6551815159385277,0.5973593357569269,0.7171322469054326,0.628,,
olmo2_7b_instruct,OLMo,hellaswag,123,hidden_summary_only,mlp,1000,300,0.6056231003039513,0.603685789338381,0.5380856049729373,0.6717181288656697,0.628,,
olmo2_7b_instruct,OLMo,hellaswag,123,hidden_summary_only,extratrees,1000,300,0.6842705167173252,0.6802246829944121,0.6241048873710973,0.7320319492704774,0.628,,
olmo2_7b_instruct,OLMo,hellaswag,123,hidden_summary_only,hgb,1000,300,0.6443768996960486,0.6394438514569002,0.5825642097879631,0.6969924242424242,0.628,,
olmo2_7b_instruct,OLMo,hellaswag,123,cheap_plus_hidden_summary,logreg,1000,300,0.7191774316109423,0.715746893601358,0.656572769320338,0.7725074078487835,0.628,,
olmo2_7b_instruct,OLMo,hellaswag,123,cheap_plus_hidden_summary,mlp,1000,300,0.7133358662613981,0.7108069717389693,0.6564142899584076,0.7661712796827927,0.628,,
olmo2_7b_instruct,OLMo,hellaswag,123,cheap_plus_hidden_summary,extratrees,1000,300,0.7513772796352584,0.7498299654437479,0.7000054086639093,0.7940205968894493,0.628,,
olmo2_7b_instruct,OLMo,hellaswag,123,cheap_plus_hidden_summary,hgb,1000,300,0.727298632218845,0.7237827716040004,0.6722410835352012,0.7778865299941105,0.628,,
olmo2_7b_instruct,OLMo,hellaswag,123,pca_hidden_embeddings,logreg,1000,300,0.7371770516717326,0.7358636447924741,0.6764809968914446,0.7899844550485452,0.628,64.0,0.7031445503234863
olmo2_7b_instruct,OLMo,hellaswag,123,pca_hidden_embeddings,mlp,1000,300,0.6317439209726443,0.6306200250813521,0.5621307375390184,0.6958038277511962,0.628,64.0,0.7031445503234863
olmo2_7b_instruct,OLMo,hellaswag,123,pca_hidden_embeddings,extratrees,1000,300,0.7435410334346504,0.74266473426351,0.6865969112074433,0.7958974467887543,0.628,64.0,0.7031445503234863
olmo2_7b_instruct,OLMo,hellaswag,123,pca_hidden_embeddings,hgb,1000,300,0.6825132978723405,0.6806370055328758,0.6250429489768182,0.7410563866394674,0.628,64.0,0.7031445503234863
olmo2_7b_instruct,OLMo,hellaswag,123,cheap_plus_pca_hidden,logreg,1000,300,0.7347074468085106,0.7331696499729334,0.6760354908935776,0.7855698100255127,0.628,64.0,0.7031445503234863
olmo2_7b_instruct,OLMo,hellaswag,123,cheap_plus_pca_hidden,mlp,1000,300,0.7026975683890577,0.7008327945506115,0.6433658426015474,0.7575395895802098,0.628,64.0,0.7031445503234863
olmo2_7b_instruct,OLMo,hellaswag,123,cheap_plus_pca_hidden,extratrees,1000,300,0.7418313069908815,0.7404205550599066,0.6911027898515313,0.786457713393237,0.628,64.0,0.7031445503234863
olmo2_7b_instruct,OLMo,hellaswag,123,cheap_plus_pca_hidden,hgb,1000,300,0.7330452127659575,0.7321433407425844,0.6760671279325513,0.783752659574468,0.628,64.0,0.7031445503234863
olmo2_7b_instruct,OLMo,hellaswag,777,direct_pmax,none,1000,300,0.7115311550151977,0.7132329996308164,0.6550220696839425,0.7768604254975249,,,
olmo2_7b_instruct,OLMo,hellaswag,777,cheap_confidence_option,logreg,1000,300,0.7209821428571428,0.7224147907574938,0.6598889541715628,0.7802997328777339,0.628,,
olmo2_7b_instruct,OLMo,hellaswag,777,cheap_confidence_option,mlp,1000,300,0.7380319148936172,0.7390805058177583,0.6813412129225384,0.7932151079300075,0.628,,
olmo2_7b_instruct,OLMo,hellaswag,777,cheap_confidence_option,extratrees,1000,300,0.725826367781155,0.7283585187974586,0.6727947427095651,0.7876851942700156,0.628,,
olmo2_7b_instruct,OLMo,hellaswag,777,cheap_confidence_option,hgb,1000,300,0.7179901215805472,0.7194615804785334,0.6637837928010372,0.7761819845579028,0.628,,
olmo2_7b_instruct,OLMo,hellaswag,777,hidden_summary_only,logreg,1000,300,0.6949563069908814,0.6924204814124271,0.6317557189542483,0.7500468288496565,0.628,,
olmo2_7b_instruct,OLMo,hellaswag,777,hidden_summary_only,mlp,1000,300,0.5741356382978724,0.5728162828432534,0.5167512744991464,0.6425136656249405,0.628,,
olmo2_7b_instruct,OLMo,hellaswag,777,hidden_summary_only,extratrees,1000,300,0.6627564589665653,0.6604857670910105,0.5986258002692789,0.7171874028981872,0.628,,
olmo2_7b_instruct,OLMo,hellaswag,777,hidden_summary_only,hgb,1000,300,0.6328837386018238,0.6303282892255707,0.567234395838162,0.690950601169661,0.628,,
olmo2_7b_instruct,OLMo,hellaswag,777,cheap_plus_hidden_summary,logreg,1000,300,0.7459631458966565,0.7468418207399613,0.690194989010989,0.8011293885030863,0.628,,
olmo2_7b_instruct,OLMo,hellaswag,777,cheap_plus_hidden_summary,mlp,1000,300,0.7403115501519757,0.7414863411704463,0.6827838444332501,0.7976755401234568,0.628,,
olmo2_7b_instruct,OLMo,hellaswag,777,cheap_plus_hidden_summary,extratrees,1000,300,0.7671922492401214,0.7678712828874708,0.7139651975159566,0.8204338381740953,0.628,,
olmo2_7b_instruct,OLMo,hellaswag,777,cheap_plus_hidden_summary,hgb,1000,300,0.7210296352583587,0.7218551098866403,0.662515673790964,0.7766533785434995,0.628,,
olmo2_7b_instruct,OLMo,hellaswag,777,pca_hidden_embeddings,logreg,1000,300,0.724354103343465,0.7238192229562251,0.6647864952718676,0.7802762749616936,0.628,64.0,0.7027042508125305
olmo2_7b_instruct,OLMo,hellaswag,777,pca_hidden_embeddings,mlp,1000,300,0.6962386018237081,0.6962440413060546,0.6309040127359774,0.7558860654446713,0.628,64.0,0.7027042508125305
olmo2_7b_instruct,OLMo,hellaswag,777,pca_hidden_embeddings,extratrees,1000,300,0.7450607902735562,0.7427001883870954,0.6892621788455121,0.8012373107253832,0.628,64.0,0.7027042508125305
olmo2_7b_instruct,OLMo,hellaswag,777,pca_hidden_embeddings,hgb,1000,300,0.6875474924012158,0.6868772500807444,0.6331029441203386,0.7411018904180905,0.628,64.0,0.7027042508125305
olmo2_7b_instruct,OLMo,hellaswag,777,cheap_plus_pca_hidden,logreg,1000,300,0.7327602583586625,0.7332269392286614,0.675436884004884,0.7839234754549842,0.628,64.0,0.7027042508125305
olmo2_7b_instruct,OLMo,hellaswag,777,cheap_plus_pca_hidden,mlp,1000,300,0.7246865501519757,0.725483099292011,0.6604108374439751,0.7796892894698485,0.628,64.0,0.7027042508125305
olmo2_7b_instruct,OLMo,hellaswag,777,cheap_plus_pca_hidden,extratrees,1000,300,0.7715615501519756,0.7715398444782865,0.7143278388717461,0.8230385704640396,0.628,64.0,0.7027042508125305
olmo2_7b_instruct,OLMo,hellaswag,777,cheap_plus_pca_hidden,hgb,1000,300,0.7317629179331306,0.7316624980297881,0.6734793850063198,0.7854608422967116,0.628,64.0,0.7027042508125305
olmo2_7b_instruct,OLMo,hellaswag,2025,direct_pmax,none,1000,300,0.6799012158054711,0.6805049220742679,0.622736437524481,0.7456110811479902,,,
olmo2_7b_instruct,OLMo,hellaswag,2025,cheap_confidence_option,logreg,1000,300,0.6916318389057751,0.6939845853380749,0.6284419592046281,0.7581665434299982,0.628,,
olmo2_7b_instruct,OLMo,hellaswag,2025,cheap_confidence_option,mlp,1000,300,0.6912044072948328,0.6926350105104983,0.6298728905535971,0.7530393276785686,0.628,,
olmo2_7b_instruct,OLMo,hellaswag,2025,cheap_confidence_option,extratrees,1000,300,0.6974734042553191,0.6994630316467905,0.6410358531195173,0.7621340391599926,0.628,,
olmo2_7b_instruct,OLMo,hellaswag,2025,cheap_confidence_option,hgb,1000,300,0.6673157294832827,0.6698122109618483,0.6010220023591999,0.7363996830066023,0.628,,
olmo2_7b_instruct,OLMo,hellaswag,2025,hidden_summary_only,logreg,1000,300,0.6730148176291794,0.6721413158492917,0.6029270247121123,0.7352181019465155,0.628,,
olmo2_7b_instruct,OLMo,hellaswag,2025,hidden_summary_only,mlp,1000,300,0.6537329027355624,0.6522221488941451,0.5867203418000677,0.7055724014548792,0.628,,
olmo2_7b_instruct,OLMo,hellaswag,2025,hidden_summary_only,extratrees,1000,300,0.6344034954407295,0.6329337227396798,0.5647407869954454,0.6961251557469001,0.628,,
olmo2_7b_instruct,OLMo,hellaswag,2025,hidden_summary_only,hgb,1000,300,0.6042458206686929,0.6015379343777237,0.5383584189787548,0.6653138381909074,0.628,,
olmo2_7b_instruct,OLMo,hellaswag,2025,cheap_plus_hidden_summary,logreg,1000,300,0.7234992401215806,0.7248216496695636,0.6647696897542434,0.7835103648325358,0.628,,
olmo2_7b_instruct,OLMo,hellaswag,2025,cheap_plus_hidden_summary,mlp,1000,300,0.6837955927051672,0.6833268226505852,0.6207770544262897,0.743813325290751,0.628,,
olmo2_7b_instruct,OLMo,hellaswag,2025,cheap_plus_hidden_summary,extratrees,1000,300,0.7378894376899696,0.7387631069886655,0.6772168504669168,0.794046706572356,0.628,,
olmo2_7b_instruct,OLMo,hellaswag,2025,cheap_plus_hidden_summary,hgb,1000,300,0.7073993161094226,0.7088400301060443,0.6501340027790764,0.7693583952486867,0.628,,
olmo2_7b_instruct,OLMo,hellaswag,2025,pca_hidden_embeddings,logreg,1000,300,0.695573708206687,0.6964909059632941,0.6314019383394384,0.7581051307717974,0.628,64.0,0.7037535309791565
olmo2_7b_instruct,OLMo,hellaswag,2025,pca_hidden_embeddings,mlp,1000,300,0.5613601823708206,0.5618410452090982,0.4865214627320575,0.6266283707892039,0.628,64.0,0.7037535309791565
olmo2_7b_instruct,OLMo,hellaswag,2025,pca_hidden_embeddings,extratrees,1000,300,0.7112462006079028,0.7120185977226366,0.6494429700501416,0.7707693752316479,0.628,64.0,0.7037535309791565
olmo2_7b_instruct,OLMo,hellaswag,2025,pca_hidden_embeddings,hgb,1000,300,0.6980433130699089,0.6975858881468092,0.6379416660725783,0.7490537558989778,0.628,64.0,0.7037535309791565
olmo2_7b_instruct,OLMo,hellaswag,2025,cheap_plus_pca_hidden,logreg,1000,300,0.7274411094224924,0.7291015668074122,0.6740163706994873,0.7867978011900933,0.628,64.0,0.7037535309791565
olmo2_7b_instruct,OLMo,hellaswag,2025,cheap_plus_pca_hidden,mlp,1000,300,0.6541603343465046,0.6552519307095757,0.5875193531626635,0.7172032090250174,0.628,64.0,0.7037535309791565
olmo2_7b_instruct,OLMo,hellaswag,2025,cheap_plus_pca_hidden,extratrees,1000,300,0.7242116261398177,0.7264645079490719,0.6652048488706097,0.7888331121416179,0.628,64.0,0.7037535309791565
olmo2_7b_instruct,OLMo,hellaswag,2025,cheap_plus_pca_hidden,hgb,1000,300,0.7267762158054711,0.7301781527380418,0.6671538087000044,0.7901345165059357,0.628,64.0,0.7037535309791565
olmo2_7b_instruct,OLMo,mmlu_all,42,direct_pmax,none,1000,300,0.7723456790123457,0.7745680356630801,0.7252872095650529,0.8304284392563227,,,
olmo2_7b_instruct,OLMo,mmlu_all,42,cheap_confidence_option,logreg,1000,300,0.7651178451178452,0.7666255091258778,0.7109525131941598,0.8227332821661945,0.549,,
olmo2_7b_instruct,OLMo,mmlu_all,42,cheap_confidence_option,mlp,1000,300,0.7611672278338945,0.7634519044114122,0.7092764373953819,0.8193509265988371,0.549,,
olmo2_7b_instruct,OLMo,mmlu_all,42,cheap_confidence_option,extratrees,1000,300,0.7407407407407407,0.7429620678319366,0.6864590778900971,0.8012082280115242,0.549,,
olmo2_7b_instruct,OLMo,mmlu_all,42,cheap_confidence_option,hgb,1000,300,0.7175757575757576,0.7194461862913122,0.6647721060655243,0.7761088443711471,0.549,,
olmo2_7b_instruct,OLMo,mmlu_all,42,hidden_summary_only,logreg,1000,300,0.7251627384960717,0.7265918054802118,0.6664295060194788,0.7848863697222497,0.549,,
olmo2_7b_instruct,OLMo,mmlu_all,42,hidden_summary_only,mlp,1000,300,0.5897643097643097,0.5907425527566981,0.5284154663597417,0.6580238882894351,0.549,,
olmo2_7b_instruct,OLMo,mmlu_all,42,hidden_summary_only,extratrees,1000,300,0.7158249158249159,0.7161219271033681,0.6576538299663299,0.7810800239875721,0.549,,
olmo2_7b_instruct,OLMo,mmlu_all,42,hidden_summary_only,hgb,1000,300,0.6936026936026936,0.6956943030598172,0.6374599279497916,0.7583819408703609,0.549,,
olmo2_7b_instruct,OLMo,mmlu_all,42,cheap_plus_hidden_summary,logreg,1000,300,0.7697867564534231,0.7722170650443939,0.7202431343139776,0.8245240301598838,0.549,,
olmo2_7b_instruct,OLMo,mmlu_all,42,cheap_plus_hidden_summary,mlp,1000,300,0.7591470258136924,0.7613446364258573,0.7121969856763255,0.8220278026237329,0.549,,
olmo2_7b_instruct,OLMo,mmlu_all,42,cheap_plus_hidden_summary,extratrees,1000,300,0.7665993265993267,0.7685770632481385,0.7128820301000954,0.825262809981685,0.549,,
olmo2_7b_instruct,OLMo,mmlu_all,42,cheap_plus_hidden_summary,hgb,1000,300,0.7341863075196409,0.7359831956887933,0.6817176895965942,0.7940576546679156,0.549,,
olmo2_7b_instruct,OLMo,mmlu_all,42,pca_hidden_embeddings,logreg,1000,300,0.7517845117845118,0.7545950395602341,0.6988711646172193,0.8116435131251941,0.549,64.0,0.719103217124939
olmo2_7b_instruct,OLMo,mmlu_all,42,pca_hidden_embeddings,mlp,1000,300,0.679371492704826,0.6820568209200807,0.6202444226647251,0.7403330462659931,0.549,64.0,0.719103217124939
olmo2_7b_instruct,OLMo,mmlu_all,42,pca_hidden_embeddings,extratrees,1000,300,0.7422222222222223,0.7438321916474918,0.6945187297197348,0.8071670760675128,0.549,64.0,0.719103217124939
olmo2_7b_instruct,OLMo,mmlu_all,42,pca_hidden_embeddings,hgb,1000,300,0.7372839506172839,0.739117912150839,0.685122857606223,0.7986129780945012,0.549,64.0,0.719103217124939
olmo2_7b_instruct,OLMo,mmlu_all,42,cheap_plus_pca_hidden,logreg,1000,300,0.7612570145903479,0.7636439730386495,0.7071403173014481,0.8204477928348236,0.549,64.0,0.719103217124939
olmo2_7b_instruct,OLMo,mmlu_all,42,cheap_plus_pca_hidden,mlp,1000,300,0.7538496071829405,0.758009767645574,0.6942972598004965,0.8154833664350117,0.549,64.0,0.719103217124939
olmo2_7b_instruct,OLMo,mmlu_all,42,cheap_plus_pca_hidden,extratrees,1000,300,0.7623344556677889,0.7648191667029792,0.7129834238086274,0.8202601856607922,0.549,64.0,0.719103217124939
olmo2_7b_instruct,OLMo,mmlu_all,42,cheap_plus_pca_hidden,hgb,1000,300,0.7478338945005613,0.750654695933215,0.6962346166244365,0.8033932954359845,0.549,64.0,0.719103217124939
olmo2_7b_instruct,OLMo,mmlu_all,7,direct_pmax,none,1000,300,0.7632323232323232,0.7638080048252553,0.7074124837975527,0.8150380099275414,,,
olmo2_7b_instruct,OLMo,mmlu_all,7,cheap_confidence_option,logreg,1000,300,0.7732884399551067,0.7740632566840357,0.7222867668729738,0.8204212815394357,0.549,,
olmo2_7b_instruct,OLMo,mmlu_all,7,cheap_confidence_option,mlp,1000,300,0.7676318742985409,0.7687537993443827,0.7118425334736763,0.815901307596513,0.549,,
olmo2_7b_instruct,OLMo,mmlu_all,7,cheap_confidence_option,extratrees,1000,300,0.7380022446689113,0.7392833292444487,0.6808436436123538,0.7883748660574708,0.549,,
olmo2_7b_instruct,OLMo,mmlu_all,7,cheap_confidence_option,hgb,1000,300,0.710976430976431,0.7124442307235096,0.6589260002125366,0.7689012694242335,0.549,,
olmo2_7b_instruct,OLMo,mmlu_all,7,hidden_summary_only,logreg,1000,300,0.7187878787878788,0.7176713845274875,0.6658061587136296,0.7653997644035124,0.549,,
olmo2_7b_instruct,OLMo,mmlu_all,7,hidden_summary_only,mlp,1000,300,0.6975084175084176,0.697012306299663,0.6374954930349426,0.7583147321428572,0.549,,
olmo2_7b_instruct,OLMo,mmlu_all,7,hidden_summary_only,extratrees,1000,300,0.7364309764309764,0.7370703030401893,0.6880318821395007,0.7941797139641646,0.549,,
olmo2_7b_instruct,OLMo,mmlu_all,7,hidden_summary_only,hgb,1000,300,0.6680583613916946,0.6686545050414882,0.6084742847921862,0.7247630769695952,0.549,,
olmo2_7b_instruct,OLMo,mmlu_all,7,cheap_plus_hidden_summary,logreg,1000,300,0.7622895622895622,0.7631379888719152,0.7101463856386327,0.8118935753788695,0.549,,
olmo2_7b_instruct,OLMo,mmlu_all,7,cheap_plus_hidden_summary,mlp,1000,300,0.7462626262626262,0.7473902655696596,0.6912381847985539,0.7978298383081328,0.549,,
olmo2_7b_instruct,OLMo,mmlu_all,7,cheap_plus_hidden_summary,extratrees,1000,300,0.7636363636363636,0.7658819949313846,0.7112597427845642,0.8127769907868794,0.549,,
olmo2_7b_instruct,OLMo,mmlu_all,7,cheap_plus_hidden_summary,hgb,1000,300,0.7375084175084176,0.7389180317488688,0.6849127295183082,0.7913304054706769,0.549,,
olmo2_7b_instruct,OLMo,mmlu_all,7,pca_hidden_embeddings,logreg,1000,300,0.7727946127946128,0.7742595393613495,0.7196799568451798,0.8222516273263015,0.549,64.0,0.7200583219528198
olmo2_7b_instruct,OLMo,mmlu_all,7,pca_hidden_embeddings,mlp,1000,300,0.7490909090909091,0.7502838486070383,0.6970417708001365,0.8033336330363967,0.549,64.0,0.7200583219528198
olmo2_7b_instruct,OLMo,mmlu_all,7,pca_hidden_embeddings,extratrees,1000,300,0.7798428731762065,0.781358833333533,0.7287276306336251,0.8272507459870613,0.549,64.0,0.7200583219528198
olmo2_7b_instruct,OLMo,mmlu_all,7,pca_hidden_embeddings,hgb,1000,300,0.7386307519640852,0.7394596010800424,0.6838756820007618,0.7895310319224762,0.549,64.0,0.7200583219528198
olmo2_7b_instruct,OLMo,mmlu_all,7,cheap_plus_pca_hidden,logreg,1000,300,0.774006734006734,0.7763507672717257,0.723437509084165,0.8220922491970465,0.549,64.0,0.7200583219528198
olmo2_7b_instruct,OLMo,mmlu_all,7,cheap_plus_pca_hidden,mlp,1000,300,0.7616161616161616,0.7639866117888962,0.7098068214521303,0.815229405862255,0.549,64.0,0.7200583219528198
olmo2_7b_instruct,OLMo,mmlu_all,7,cheap_plus_pca_hidden,extratrees,1000,300,0.7748597081930415,0.7773987702686999,0.7281393908414382,0.8226730427625693,0.549,64.0,0.7200583219528198
olmo2_7b_instruct,OLMo,mmlu_all,7,cheap_plus_pca_hidden,hgb,1000,300,0.7734231200897868,0.7750297196929563,0.7199587345980715,0.8259038823529412,0.549,64.0,0.7200583219528198
olmo2_7b_instruct,OLMo,mmlu_all,123,direct_pmax,none,1000,300,0.7167227833894501,0.7159662799547729,0.654151728924721,0.7752544005871564,,,
olmo2_7b_instruct,OLMo,mmlu_all,123,cheap_confidence_option,logreg,1000,300,0.7134455667789001,0.713550889318083,0.6482253632050623,0.7692474508747039,0.549,,
olmo2_7b_instruct,OLMo,mmlu_all,123,cheap_confidence_option,mlp,1000,300,0.7061728395061728,0.7055454485584073,0.6431636466526574,0.7616238089418956,0.549,,
olmo2_7b_instruct,OLMo,mmlu_all,123,cheap_confidence_option,extratrees,1000,300,0.6976430976430976,0.698267258717662,0.6372782805429864,0.7566414535149784,0.549,,
olmo2_7b_instruct,OLMo,mmlu_all,123,cheap_confidence_option,hgb,1000,300,0.6918518518518518,0.691738194701097,0.6328887784753904,0.7442313948845943,0.549,,
olmo2_7b_instruct,OLMo,mmlu_all,123,hidden_summary_only,logreg,1000,300,0.6924354657687991,0.6927955969252891,0.6260380412581699,0.7444071972869281,0.549,,
olmo2_7b_instruct,OLMo,mmlu_all,123,hidden_summary_only,mlp,1000,300,0.7029854096520765,0.703097009528807,0.6389101314746299,0.7644676390561578,0.549,,
olmo2_7b_instruct,OLMo,mmlu_all,123,hidden_summary_only,extratrees,1000,300,0.7108417508417509,0.7109356254657921,0.647883777100686,0.7702050780613198,0.549,,
olmo2_7b_instruct,OLMo,mmlu_all,123,hidden_summary_only,hgb,1000,300,0.6626711560044893,0.6645895211040466,0.6078860184659973,0.7250055832647744,0.549,,
olmo2_7b_instruct,OLMo,mmlu_all,123,cheap_plus_hidden_summary,logreg,1000,300,0.7187429854096521,0.719839426756458,0.6568026258511475,0.7754413526645498,0.549,,
olmo2_7b_instruct,OLMo,mmlu_all,123,cheap_plus_hidden_summary,mlp,1000,300,0.6987654320987655,0.6983361942007944,0.6331735666046238,0.7552198792790197,0.549,,
olmo2_7b_instruct,OLMo,mmlu_all,123,cheap_plus_hidden_summary,extratrees,1000,300,0.7255667789001123,0.7256706413579006,0.664816664290949,0.7809460733314346,0.549,,
olmo2_7b_instruct,OLMo,mmlu_all,123,cheap_plus_hidden_summary,hgb,1000,300,0.6990347923681256,0.7004338812613609,0.6347397569168349,0.7535320671667706,0.549,,
olmo2_7b_instruct,OLMo,mmlu_all,123,pca_hidden_embeddings,logreg,1000,300,0.7180695847362515,0.7192248062429464,0.6606665920350776,0.7682116525804712,0.549,64.0,0.7265270352363586
olmo2_7b_instruct,OLMo,mmlu_all,123,pca_hidden_embeddings,mlp,1000,300,0.7099887766554434,0.7121239881931543,0.655182927444144,0.7661751483546125,0.549,64.0,0.7265270352363586
olmo2_7b_instruct,OLMo,mmlu_all,123,pca_hidden_embeddings,extratrees,1000,300,0.7215712682379349,0.7232178574864654,0.6627591960680629,0.7733559944449775,0.549,64.0,0.7265270352363586
olmo2_7b_instruct,OLMo,mmlu_all,123,pca_hidden_embeddings,hgb,1000,300,0.7213019079685745,0.7218180205897465,0.6671885439401363,0.7760985853250683,0.549,64.0,0.7265270352363586
olmo2_7b_instruct,OLMo,mmlu_all,123,cheap_plus_pca_hidden,logreg,1000,300,0.7221997755331089,0.723390296215318,0.6635247863268054,0.7769627026161672,0.549,64.0,0.7265270352363586
olmo2_7b_instruct,OLMo,mmlu_all,123,cheap_plus_pca_hidden,mlp,1000,300,0.7086419753086419,0.7084364661454282,0.6485815332062012,0.7599720361972679,0.549,64.0,0.7265270352363586
olmo2_7b_instruct,OLMo,mmlu_all,123,cheap_plus_pca_hidden,extratrees,1000,300,0.7138945005611671,0.7144814692802012,0.6552179534962533,0.7713648933193104,0.549,64.0,0.7265270352363586
olmo2_7b_instruct,OLMo,mmlu_all,123,cheap_plus_pca_hidden,hgb,1000,300,0.7115151515151515,0.7128287930168504,0.655114169533938,0.7696359633324559,0.549,64.0,0.7265270352363586
olmo2_7b_instruct,OLMo,mmlu_all,777,direct_pmax,none,1000,300,0.749405162738496,0.748211287506086,0.6956631763525376,0.7977404070672478,,,
olmo2_7b_instruct,OLMo,mmlu_all,777,cheap_confidence_option,logreg,1000,300,0.7631874298540966,0.7631258523628632,0.7131000736058907,0.8143070578711651,0.549,,
olmo2_7b_instruct,OLMo,mmlu_all,777,cheap_confidence_option,mlp,1000,300,0.747070707070707,0.7459729412801009,0.6920199802074801,0.7964922778020246,0.549,,
olmo2_7b_instruct,OLMo,mmlu_all,777,cheap_confidence_option,extratrees,1000,300,0.7419079685746353,0.7414410948770755,0.6872837749360583,0.7966514705077578,0.549,,
olmo2_7b_instruct,OLMo,mmlu_all,777,cheap_confidence_option,hgb,1000,300,0.708013468013468,0.7079139773388058,0.6497375975388551,0.767365070356051,0.549,,
olmo2_7b_instruct,OLMo,mmlu_all,777,hidden_summary_only,logreg,1000,300,0.7323905723905723,0.7329547061986735,0.6721680893841303,0.7856235514351934,0.549,,
olmo2_7b_instruct,OLMo,mmlu_all,777,hidden_summary_only,mlp,1000,300,0.7423120089786756,0.7432325719913427,0.6871477864671529,0.7975398309967006,0.549,,
olmo2_7b_instruct,OLMo,mmlu_all,777,hidden_summary_only,extratrees,1000,300,0.7384960718294051,0.7388530896437859,0.6866953791950856,0.7916232612168799,0.549,,
olmo2_7b_instruct,OLMo,mmlu_all,777,hidden_summary_only,hgb,1000,300,0.7188327721661055,0.7201826241854333,0.665406953379211,0.7756632802960929,0.549,,
olmo2_7b_instruct,OLMo,mmlu_all,777,cheap_plus_hidden_summary,logreg,1000,300,0.7633670033670032,0.7638530725666139,0.7109732142857141,0.8144164118490684,0.549,,
olmo2_7b_instruct,OLMo,mmlu_all,777,cheap_plus_hidden_summary,mlp,1000,300,0.7386756453423119,0.7377192886754409,0.6820309211811922,0.7890987554112554,0.549,,
olmo2_7b_instruct,OLMo,mmlu_all,777,cheap_plus_hidden_summary,extratrees,1000,300,0.7714478114478114,0.7724062025315743,0.720428403022276,0.819788909189517,0.549,,
olmo2_7b_instruct,OLMo,mmlu_all,777,cheap_plus_hidden_summary,hgb,1000,300,0.7630078563411897,0.7645048408003354,0.7100548795139879,0.817543821358888,0.549,,
olmo2_7b_instruct,OLMo,mmlu_all,777,pca_hidden_embeddings,logreg,1000,300,0.7377328843995511,0.7385253054262513,0.6797525945815122,0.7898124863613719,0.549,64.0,0.7235814332962036
olmo2_7b_instruct,OLMo,mmlu_all,777,pca_hidden_embeddings,mlp,1000,300,0.7258361391694725,0.726919289471193,0.667252858489463,0.7769495965185312,0.549,64.0,0.7235814332962036
olmo2_7b_instruct,OLMo,mmlu_all,777,pca_hidden_embeddings,extratrees,1000,300,0.7431649831649831,0.7446312543753789,0.6842883617109634,0.7943577575479019,0.549,64.0,0.7235814332962036
olmo2_7b_instruct,OLMo,mmlu_all,777,pca_hidden_embeddings,hgb,1000,300,0.7299214365881033,0.7317179104755483,0.6716402053484807,0.7855281023121243,0.549,64.0,0.7235814332962036
olmo2_7b_instruct,OLMo,mmlu_all,777,cheap_plus_pca_hidden,logreg,1000,300,0.7369696969696969,0.7383292233638366,0.6796585275643687,0.7911856069902709,0.549,64.0,0.7235814332962036
olmo2_7b_instruct,OLMo,mmlu_all,777,cheap_plus_pca_hidden,mlp,1000,300,0.7360718294051627,0.7364889419991372,0.6847324715434301,0.7883973539794418,0.549,64.0,0.7235814332962036
olmo2_7b_instruct,OLMo,mmlu_all,777,cheap_plus_pca_hidden,extratrees,1000,300,0.7606734006734006,0.7615872179594199,0.7124848597582973,0.8148681620025963,0.549,64.0,0.7235814332962036
olmo2_7b_instruct,OLMo,mmlu_all,777,cheap_plus_pca_hidden,hgb,1000,300,0.7412794612794613,0.7434848981087507,0.6907218271195946,0.7986339020456668,0.549,64.0,0.7235814332962036
olmo2_7b_instruct,OLMo,mmlu_all,2025,direct_pmax,none,1000,300,0.7444219977553311,0.7453398429539656,0.6918567380337176,0.798177674231921,,,
olmo2_7b_instruct,OLMo,mmlu_all,2025,cheap_confidence_option,logreg,1000,300,0.7464870931537598,0.7473444606285309,0.6915372537244341,0.7995354895622077,0.549,,
olmo2_7b_instruct,OLMo,mmlu_all,2025,cheap_confidence_option,mlp,1000,300,0.7367452300785635,0.7376637599851368,0.6813950075068226,0.7892386402517483,0.549,,
olmo2_7b_instruct,OLMo,mmlu_all,2025,cheap_confidence_option,extratrees,1000,300,0.7275420875420876,0.7285448999101731,0.6695350880736911,0.7817107570564243,0.549,,
olmo2_7b_instruct,OLMo,mmlu_all,2025,cheap_confidence_option,hgb,1000,300,0.7050953984287317,0.7060891588576137,0.6411678780287319,0.7573097788094725,0.549,,
olmo2_7b_instruct,OLMo,mmlu_all,2025,hidden_summary_only,logreg,1000,300,0.7125925925925927,0.7135727860520169,0.6473441134371086,0.7708746123982212,0.549,,
olmo2_7b_instruct,OLMo,mmlu_all,2025,hidden_summary_only,mlp,1000,300,0.6266217732884399,0.6274005146957355,0.5633101592203124,0.691665972249333,0.549,,
olmo2_7b_instruct,OLMo,mmlu_all,2025,hidden_summary_only,extratrees,1000,300,0.7094500561167227,0.7113627763375298,0.6533722566950372,0.7733171789501636,0.549,,
olmo2_7b_instruct,OLMo,mmlu_all,2025,hidden_summary_only,hgb,1000,300,0.6857463524130191,0.6872133388319702,0.6221049914636397,0.7467669681647073,0.549,,
olmo2_7b_instruct,OLMo,mmlu_all,2025,cheap_plus_hidden_summary,logreg,1000,300,0.7286644219977554,0.7288895406847137,0.6720951273962196,0.7771793450854629,0.549,,
olmo2_7b_instruct,OLMo,mmlu_all,2025,cheap_plus_hidden_summary,mlp,1000,300,0.7437037037037038,0.7432093561840876,0.6887192020825444,0.7971435579339144,0.549,,
olmo2_7b_instruct,OLMo,mmlu_all,2025,cheap_plus_hidden_summary,extratrees,1000,300,0.7598653198653198,0.7597605292664484,0.7067191203541798,0.8076095405196089,0.549,,
olmo2_7b_instruct,OLMo,mmlu_all,2025,cheap_plus_hidden_summary,hgb,1000,300,0.7287991021324356,0.72857733372944,0.6733328905790549,0.7794354622116683,0.549,,
olmo2_7b_instruct,OLMo,mmlu_all,2025,pca_hidden_embeddings,logreg,1000,300,0.7232772166105499,0.7237396430907596,0.6677601581481797,0.7771111673836201,0.549,64.0,0.7176748514175415
olmo2_7b_instruct,OLMo,mmlu_all,2025,pca_hidden_embeddings,mlp,1000,300,0.7234118967452301,0.7240622452894979,0.6700114191034884,0.7770841870799949,0.549,64.0,0.7176748514175415
olmo2_7b_instruct,OLMo,mmlu_all,2025,pca_hidden_embeddings,extratrees,1000,300,0.7380471380471381,0.7395843731566708,0.6836581790123456,0.7971709524838713,0.549,64.0,0.7176748514175415
olmo2_7b_instruct,OLMo,mmlu_all,2025,pca_hidden_embeddings,hgb,1000,300,0.7100336700336699,0.7114020215509722,0.6470834189765875,0.7655185572173673,0.549,64.0,0.7176748514175415
olmo2_7b_instruct,OLMo,mmlu_all,2025,cheap_plus_pca_hidden,logreg,1000,300,0.7314478114478115,0.7319949362622356,0.676772965596495,0.7864531097637122,0.549,64.0,0.7176748514175415
olmo2_7b_instruct,OLMo,mmlu_all,2025,cheap_plus_pca_hidden,mlp,1000,300,0.7367901234567901,0.7379461328083856,0.6868064320667001,0.7946382005606143,0.549,64.0,0.7176748514175415
olmo2_7b_instruct,OLMo,mmlu_all,2025,cheap_plus_pca_hidden,extratrees,1000,300,0.743973063973064,0.7446418366149364,0.6906256005908871,0.7917047938222246,0.549,64.0,0.7176748514175415
olmo2_7b_instruct,OLMo,mmlu_all,2025,cheap_plus_pca_hidden,hgb,1000,300,0.7407407407407408,0.7415861215065056,0.6848632485889914,0.7943026047478612,0.549,64.0,0.7176748514175415
qwen25_7b,Qwen,arc_challenge,42,direct_pmax,none,299,90,0.8799725651577505,0.8765807370859736,0.7107604166666667,0.9840485398383658,,,
qwen25_7b,Qwen,arc_challenge,42,cheap_confidence_option,logreg,299,90,0.8834019204389576,0.8834085659059541,0.7938693799588599,0.9601152263374485,0.8996655518394648,,
qwen25_7b,Qwen,arc_challenge,42,cheap_confidence_option,mlp,299,90,0.40329218106995884,0.399783758974209,0.20679111796021296,0.5905939214677639,0.8996655518394648,,
qwen25_7b,Qwen,arc_challenge,42,cheap_confidence_option,extratrees,299,90,0.8669410150891632,0.866661119916976,0.7674634435686265,0.9555705580944467,0.8996655518394648,,
qwen25_7b,Qwen,arc_challenge,42,cheap_confidence_option,hgb,299,90,0.7503429355281207,0.7496823667413112,0.5851118760757316,0.9141491883990711,0.8996655518394648,,
qwen25_7b,Qwen,arc_challenge,42,hidden_summary_only,logreg,299,90,0.7119341563786008,0.7099155394526032,0.5040143072289157,0.8967883865431333,0.8996655518394648,,
qwen25_7b,Qwen,arc_challenge,42,hidden_summary_only,mlp,299,90,0.24142661179698216,0.24054922333862805,0.10481686046511628,0.3737185193977881,0.8996655518394648,,
qwen25_7b,Qwen,arc_challenge,42,hidden_summary_only,extratrees,299,90,0.8257887517146777,0.8284729638238343,0.6605452674897119,0.9587737192154863,0.8996655518394648,,
qwen25_7b,Qwen,arc_challenge,42,hidden_summary_only,hgb,299,90,0.7777777777777778,0.7812161670035913,0.6025927790563866,0.9395680538973221,0.8996655518394648,,
qwen25_7b,Qwen,arc_challenge,42,cheap_plus_hidden_summary,logreg,299,90,0.8106995884773662,0.8063582343988666,0.6884681583476764,0.9009874492432632,0.8996655518394648,,
qwen25_7b,Qwen,arc_challenge,42,cheap_plus_hidden_summary,mlp,299,90,0.4636488340192044,0.4602823913617273,0.24534055371285454,0.65697529519938,0.8996655518394648,,
qwen25_7b,Qwen,arc_challenge,42,cheap_plus_hidden_summary,extratrees,299,90,0.8669410150891632,0.8686108395341254,0.7339246323529411,0.9867453917454881,0.8996655518394648,,
qwen25_7b,Qwen,arc_challenge,42,cheap_plus_hidden_summary,hgb,299,90,0.8120713305898491,0.8147570067061184,0.6657901422764229,0.9458932666249739,0.8996655518394648,,
qwen25_7b,Qwen,arc_challenge,42,pca_hidden_embeddings,logreg,299,90,0.6831275720164608,0.6821644966322634,0.5023481287788517,0.8410871564072782,0.8996655518394648,64.0,0.8248211145401001
qwen25_7b,Qwen,arc_challenge,42,pca_hidden_embeddings,mlp,299,90,0.5212620027434842,0.5115281712130294,0.3223457934301308,0.7016630388065495,0.8996655518394648,64.0,0.8248211145401001
qwen25_7b,Qwen,arc_challenge,42,pca_hidden_embeddings,extratrees,299,90,0.7366255144032922,0.7343349222898076,0.5713425129087779,0.8719512195121951,0.8996655518394648,64.0,0.8248211145401001
qwen25_7b,Qwen,arc_challenge,42,pca_hidden_embeddings,hgb,299,90,0.6954732510288066,0.6894619570820557,0.49732291666666667,0.8460275626314782,0.8996655518394648,64.0,0.8248211145401001
qwen25_7b,Qwen,arc_challenge,42,cheap_plus_pca_hidden,logreg,299,90,0.728395061728395,0.7309422300038879,0.5314549791293978,0.9260757314974182,0.8996655518394648,64.0,0.8248211145401001
qwen25_7b,Qwen,arc_challenge,42,cheap_plus_pca_hidden,mlp,299,90,0.6858710562414266,0.6858541549510005,0.41131131669535287,0.8926921973608719,0.8996655518394648,64.0,0.8248211145401001
qwen25_7b,Qwen,arc_challenge,42,cheap_plus_pca_hidden,extratrees,299,90,0.8834019204389575,0.8846385841120946,0.7780725704336815,0.9738895468465882,0.8996655518394648,64.0,0.8248211145401001
qwen25_7b,Qwen,arc_challenge,42,cheap_plus_pca_hidden,hgb,299,90,0.850480109739369,0.8473210171497407,0.753848384386359,0.9208942766952584,0.8996655518394648,64.0,0.8248211145401001
qwen25_7b,Qwen,arc_challenge,7,direct_pmax,none,299,90,0.7743484224965707,0.7770828852249755,0.5767871703062961,0.9223112313312063,,,
qwen25_7b,Qwen,arc_challenge,7,cheap_confidence_option,logreg,299,90,0.7750342935528121,0.7773917191023151,0.6379354483682649,0.8927370442147574,0.8996655518394648,,
qwen25_7b,Qwen,arc_challenge,7,cheap_confidence_option,mlp,299,90,0.52400548696845,0.5215872584354205,0.34673453477776656,0.7032212952307885,0.8996655518394648,,
qwen25_7b,Qwen,arc_challenge,7,cheap_confidence_option,extratrees,299,90,0.7777777777777778,0.7747330488282012,0.6264481707317072,0.893886106271777,0.8996655518394648,,
qwen25_7b,Qwen,arc_challenge,7,cheap_confidence_option,hgb,299,90,0.7962962962962963,0.7959694874039329,0.6523784161034382,0.9108619416758951,0.8996655518394648,,
qwen25_7b,Qwen,arc_challenge,7,hidden_summary_only,logreg,299,90,0.7242798353909465,0.7247940527532776,0.4918885542168675,0.9011686991869918,0.8996655518394648,,
qwen25_7b,Qwen,arc_challenge,7,hidden_summary_only,mlp,299,90,0.429355281207133,0.4174153359124674,0.19842212301587303,0.6146389127940329,0.8996655518394648,,
qwen25_7b,Qwen,arc_challenge,7,hidden_summary_only,extratrees,299,90,0.6364883401920438,0.6403222054265421,0.39129805371311027,0.8424602372906255,0.8996655518394648,,
qwen25_7b,Qwen,arc_challenge,7,hidden_summary_only,hgb,299,90,0.6159122085048011,0.6186625129745784,0.4245857857211216,0.8046640831619158,0.8996655518394648,,
qwen25_7b,Qwen,arc_challenge,7,cheap_plus_hidden_summary,logreg,299,90,0.6529492455418382,0.6554538632871197,0.44372373213785377,0.839001937984496,0.8996655518394648,,
qwen25_7b,Qwen,arc_challenge,7,cheap_plus_hidden_summary,mlp,299,90,0.36899862825788754,0.36254714162202295,0.16186172301678628,0.5912439391713193,0.8996655518394648,,
qwen25_7b,Qwen,arc_challenge,7,cheap_plus_hidden_summary,extratrees,299,90,0.7242798353909465,0.7273886539163513,0.5358876641651033,0.87377829218107,0.8996655518394648,,
qwen25_7b,Qwen,arc_challenge,7,cheap_plus_hidden_summary,hgb,299,90,0.5651577503429355,0.5699922394224227,0.336259900691043,0.7712870209059233,0.8996655518394648,,
qwen25_7b,Qwen,arc_challenge,7,pca_hidden_embeddings,logreg,299,90,0.6049382716049383,0.5986178302178021,0.3965427631578947,0.800978150406504,0.8996655518394648,64.0,0.8252255320549011
qwen25_7b,Qwen,arc_challenge,7,pca_hidden_embeddings,mlp,299,90,0.4609053497942387,0.46854226820920514,0.31190012127512123,0.6312232905982902,0.8996655518394648,64.0,0.8252255320549011
qwen25_7b,Qwen,arc_challenge,7,pca_hidden_embeddings,extratrees,299,90,0.6049382716049383,0.5997744527153799,0.3868193420306296,0.8215571722516167,0.8996655518394648,64.0,0.8252255320549011
qwen25_7b,Qwen,arc_challenge,7,pca_hidden_embeddings,hgb,299,90,0.6817558299039781,0.6753305416270783,0.4557672764227642,0.8715144696089817,0.8996655518394648,64.0,0.8252255320549011
qwen25_7b,Qwen,arc_challenge,7,cheap_plus_pca_hidden,logreg,299,90,0.6556927297668038,0.6507751364682589,0.4517520716072545,0.852065404475043,0.8996655518394648,64.0,0.8252255320549011
qwen25_7b,Qwen,arc_challenge,7,cheap_plus_pca_hidden,mlp,299,90,0.5555555555555556,0.5615819903625126,0.349241340877915,0.7459700772200768,0.8996655518394648,64.0,0.8252255320549011
qwen25_7b,Qwen,arc_challenge,7,cheap_plus_pca_hidden,extratrees,299,90,0.7503429355281206,0.7488135367582704,0.5681840028694405,0.8874968111178024,0.8996655518394648,64.0,0.8252255320549011
qwen25_7b,Qwen,arc_challenge,7,cheap_plus_pca_hidden,hgb,299,90,0.7626886145404663,0.7602421974724919,0.5904392764857881,0.9031723856209151,0.8996655518394648,64.0,0.8252255320549011
qwen25_7b,Qwen,arc_challenge,123,direct_pmax,none,299,90,0.8936899862825789,0.8939258259827247,0.7360070028011205,0.990246546149324,,,
qwen25_7b,Qwen,arc_challenge,123,cheap_confidence_option,logreg,299,90,0.914951989026063,0.914453240478287,0.8235370051635111,0.9816318846815835,0.8996655518394648,,
qwen25_7b,Qwen,arc_challenge,123,cheap_confidence_option,mlp,299,90,0.588477366255144,0.5913241332338764,0.4586399094319666,0.7166090721866037,0.8996655518394648,,
qwen25_7b,Qwen,arc_challenge,123,cheap_confidence_option,extratrees,299,90,0.8820301783264747,0.8821872909198332,0.7190212615166549,0.988027108433735,0.8996655518394648,,
qwen25_7b,Qwen,arc_challenge,123,cheap_confidence_option,hgb,299,90,0.8010973936899862,0.8038838093584586,0.6381471036585367,0.9649213406292749,0.8996655518394648,,
qwen25_7b,Qwen,arc_challenge,123,hidden_summary_only,logreg,299,90,0.7064471879286693,0.7076022369739422,0.4617056686046512,0.9195676619772225,0.8996655518394648,,
qwen25_7b,Qwen,arc_challenge,123,hidden_summary_only,mlp,299,90,0.44855967078189296,0.4459413054536634,0.22926502521714767,0.6496913580246912,0.8996655518394648,,
qwen25_7b,Qwen,arc_challenge,123,hidden_summary_only,extratrees,299,90,0.7187928669410151,0.715364553304215,0.48987099358974356,0.9010691019893526,0.8996655518394648,,
qwen25_7b,Qwen,arc_challenge,123,hidden_summary_only,hgb,299,90,0.7050754458161865,0.7011530470379846,0.4565754573170732,0.8843531725854363,0.8996655518394648,,
qwen25_7b,Qwen,arc_challenge,123,cheap_plus_hidden_summary,logreg,299,90,0.794238683127572,0.7976508203858166,0.5706215215662891,0.9811901928702463,0.8996655518394648,,
qwen25_7b,Qwen,arc_challenge,123,cheap_plus_hidden_summary,mlp,299,90,0.48010973936899864,0.4767965782235519,0.2565062769010043,0.7118033536585362,0.8996655518394648,,
qwen25_7b,Qwen,arc_challenge,123,cheap_plus_hidden_summary,extratrees,299,90,0.8655692729766804,0.866002621221201,0.7431661585365853,0.9632637693631669,0.8996655518394648,,
qwen25_7b,Qwen,arc_challenge,123,cheap_plus_hidden_summary,hgb,299,90,0.7709190672153634,0.7683479277327492,0.5893483231707317,0.90428125,0.8996655518394648,,
qwen25_7b,Qwen,arc_challenge,123,pca_hidden_embeddings,logreg,299,90,0.7187928669410151,0.7187492171885793,0.5122363206980747,0.9133450015055704,0.8996655518394648,64.0,0.8265492916107178
qwen25_7b,Qwen,arc_challenge,123,pca_hidden_embeddings,mlp,299,90,0.54320987654321,0.5416075893991054,0.29400406504065046,0.7719343803176397,0.8996655518394648,64.0,0.8265492916107178
qwen25_7b,Qwen,arc_challenge,123,pca_hidden_embeddings,extratrees,299,90,0.823045267489712,0.8232623665086457,0.6959672531589772,0.9218749999999998,0.8996655518394648,64.0,0.8265492916107178
qwen25_7b,Qwen,arc_challenge,123,pca_hidden_embeddings,hgb,299,90,0.7242798353909465,0.7238489912496452,0.5439438608776844,0.8755647590361445,0.8996655518394648,64.0,0.8265492916107178
qwen25_7b,Qwen,arc_challenge,123,cheap_plus_pca_hidden,logreg,299,90,0.7503429355281206,0.750583429402878,0.5327301314894128,0.934393542444253,0.8996655518394648,64.0,0.8265492916107178
qwen25_7b,Qwen,arc_challenge,123,cheap_plus_pca_hidden,mlp,299,90,0.45267489711934156,0.4650163264154937,0.2839459026582521,0.6781544117647056,0.8996655518394648,64.0,0.8265492916107178
qwen25_7b,Qwen,arc_challenge,123,cheap_plus_pca_hidden,extratrees,299,90,0.9026063100137174,0.9021760091074249,0.7931874050825148,0.9820567986230635,0.8996655518394648,64.0,0.8265492916107178
qwen25_7b,Qwen,arc_challenge,123,cheap_plus_pca_hidden,hgb,299,90,0.8600823045267489,0.8621242959088865,0.7695902658252056,0.9394496792301522,0.8996655518394648,64.0,0.8265492916107178
qwen25_7b,Qwen,arc_challenge,777,direct_pmax,none,299,90,0.7791495198902606,0.784454861128805,0.6092082616179001,0.9563574924698793,,,
qwen25_7b,Qwen,arc_challenge,777,cheap_confidence_option,logreg,299,90,0.7654320987654321,0.7748769361167187,0.5945436507936508,0.9208261617900173,0.8996655518394648,,
qwen25_7b,Qwen,arc_challenge,777,cheap_confidence_option,mlp,299,90,0.4677640603566529,0.4692239552068453,0.23980206540447507,0.6987264713134965,0.8996655518394648,,
qwen25_7b,Qwen,arc_challenge,777,cheap_confidence_option,extratrees,299,90,0.7503429355281206,0.7576506081062144,0.5658479080932785,0.9396675451807223,0.8996655518394648,,
qwen25_7b,Qwen,arc_challenge,777,cheap_confidence_option,hgb,299,90,0.6392318244170097,0.640764938588135,0.3924260222381636,0.8881669535283985,0.8996655518394648,,
qwen25_7b,Qwen,arc_challenge,777,hidden_summary_only,logreg,299,90,0.6021947873799726,0.616750752885053,0.3360423242467719,0.8769086135944371,0.8996655518394648,,
qwen25_7b,Qwen,arc_challenge,777,hidden_summary_only,mlp,299,90,0.3950617283950617,0.3847219162845947,0.17165323795180726,0.6302938498178761,0.8996655518394648,,
qwen25_7b,Qwen,arc_challenge,777,hidden_summary_only,extratrees,299,90,0.6104252400548698,0.6308001177753507,0.4153382489393199,0.8499726458484629,0.8996655518394648,,
qwen25_7b,Qwen,arc_challenge,777,hidden_summary_only,hgb,299,90,0.635116598079561,0.65988447087234,0.41004831104252404,0.8836238198983296,0.8996655518394648,,
qwen25_7b,Qwen,arc_challenge,777,cheap_plus_hidden_summary,logreg,299,90,0.6954732510288065,0.706580735609736,0.5141562798951849,0.8898574195110142,0.8996655518394648,,
qwen25_7b,Qwen,arc_challenge,777,cheap_plus_hidden_summary,mlp,299,90,0.4458161865569273,0.44073941236596026,0.25017985959816025,0.661507848691393,0.8996655518394648,,
qwen25_7b,Qwen,arc_challenge,777,cheap_plus_hidden_summary,extratrees,299,90,0.710562414266118,0.7250208330770698,0.498541545683314,0.9345025135384745,0.8996655518394648,,
qwen25_7b,Qwen,arc_challenge,777,cheap_plus_hidden_summary,hgb,299,90,0.5898491083676268,0.6025837082862247,0.3486823838564133,0.842219013416302,0.8996655518394648,,
qwen25_7b,Qwen,arc_challenge,777,pca_hidden_embeddings,logreg,299,90,0.5857338820301783,0.5981409165290545,0.38396740433777465,0.8064046660703638,0.8996655518394648,64.0,0.8255575895309448
qwen25_7b,Qwen,arc_challenge,777,pca_hidden_embeddings,mlp,299,90,0.6049382716049383,0.6207150615151944,0.39602147525676934,0.8396960942989057,0.8996655518394648,64.0,0.8255575895309448
qwen25_7b,Qwen,arc_challenge,777,pca_hidden_embeddings,extratrees,299,90,0.6666666666666667,0.6799856471084744,0.5090276278548355,0.8435348537005162,0.8996655518394648,64.0,0.8255575895309448
qwen25_7b,Qwen,arc_challenge,777,pca_hidden_embeddings,hgb,299,90,0.6927297668038408,0.699668548912192,0.5192996979286536,0.8496784979423866,0.8996655518394648,64.0,0.8255575895309448
qwen25_7b,Qwen,arc_challenge,777,cheap_plus_pca_hidden,logreg,299,90,0.5733882030178326,0.5875832893640526,0.39149618902439026,0.7904742647058823,0.8996655518394648,64.0,0.8255575895309448
qwen25_7b,Qwen,arc_challenge,777,cheap_plus_pca_hidden,mlp,299,90,0.32373113854595337,0.3250430972866737,0.1456013076697032,0.4985303989259683,0.8996655518394648,64.0,0.8255575895309448
qwen25_7b,Qwen,arc_challenge,777,cheap_plus_pca_hidden,extratrees,299,90,0.7503429355281208,0.7595551343293044,0.5615897972206466,0.9344852624784852,0.8996655518394648,64.0,0.8255575895309448
qwen25_7b,Qwen,arc_challenge,777,cheap_plus_pca_hidden,hgb,299,90,0.7503429355281208,0.7526515903779538,0.6171496405791232,0.8974047288053312,0.8996655518394648,64.0,0.8255575895309448
qwen25_7b,Qwen,arc_challenge,2025,direct_pmax,none,299,90,0.8271604938271605,0.8268018970533363,0.6286509564555521,0.9702089603283174,,,
qwen25_7b,Qwen,arc_challenge,2025,cheap_confidence_option,logreg,299,90,0.8134430727023321,0.8147128828429515,0.6209490740740741,0.955687077578607,0.8996655518394648,,
qwen25_7b,Qwen,arc_challenge,2025,cheap_confidence_option,mlp,299,90,0.7942386831275721,0.7977726715242436,0.6584878111512596,0.9181745393541946,0.8996655518394648,,
qwen25_7b,Qwen,arc_challenge,2025,cheap_confidence_option,extratrees,299,90,0.7407407407407407,0.739185900975654,0.5519018113342898,0.9033027458671894,0.8996655518394648,,
qwen25_7b,Qwen,arc_challenge,2025,cheap_confidence_option,hgb,299,90,0.7681755829903978,0.7664327873271801,0.6144970829821342,0.8949131097560975,0.8996655518394648,,
qwen25_7b,Qwen,arc_challenge,2025,hidden_summary_only,logreg,299,90,0.6858710562414266,0.6878600900194229,0.48692356927710845,0.8588407460545191,0.8996655518394648,,
qwen25_7b,Qwen,arc_challenge,2025,hidden_summary_only,mlp,299,90,0.25377229080932784,0.253772520009227,0.11329138166894666,0.41434711122211104,0.8996655518394648,,
qwen25_7b,Qwen,arc_challenge,2025,hidden_summary_only,extratrees,299,90,0.8161865569272976,0.8156357378364958,0.6374097919655668,0.9618929111151163,0.8996655518394648,,
qwen25_7b,Qwen,arc_challenge,2025,hidden_summary_only,hgb,299,90,0.7242798353909464,0.7287544499923593,0.542342358691444,0.910638424917292,0.8996655518394648,,
qwen25_7b,Qwen,arc_challenge,2025,cheap_plus_hidden_summary,logreg,299,90,0.6090534979423867,0.6143930231041528,0.4166171083007127,0.8088745959116327,0.8996655518394648,,
qwen25_7b,Qwen,arc_challenge,2025,cheap_plus_hidden_summary,mlp,299,90,0.7215363511659808,0.7225806668457699,0.5561677081381967,0.854276688453159,0.8996655518394648,,
qwen25_7b,Qwen,arc_challenge,2025,cheap_plus_hidden_summary,extratrees,299,90,0.7887517146776406,0.7895359386722313,0.6132271099496709,0.9453023956496178,0.8996655518394648,,
qwen25_7b,Qwen,arc_challenge,2025,cheap_plus_hidden_summary,hgb,299,90,0.6831275720164609,0.6872131696479484,0.44116151636053397,0.9069767441860466,0.8996655518394648,,
qwen25_7b,Qwen,arc_challenge,2025,pca_hidden_embeddings,logreg,299,90,0.6378600823045267,0.6404227084614204,0.4218552442528736,0.8245300947336935,0.8996655518394648,64.0,0.8242970705032349
qwen25_7b,Qwen,arc_challenge,2025,pca_hidden_embeddings,mlp,299,90,0.598079561042524,0.6015758958944774,0.37787446080618775,0.8081944838343729,0.8996655518394648,64.0,0.8242970705032349
qwen25_7b,Qwen,arc_challenge,2025,pca_hidden_embeddings,extratrees,299,90,0.7695473251028807,0.7726509360510452,0.6221762048192772,0.9125197634391385,0.8996655518394648,64.0,0.8242970705032349
qwen25_7b,Qwen,arc_challenge,2025,pca_hidden_embeddings,hgb,299,90,0.7530864197530864,0.7580596797450374,0.6151893287435456,0.8808196736011477,0.8996655518394648,64.0,0.8242970705032349
qwen25_7b,Qwen,arc_challenge,2025,cheap_plus_pca_hidden,logreg,299,90,0.6447187928669411,0.6449745426170517,0.43064705882352944,0.8360979632816982,0.8996655518394648,64.0,0.8242970705032349
qwen25_7b,Qwen,arc_challenge,2025,cheap_plus_pca_hidden,mlp,299,90,0.7325102880658436,0.7386912058218307,0.5691843469030969,0.8999115152789459,0.8996655518394648,64.0,0.8242970705032349
qwen25_7b,Qwen,arc_challenge,2025,cheap_plus_pca_hidden,extratrees,299,90,0.8161865569272976,0.8153308374271185,0.6530966012681905,0.9449222560975609,0.8996655518394648,64.0,0.8242970705032349
qwen25_7b,Qwen,arc_challenge,2025,cheap_plus_pca_hidden,hgb,299,90,0.6790123456790123,0.6782883984149515,0.4526608202504439,0.8824108056577566,0.8996655518394648,64.0,0.8242970705032349
qwen25_7b,Qwen,commonsenseqa,42,direct_pmax,none,1000,300,0.8005499961805821,0.7982447484366725,0.7385382719565101,0.8588226140432729,,,
qwen25_7b,Qwen,commonsenseqa,42,cheap_confidence_option,logreg,1000,300,0.8339317088075777,0.8320546075235467,0.7766010354963705,0.8834911281779662,0.824,,
qwen25_7b,Qwen,commonsenseqa,42,cheap_confidence_option,mlp,1000,300,0.8062027347032313,0.8037965126417816,0.7415098593756112,0.8675913533366534,0.824,,
qwen25_7b,Qwen,commonsenseqa,42,cheap_confidence_option,extratrees,1000,300,0.791459781529295,0.7905970909788453,0.7188480094668693,0.8563506291301233,0.824,,
qwen25_7b,Qwen,commonsenseqa,42,cheap_confidence_option,hgb,1000,300,0.7856542662898174,0.7848768371935321,0.7159627401182682,0.8454953417721518,0.824,,
qwen25_7b,Qwen,commonsenseqa,42,hidden_summary_only,logreg,1000,300,0.7001756932243526,0.6956570629787139,0.60566370256917,0.7745780590717299,0.824,,
qwen25_7b,Qwen,commonsenseqa,42,hidden_summary_only,mlp,1000,300,0.3907264532885188,0.3894234988893201,0.31468093760551064,0.47160452148657783,0.824,,
qwen25_7b,Qwen,commonsenseqa,42,hidden_summary_only,extratrees,1000,300,0.7036895577114046,0.6988517567450132,0.6124341372912802,0.7768803504962779,0.824,,
qwen25_7b,Qwen,commonsenseqa,42,hidden_summary_only,hgb,1000,300,0.6665648155221144,0.6635004860059367,0.5852424273222641,0.7431036338294355,0.824,,
qwen25_7b,Qwen,commonsenseqa,42,cheap_plus_hidden_summary,logreg,1000,300,0.7952028110915896,0.7937772024964428,0.7230353147942106,0.8589918566997519,0.824,,
qwen25_7b,Qwen,commonsenseqa,42,cheap_plus_hidden_summary,mlp,1000,300,0.7725918570009932,0.7691370910076561,0.6931990689010983,0.8405199078382125,0.824,,
qwen25_7b,Qwen,commonsenseqa,42,cheap_plus_hidden_summary,extratrees,1000,300,0.8003208311053396,0.7984963166869518,0.7292599369324205,0.8680345297343784,0.824,,
qwen25_7b,Qwen,commonsenseqa,42,cheap_plus_hidden_summary,hgb,1000,300,0.7605988847299671,0.758113348685399,0.6783331284784078,0.8287244052996084,0.824,,
qwen25_7b,Qwen,commonsenseqa,42,pca_hidden_embeddings,logreg,1000,300,0.7316476968909938,0.7284710771912938,0.644551956976382,0.8000523427911342,0.824,64.0,0.7198110818862915
qwen25_7b,Qwen,commonsenseqa,42,pca_hidden_embeddings,mlp,1000,300,0.6792452830188679,0.6762409391984118,0.6114190559883393,0.7485943331527757,0.824,64.0,0.7198110818862915
qwen25_7b,Qwen,commonsenseqa,42,pca_hidden_embeddings,extratrees,1000,300,0.7688488274386984,0.7662721052413924,0.6980101270690966,0.8317346941451499,0.824,64.0,0.7198110818862915
qwen25_7b,Qwen,commonsenseqa,42,pca_hidden_embeddings,hgb,1000,300,0.7098770147429532,0.7055921218313655,0.6245629638391379,0.7862284289168693,0.824,64.0,0.7198110818862915
qwen25_7b,Qwen,commonsenseqa,42,cheap_plus_pca_hidden,logreg,1000,300,0.7573141853181575,0.7548986887145348,0.6738027024373376,0.8212447237646936,0.824,64.0,0.7198110818862915
qwen25_7b,Qwen,commonsenseqa,42,cheap_plus_pca_hidden,mlp,1000,300,0.6460163471087006,0.6419949356093806,0.5705479447070604,0.7205657882055181,0.824,64.0,0.7198110818862915
qwen25_7b,Qwen,commonsenseqa,42,cheap_plus_pca_hidden,extratrees,1000,300,0.8214804063860668,0.8202597192299674,0.7622832309853932,0.874485374584979,0.824,64.0,0.7198110818862915
qwen25_7b,Qwen,commonsenseqa,42,cheap_plus_pca_hidden,hgb,1000,300,0.7784737605988847,0.775721638597308,0.7079569064225198,0.8412951449775935,0.824,64.0,0.7198110818862915
qwen25_7b,Qwen,commonsenseqa,7,direct_pmax,none,1000,300,0.8053242685814681,0.8065465107812577,0.7428464732033145,0.869180770876736,,,
qwen25_7b,Qwen,commonsenseqa,7,cheap_confidence_option,logreg,1000,300,0.841341379573753,0.8415803442122619,0.791805165075908,0.8877403846153845,0.824,,
qwen25_7b,Qwen,commonsenseqa,7,cheap_confidence_option,mlp,1000,300,0.8295775723779696,0.8295588308186498,0.7703644972804973,0.8845731066710059,0.824,,
qwen25_7b,Qwen,commonsenseqa,7,cheap_confidence_option,extratrees,1000,300,0.8071957833626155,0.8088105290160492,0.7427179321088563,0.8693615704783811,0.824,,
qwen25_7b,Qwen,commonsenseqa,7,cheap_confidence_option,hgb,1000,300,0.7474600870827287,0.7493361870552223,0.6708128988728925,0.8290547542735043,0.824,,
qwen25_7b,Qwen,commonsenseqa,7,hidden_summary_only,logreg,1000,300,0.7007104117332519,0.7011448742109644,0.6304843946217202,0.7672251989519264,0.824,,
qwen25_7b,Qwen,commonsenseqa,7,hidden_summary_only,mlp,1000,300,0.6563287754946145,0.6562571510499413,0.5761221715994765,0.7336114849734552,0.824,,
qwen25_7b,Qwen,commonsenseqa,7,hidden_summary_only,extratrees,1000,300,0.6696203498586816,0.668200314274146,0.5869736839763984,0.7470308309954731,0.824,,
qwen25_7b,Qwen,commonsenseqa,7,hidden_summary_only,hgb,1000,300,0.6112596440302498,0.6098616076980863,0.5252467054265212,0.6924998379867403,0.824,,
qwen25_7b,Qwen,commonsenseqa,7,cheap_plus_hidden_summary,logreg,1000,300,0.8324039416392942,0.8331809196260086,0.7712449410325883,0.8944724897943853,0.824,,
qwen25_7b,Qwen,commonsenseqa,7,cheap_plus_hidden_summary,mlp,1000,300,0.781605683293866,0.7806280943908906,0.717399357902197,0.842273132587969,0.824,,
qwen25_7b,Qwen,commonsenseqa,7,cheap_plus_hidden_summary,extratrees,1000,300,0.83141089297991,0.8315881677834551,0.7774662212227736,0.8875880976061458,0.824,,
qwen25_7b,Qwen,commonsenseqa,7,cheap_plus_hidden_summary,hgb,1000,300,0.7576197387518142,0.7592331195701602,0.6882465841779063,0.8387233521581744,0.824,,
qwen25_7b,Qwen,commonsenseqa,7,pca_hidden_embeddings,logreg,1000,300,0.7648766328011611,0.7634502275360177,0.6971545206768618,0.8274002587900704,0.824,64.0,0.7206820249557495
qwen25_7b,Qwen,commonsenseqa,7,pca_hidden_embeddings,mlp,1000,300,0.49522572759911393,0.49518019287018833,0.4124760388018227,0.5723026288036391,0.824,64.0,0.7206820249557495
qwen25_7b,Qwen,commonsenseqa,7,pca_hidden_embeddings,extratrees,1000,300,0.8081888320219999,0.8073879967378201,0.746642797017797,0.8639655512469134,0.824,64.0,0.7206820249557495
qwen25_7b,Qwen,commonsenseqa,7,pca_hidden_embeddings,hgb,1000,300,0.7686196623634558,0.7681847377810856,0.7041365976077992,0.8283092588643387,0.824,64.0,0.7206820249557495
qwen25_7b,Qwen,commonsenseqa,7,cheap_plus_pca_hidden,logreg,1000,300,0.8058207929111603,0.8048302499127646,0.7440742949308755,0.866696707184325,0.824,64.0,0.7206820249557495
qwen25_7b,Qwen,commonsenseqa,7,cheap_plus_pca_hidden,mlp,1000,300,0.8189595905583988,0.8191995521446612,0.757252007226739,0.8831581983530902,0.824,64.0,0.7206820249557495
qwen25_7b,Qwen,commonsenseqa,7,cheap_plus_pca_hidden,extratrees,1000,300,0.8429455351004507,0.8432015938224067,0.7890206060941034,0.8955420091547494,0.824,64.0,0.7206820249557495
qwen25_7b,Qwen,commonsenseqa,7,cheap_plus_pca_hidden,hgb,1000,300,0.781605683293866,0.7821046538690032,0.7106849061161927,0.8535451052625851,0.824,64.0,0.7206820249557495
qwen25_7b,Qwen,commonsenseqa,123,direct_pmax,none,1000,300,0.8193797265296767,0.8195728897328087,0.7664040222149466,0.8615751935410273,,,
qwen25_7b,Qwen,commonsenseqa,123,cheap_confidence_option,logreg,1000,300,0.8362233595600032,0.8373222764197378,0.7790504533411761,0.8850089822239839,0.824,,
qwen25_7b,Qwen,commonsenseqa,123,cheap_confidence_option,mlp,1000,300,0.7895500725689406,0.7904447546102527,0.7263485195679896,0.8514909027777777,0.824,,
qwen25_7b,Qwen,commonsenseqa,123,cheap_confidence_option,extratrees,1000,300,0.8074249484378581,0.8081890616960621,0.7473766688228868,0.862988247998019,0.824,,
qwen25_7b,Qwen,commonsenseqa,123,cheap_confidence_option,hgb,1000,300,0.7918417233213658,0.7936817798627247,0.7200587012987013,0.8617300354924577,0.824,,
qwen25_7b,Qwen,commonsenseqa,123,hidden_summary_only,logreg,1000,300,0.7254602398594454,0.7247035598427017,0.6573020833333334,0.7971285225814992,0.824,,
qwen25_7b,Qwen,commonsenseqa,123,hidden_summary_only,mlp,1000,300,0.6040791383393173,0.6034374147594622,0.5264180873592638,0.6907063524273345,0.824,,
qwen25_7b,Qwen,commonsenseqa,123,hidden_summary_only,extratrees,1000,300,0.6786341761515544,0.6793146715686186,0.6006415274540274,0.7559043670831905,0.824,,
qwen25_7b,Qwen,commonsenseqa,123,hidden_summary_only,hgb,1000,300,0.6425788709800626,0.6434993221747133,0.5624164987593052,0.7255997474747474,0.824,,
qwen25_7b,Qwen,commonsenseqa,123,cheap_plus_hidden_summary,logreg,1000,300,0.8033763654419067,0.805196365032878,0.7427225237317149,0.8650032610100672,0.824,,
qwen25_7b,Qwen,commonsenseqa,123,cheap_plus_hidden_summary,mlp,1000,300,0.8016958215567948,0.8027057542148376,0.7371255292913479,0.8671225123999267,0.824,,
qwen25_7b,Qwen,commonsenseqa,123,cheap_plus_hidden_summary,extratrees,1000,300,0.8314108929799098,0.8327234248982187,0.7753236538269892,0.8849550812910266,0.824,,
qwen25_7b,Qwen,commonsenseqa,123,cheap_plus_hidden_summary,hgb,1000,300,0.7832862271789778,0.7850498333358471,0.7202059873532068,0.8377913778180941,0.824,,
qwen25_7b,Qwen,commonsenseqa,123,pca_hidden_embeddings,logreg,1000,300,0.788480635551142,0.789383292255203,0.7169625009276438,0.8456562772822036,0.824,64.0,0.7190791368484497
qwen25_7b,Qwen,commonsenseqa,123,pca_hidden_embeddings,mlp,1000,300,0.5927736612940188,0.5926824712001332,0.4982636706927846,0.6861699287341858,0.824,64.0,0.7190791368484497
qwen25_7b,Qwen,commonsenseqa,123,pca_hidden_embeddings,extratrees,1000,300,0.8363761362768314,0.8356640566807373,0.7716003302411873,0.8925326114759815,0.824,64.0,0.7190791368484497
qwen25_7b,Qwen,commonsenseqa,123,pca_hidden_embeddings,hgb,1000,300,0.7717515850584371,0.7714275486289106,0.695142,0.8453613074814316,0.824,64.0,0.7190791368484497
qwen25_7b,Qwen,commonsenseqa,123,cheap_plus_pca_hidden,logreg,1000,300,0.8091054923229701,0.8108108947234706,0.745918349921936,0.8702752333491537,0.824,64.0,0.7190791368484497
qwen25_7b,Qwen,commonsenseqa,123,cheap_plus_pca_hidden,mlp,1000,300,0.41692766022458183,0.41841511047738444,0.3361605416666667,0.5027193279132791,0.824,64.0,0.7190791368484497
qwen25_7b,Qwen,commonsenseqa,123,cheap_plus_pca_hidden,extratrees,1000,300,0.8434038652509358,0.8437963067628959,0.7890439922359622,0.8912308134016877,0.824,64.0,0.7190791368484497
qwen25_7b,Qwen,commonsenseqa,123,cheap_plus_pca_hidden,hgb,1000,300,0.8362997479184173,0.8366046837944103,0.7792533729128015,0.8862359057958319,0.824,64.0,0.7190791368484497
qwen25_7b,Qwen,commonsenseqa,777,direct_pmax,none,1000,300,0.7901229852570468,0.7919937973996429,0.7406417028407749,0.8450953903604257,,,
qwen25_7b,Qwen,commonsenseqa,777,cheap_confidence_option,logreg,1000,300,0.8025360934993507,0.8041804869703871,0.7470605499748798,0.8527157270471464,0.824,,
qwen25_7b,Qwen,commonsenseqa,777,cheap_confidence_option,mlp,1000,300,0.7776334886563289,0.7782202787777885,0.7169338530256548,0.8359671059657067,0.824,,
qwen25_7b,Qwen,commonsenseqa,777,cheap_confidence_option,extratrees,1000,300,0.7593766709953405,0.7609050149416363,0.6953329392527762,0.8223854788987521,0.824,,
qwen25_7b,Qwen,commonsenseqa,777,cheap_confidence_option,hgb,1000,300,0.7737376823772057,0.7727886543200481,0.709716601575581,0.8323283000009799,0.824,,
qwen25_7b,Qwen,commonsenseqa,777,hidden_summary_only,logreg,1000,300,0.6624398441677489,0.6635670478009633,0.5909634806791568,0.7360820559009343,0.824,,
qwen25_7b,Qwen,commonsenseqa,777,hidden_summary_only,mlp,1000,300,0.6292872966159957,0.6288210611020035,0.5457745149775298,0.7062346000616951,0.824,,
qwen25_7b,Qwen,commonsenseqa,777,hidden_summary_only,extratrees,1000,300,0.6671759223894278,0.6671637707425875,0.5876844990333889,0.7509929032847391,0.824,,
qwen25_7b,Qwen,commonsenseqa,777,hidden_summary_only,hgb,1000,300,0.6502940951798946,0.6498987366531492,0.5644814976086787,0.7380983149346413,0.824,,
qwen25_7b,Qwen,commonsenseqa,777,cheap_plus_hidden_summary,logreg,1000,300,0.7756473913375602,0.777160526027046,0.7127411949338439,0.8386468464646736,0.824,,
qwen25_7b,Qwen,commonsenseqa,777,cheap_plus_hidden_summary,mlp,1000,300,0.6972729356046138,0.6959135582051718,0.6140399369907567,0.7747951695639783,0.824,,
qwen25_7b,Qwen,commonsenseqa,777,cheap_plus_hidden_summary,extratrees,1000,300,0.7832098388205637,0.7842369065715022,0.7239609422835229,0.8387562954276487,0.824,,
qwen25_7b,Qwen,commonsenseqa,777,cheap_plus_hidden_summary,hgb,1000,300,0.7818348483691085,0.7816420915838461,0.7179277182088901,0.8429735059966914,0.824,,
qwen25_7b,Qwen,commonsenseqa,777,pca_hidden_embeddings,logreg,1000,300,0.7269880070277289,0.7292532477265641,0.654353253027753,0.7991072530864196,0.824,64.0,0.7191215753555298
qwen25_7b,Qwen,commonsenseqa,777,pca_hidden_embeddings,mlp,1000,300,0.6991062562065542,0.6980153603800169,0.6279686317382895,0.7727981573068095,0.824,64.0,0.7191215753555298
qwen25_7b,Qwen,commonsenseqa,777,pca_hidden_embeddings,extratrees,1000,300,0.7385226491482698,0.7384462778424974,0.664797254690665,0.8074114807554168,0.824,64.0,0.7191215753555298
qwen25_7b,Qwen,commonsenseqa,777,pca_hidden_embeddings,hgb,1000,300,0.7073561989152853,0.7083733037622184,0.6304333808898489,0.7847522681399873,0.824,64.0,0.7191215753555298
qwen25_7b,Qwen,commonsenseqa,777,cheap_plus_pca_hidden,logreg,1000,300,0.7631960889160492,0.7647743427654935,0.7039287028672756,0.8229136467721266,0.824,64.0,0.7191215753555298
qwen25_7b,Qwen,commonsenseqa,777,cheap_plus_pca_hidden,mlp,1000,300,0.7419601252769078,0.7455372558373373,0.6785929488892452,0.817960992248062,0.824,64.0,0.7191215753555298
qwen25_7b,Qwen,commonsenseqa,777,cheap_plus_pca_hidden,extratrees,1000,300,0.8014666564815524,0.8016847406145987,0.7484673896705146,0.8525241014554102,0.824,64.0,0.7191215753555298
qwen25_7b,Qwen,commonsenseqa,777,cheap_plus_pca_hidden,hgb,1000,300,0.783668168971049,0.7831231020220683,0.7241481489420718,0.8457211372604255,0.824,64.0,0.7191215753555298
qwen25_7b,Qwen,commonsenseqa,2025,direct_pmax,none,1000,300,0.8149492017416545,0.8132316513164702,0.7536425823259969,0.8653082633152303,,,
qwen25_7b,Qwen,commonsenseqa,2025,cheap_confidence_option,logreg,1000,300,0.847376059888473,0.8429146531809188,0.7909869145309847,0.8917477407751428,0.824,,
qwen25_7b,Qwen,commonsenseqa,2025,cheap_confidence_option,mlp,1000,300,0.8434038652509358,0.8395266094179706,0.7886116339950372,0.892185561414392,0.824,,
qwen25_7b,Qwen,commonsenseqa,2025,cheap_confidence_option,extratrees,1000,300,0.8330150485066076,0.8293638733371868,0.7748875648200847,0.8844397918529961,0.824,,
qwen25_7b,Qwen,commonsenseqa,2025,cheap_confidence_option,hgb,1000,300,0.7916125582461233,0.7890967732540605,0.7285673001020783,0.8552089795285359,0.824,,
qwen25_7b,Qwen,commonsenseqa,2025,hidden_summary_only,logreg,1000,300,0.7298907646474677,0.7275875928588581,0.6445433097190795,0.7988717080408065,0.824,,
qwen25_7b,Qwen,commonsenseqa,2025,hidden_summary_only,mlp,1000,300,0.6842105263157895,0.6841063539877671,0.6055040960376924,0.7674880860987586,0.824,,
qwen25_7b,Qwen,commonsenseqa,2025,hidden_summary_only,extratrees,1000,300,0.7275991138950425,0.7253865061369057,0.6487406664961839,0.7921188751856706,0.824,,
qwen25_7b,Qwen,commonsenseqa,2025,hidden_summary_only,hgb,1000,300,0.6769536322664426,0.6734774772660375,0.5864191786833856,0.7511132853697726,0.824,,
qwen25_7b,Qwen,commonsenseqa,2025,cheap_plus_hidden_summary,logreg,1000,300,0.8192651439920555,0.8148893977316342,0.7566202330607313,0.8640391115137355,0.824,,
qwen25_7b,Qwen,commonsenseqa,2025,cheap_plus_hidden_summary,mlp,1000,300,0.7990986173707126,0.7966965467555718,0.7268090833333333,0.8617347853008455,0.824,,
qwen25_7b,Qwen,commonsenseqa,2025,cheap_plus_hidden_summary,extratrees,1000,300,0.8398900007638835,0.8360857317121699,0.7720503133823348,0.8963062809779991,0.824,,
qwen25_7b,Qwen,commonsenseqa,2025,cheap_plus_hidden_summary,hgb,1000,300,0.829272018944313,0.825421826636835,0.761139671457839,0.8880588254667269,0.824,,
qwen25_7b,Qwen,commonsenseqa,2025,pca_hidden_embeddings,logreg,1000,300,0.7795431976166832,0.7758807387702357,0.7028226154034046,0.8456896536173142,0.824,64.0,0.7205790281295776
qwen25_7b,Qwen,commonsenseqa,2025,pca_hidden_embeddings,mlp,1000,300,0.4885799404170804,0.4904796487098532,0.40119662685305846,0.5672048704027236,0.824,64.0,0.7205790281295776
qwen25_7b,Qwen,commonsenseqa,2025,pca_hidden_embeddings,extratrees,1000,300,0.8058971812695745,0.8037069787196229,0.7301713162796649,0.8676414073238763,0.824,64.0,0.7205790281295776
qwen25_7b,Qwen,commonsenseqa,2025,pca_hidden_embeddings,hgb,1000,300,0.7604461080131388,0.7614083669735651,0.6867066699419431,0.8334761797386783,0.824,64.0,0.7205790281295776
qwen25_7b,Qwen,commonsenseqa,2025,cheap_plus_pca_hidden,logreg,1000,300,0.8102513176991827,0.807824553188964,0.7514750073866461,0.8657861745120882,0.824,64.0,0.7205790281295776
qwen25_7b,Qwen,commonsenseqa,2025,cheap_plus_pca_hidden,mlp,1000,300,0.8016958215567948,0.796577962838191,0.7246863248263989,0.8645648452446347,0.824,64.0,0.7205790281295776
qwen25_7b,Qwen,commonsenseqa,2025,cheap_plus_pca_hidden,extratrees,1000,300,0.8445496906271484,0.8414013880469059,0.7894337721671391,0.8971995309578015,0.824,64.0,0.7205790281295776
qwen25_7b,Qwen,commonsenseqa,2025,cheap_plus_pca_hidden,hgb,1000,300,0.8208692995187533,0.8180131864035994,0.7624156498481872,0.868251,0.824,64.0,0.7205790281295776
qwen25_7b,Qwen,hellaswag,42,direct_pmax,none,1000,300,0.8628750304902837,0.8608178914024041,0.8101642027638297,0.901079627607011,,,
qwen25_7b,Qwen,hellaswag,42,cheap_confidence_option,logreg,1000,300,0.876981868444589,0.8753855127076142,0.8255137510047583,0.9136117483647034,0.836,,
qwen25_7b,Qwen,hellaswag,42,cheap_confidence_option,mlp,1000,300,0.8718595007724205,0.8698363455762679,0.8212480759445162,0.9068394204389574,0.836,,
qwen25_7b,Qwen,hellaswag,42,cheap_confidence_option,extratrees,1000,300,0.8689324335311813,0.8665822008164745,0.8167283897509697,0.9079489379084967,0.836,,
qwen25_7b,Qwen,hellaswag,42,cheap_confidence_option,hgb,1000,300,0.8496625741930238,0.8480045669355409,0.7944513562121075,0.8920867707463102,0.836,,
qwen25_7b,Qwen,hellaswag,42,hidden_summary_only,logreg,1000,300,0.8443775916741197,0.8413353653398824,0.7740562727579552,0.8968480586679116,0.836,,
qwen25_7b,Qwen,hellaswag,42,hidden_summary_only,mlp,1000,300,0.8230750467517683,0.817928079582914,0.7603351953930891,0.8813231218759577,0.836,,
qwen25_7b,Qwen,hellaswag,42,hidden_summary_only,extratrees,1000,300,0.8441336694040166,0.8398493853223479,0.781048362377738,0.8934906191570327,0.836,,
qwen25_7b,Qwen,hellaswag,42,hidden_summary_only,hgb,1000,300,0.8283600292706723,0.8235425324822125,0.7637067339307655,0.8746828361685336,0.836,,
qwen25_7b,Qwen,hellaswag,42,cheap_plus_hidden_summary,logreg,1000,300,0.8807220099195056,0.8787686800288977,0.8291318781806616,0.9150432180851064,0.836,,
qwen25_7b,Qwen,hellaswag,42,cheap_plus_hidden_summary,mlp,1000,300,0.8767379461744857,0.8727834167007067,0.8259008886223627,0.9113493100558359,0.836,,
qwen25_7b,Qwen,hellaswag,42,cheap_plus_hidden_summary,extratrees,1000,300,0.8739734937799821,0.8707528329395833,0.8267781733792937,0.9097670712665591,0.836,,
qwen25_7b,Qwen,hellaswag,42,cheap_plus_hidden_summary,hgb,1000,300,0.861452150581348,0.8589062708080553,0.8077448170358116,0.9045029703048261,0.836,,
qwen25_7b,Qwen,hellaswag,42,pca_hidden_embeddings,logreg,1000,300,0.8664932108301489,0.864270210609266,0.8138248337820776,0.9104118150741134,0.836,64.0,0.7943207025527954
qwen25_7b,Qwen,hellaswag,42,pca_hidden_embeddings,mlp,1000,300,0.5553297016017562,0.5576719869445829,0.46527666790352507,0.6306485047803239,0.836,64.0,0.7943207025527954
qwen25_7b,Qwen,hellaswag,42,pca_hidden_embeddings,extratrees,1000,300,0.887551833482397,0.8845898070995626,0.8435696603545303,0.922349709256509,0.836,64.0,0.7943207025527954
qwen25_7b,Qwen,hellaswag,42,pca_hidden_embeddings,hgb,1000,300,0.8519391820473209,0.8481937090491057,0.7958680669999267,0.8945187323382049,0.836,64.0,0.7943207025527954
qwen25_7b,Qwen,hellaswag,42,cheap_plus_pca_hidden,logreg,1000,300,0.869095048377917,0.8662215951796057,0.8175366510378106,0.9104448393384096,0.836,64.0,0.7943207025527954
qwen25_7b,Qwen,hellaswag,42,cheap_plus_pca_hidden,mlp,1000,300,0.7858362468493373,0.7820977746402676,0.7170436286547113,0.842841331364587,0.836,64.0,0.7943207025527954
qwen25_7b,Qwen,hellaswag,42,cheap_plus_pca_hidden,extratrees,1000,300,0.8828360029270672,0.879818335352796,0.8356845998759305,0.9150162491491073,0.836,64.0,0.7943207025527954
qwen25_7b,Qwen,hellaswag,42,cheap_plus_pca_hidden,hgb,1000,300,0.8769818684445889,0.8737575820896867,0.833163657915495,0.9134506114582862,0.836,64.0,0.7943207025527954
qwen25_7b,Qwen,hellaswag,7,direct_pmax,none,1000,300,0.8606390763476705,0.860754942350394,0.803134407930779,0.9063530079845786,,,
qwen25_7b,Qwen,hellaswag,7,cheap_confidence_option,logreg,1000,300,0.8750304902837629,0.8748345151071476,0.8256441749723145,0.9202477743459302,0.836,,
qwen25_7b,Qwen,hellaswag,7,cheap_confidence_option,mlp,1000,300,0.8674688999105618,0.8678795986471914,0.8216004372150553,0.9113845982957514,0.836,,
qwen25_7b,Qwen,hellaswag,7,cheap_confidence_option,extratrees,1000,300,0.870395967151801,0.8709774469877452,0.8198436951792769,0.913707220707911,0.836,,
qwen25_7b,Qwen,hellaswag,7,cheap_confidence_option,hgb,1000,300,0.858199853646638,0.8592194987329855,0.8017379106681433,0.9021355527565065,0.836,,
qwen25_7b,Qwen,hellaswag,7,hidden_summary_only,logreg,1000,300,0.8190096755833807,0.8192304262087146,0.7482286028462858,0.8799475824553095,0.836,,
qwen25_7b,Qwen,hellaswag,7,hidden_summary_only,mlp,1000,300,0.8137246930644767,0.8150973588908844,0.7430955198048944,0.8855442946339698,0.836,,
qwen25_7b,Qwen,hellaswag,7,hidden_summary_only,extratrees,1000,300,0.826815188226685,0.8277638824371915,0.7597636870665859,0.887405750082938,0.836,,
qwen25_7b,Qwen,hellaswag,7,hidden_summary_only,hgb,1000,300,0.8154321489551997,0.8175111723480417,0.7587629706744683,0.8758682631967516,0.836,,
qwen25_7b,Qwen,hellaswag,7,cheap_plus_hidden_summary,logreg,1000,300,0.8813724693064476,0.8823041641001216,0.8319632034632034,0.9275892363523573,0.836,,
qwen25_7b,Qwen,hellaswag,7,cheap_plus_hidden_summary,mlp,1000,300,0.8277908773070981,0.829738123581265,0.7645965297258167,0.8953264534099521,0.836,,
qwen25_7b,Qwen,hellaswag,7,cheap_plus_hidden_summary,extratrees,1000,300,0.8807220099195057,0.8819328650543499,0.8333266309365803,0.9242872674229915,0.836,,
qwen25_7b,Qwen,hellaswag,7,cheap_plus_hidden_summary,hgb,1000,300,0.8773884055614277,0.8793146633191323,0.8290672862310563,0.9189775999322493,0.836,,
qwen25_7b,Qwen,hellaswag,7,pca_hidden_embeddings,logreg,1000,300,0.8823481583868608,0.8825351457365461,0.8310649258770522,0.9230879308654434,0.836,64.0,0.7924623489379883
qwen25_7b,Qwen,hellaswag,7,pca_hidden_embeddings,mlp,1000,300,0.8140499227579477,0.8138997493517866,0.7493977460711332,0.8809263861766967,0.836,64.0,0.7924623489379883
qwen25_7b,Qwen,hellaswag,7,pca_hidden_embeddings,extratrees,1000,300,0.8621839173916579,0.8624113543185857,0.8099254311922873,0.9037193339496086,0.836,64.0,0.7924623489379883
qwen25_7b,Qwen,hellaswag,7,pca_hidden_embeddings,hgb,1000,300,0.8496625741930238,0.8489332927128601,0.7859207791854066,0.9032623088528507,0.836,64.0,0.7924623489379883
qwen25_7b,Qwen,hellaswag,7,cheap_plus_pca_hidden,logreg,1000,300,0.8881209854459712,0.8884032767451803,0.8390272858435346,0.9269458787666275,0.836,64.0,0.7924623489379883
qwen25_7b,Qwen,hellaswag,7,cheap_plus_pca_hidden,mlp,1000,300,0.8625904545084965,0.8623221073808076,0.805167411937199,0.9108166175515563,0.836,64.0,0.7924623489379883
qwen25_7b,Qwen,hellaswag,7,cheap_plus_pca_hidden,extratrees,1000,300,0.8834051548906414,0.8836092656947706,0.8383401479454832,0.9214537940062285,0.836,64.0,0.7924623489379883
qwen25_7b,Qwen,hellaswag,7,cheap_plus_pca_hidden,hgb,1000,300,0.881616391576551,0.8814584309374937,0.8306805535403304,0.920185368413577,0.836,64.0,0.7924623489379883
qwen25_7b,Qwen,hellaswag,123,direct_pmax,none,1000,300,0.8343361248882023,0.8362141410767446,0.7655932893556029,0.8979469306705078,,,
qwen25_7b,Qwen,hellaswag,123,cheap_confidence_option,logreg,1000,300,0.8638913732823806,0.86566314250016,0.8107232592582524,0.9157067581602643,0.836,,
qwen25_7b,Qwen,hellaswag,123,cheap_confidence_option,mlp,1000,300,0.8458411252947394,0.847879455577844,0.7913464301191394,0.9028983617189261,0.836,,
qwen25_7b,Qwen,hellaswag,123,cheap_confidence_option,extratrees,1000,300,0.8537279453614115,0.8552046755658802,0.8010529205457083,0.9079988352517422,0.836,,
qwen25_7b,Qwen,hellaswag,123,cheap_confidence_option,hgb,1000,300,0.8629156842019676,0.8633832926008604,0.8109992558139535,0.9078591840395754,0.836,,
qwen25_7b,Qwen,hellaswag,123,hidden_summary_only,logreg,1000,300,0.8239694284088137,0.8238301364785574,0.7696644244846516,0.8687272465737994,0.836,,
qwen25_7b,Qwen,hellaswag,123,hidden_summary_only,mlp,1000,300,0.7886006992438409,0.788506596251075,0.7188601997949985,0.8445731973006004,0.836,,
qwen25_7b,Qwen,hellaswag,123,hidden_summary_only,extratrees,1000,300,0.8195788275469551,0.8200049507422612,0.7704436992508833,0.8633200150825913,0.836,,
qwen25_7b,Qwen,hellaswag,123,hidden_summary_only,hgb,1000,300,0.8192535978534841,0.8195223917557174,0.7629457707043914,0.8582899488481922,0.836,,
qwen25_7b,Qwen,hellaswag,123,cheap_plus_hidden_summary,logreg,1000,300,0.8565737051792829,0.8580533163320161,0.8044091608328329,0.9036859420300678,0.836,,
qwen25_7b,Qwen,hellaswag,123,cheap_plus_hidden_summary,mlp,1000,300,0.8380356126514351,0.8398073768461752,0.7813764015442944,0.8924608935272044,0.836,,
qwen25_7b,Qwen,hellaswag,123,cheap_plus_hidden_summary,extratrees,1000,300,0.8625904545084966,0.8638813652190305,0.822582153442851,0.9079334380230107,0.836,,
qwen25_7b,Qwen,hellaswag,123,cheap_plus_hidden_summary,hgb,1000,300,0.8376290755345963,0.8379520179830507,0.7923100961538462,0.8821731965131,0.836,,
qwen25_7b,Qwen,hellaswag,123,pca_hidden_embeddings,logreg,1000,300,0.8333197820961055,0.8351009283224725,0.7772287465126574,0.8926026194460487,0.836,64.0,0.7927346229553223
qwen25_7b,Qwen,hellaswag,123,pca_hidden_embeddings,mlp,1000,300,0.5215058134807707,0.520460666448275,0.43505090735097857,0.6026791081077961,0.836,64.0,0.7927346229553223
qwen25_7b,Qwen,hellaswag,123,pca_hidden_embeddings,extratrees,1000,300,0.8403935279290999,0.8423188515733241,0.7936116566360469,0.885956621884709,0.836,64.0,0.7927346229553223
qwen25_7b,Qwen,hellaswag,123,pca_hidden_embeddings,hgb,1000,300,0.8399056833888934,0.8423582035559598,0.7865996184198136,0.8951584789805477,0.836,64.0,0.7927346229553223
qwen25_7b,Qwen,hellaswag,123,cheap_plus_pca_hidden,logreg,1000,300,0.8411252947394097,0.8431851041898853,0.7833623384960395,0.898479736017812,0.836,64.0,0.7927346229553223
qwen25_7b,Qwen,hellaswag,123,cheap_plus_pca_hidden,mlp,1000,300,0.7946987559964225,0.796308915405783,0.7274490869584774,0.8606744157214695,0.836,64.0,0.7927346229553223
qwen25_7b,Qwen,hellaswag,123,cheap_plus_pca_hidden,extratrees,1000,300,0.8616960728514513,0.86353263941833,0.814788094415791,0.9086761535918856,0.836,64.0,0.7927346229553223
qwen25_7b,Qwen,hellaswag,123,cheap_plus_pca_hidden,hgb,1000,300,0.8627530693552321,0.8640290365281234,0.8147725295908601,0.9055727895726188,0.836,64.0,0.7927346229553223
qwen25_7b,Qwen,hellaswag,777,direct_pmax,none,1000,300,0.8902349784535328,0.8879919703461701,0.8363428897883822,0.9344789107643522,,,
qwen25_7b,Qwen,hellaswag,777,cheap_confidence_option,logreg,1000,300,0.8886901374095455,0.8871831886063808,0.8476966690290574,0.9267479100296403,0.836,,
qwen25_7b,Qwen,hellaswag,777,cheap_confidence_option,mlp,1000,300,0.8586876981868445,0.8558270456044326,0.8037572840252746,0.9032449032399283,0.836,,
qwen25_7b,Qwen,hellaswag,777,cheap_confidence_option,extratrees,1000,300,0.8800715505325637,0.8787163745956934,0.8343434005873177,0.9181442428042177,0.836,,
qwen25_7b,Qwen,hellaswag,777,cheap_confidence_option,hgb,1000,300,0.8903975933002682,0.8898180575688569,0.8469473410565844,0.9273934276481578,0.836,,
qwen25_7b,Qwen,hellaswag,777,hidden_summary_only,logreg,1000,300,0.8410439873160419,0.8383990979141942,0.7821996069979716,0.8935265257618198,0.836,,
qwen25_7b,Qwen,hellaswag,777,hidden_summary_only,mlp,1000,300,0.7853484023091308,0.7817183649225482,0.7120253801431127,0.8496746786553774,0.836,,
qwen25_7b,Qwen,hellaswag,777,hidden_summary_only,extratrees,1000,300,0.8650296772095292,0.8626309681886911,0.8137342716713836,0.9098008347259636,0.836,,
qwen25_7b,Qwen,hellaswag,777,hidden_summary_only,hgb,1000,300,0.8330758598260021,0.8285964412948975,0.7743086508316065,0.877540740223533,0.836,,
qwen25_7b,Qwen,hellaswag,777,cheap_plus_hidden_summary,logreg,1000,300,0.8811285470363445,0.8786707790605197,0.8302179204723849,0.9209884599673203,0.836,,
qwen25_7b,Qwen,hellaswag,777,cheap_plus_hidden_summary,mlp,1000,300,0.8299048703146596,0.8264759030946015,0.7605343897066921,0.8874358894113357,0.836,,
qwen25_7b,Qwen,hellaswag,777,cheap_plus_hidden_summary,extratrees,1000,300,0.8903975933002684,0.8884764872756405,0.851776534874644,0.925775922077922,0.836,,
qwen25_7b,Qwen,hellaswag,777,cheap_plus_hidden_summary,hgb,1000,300,0.8782014797951053,0.8762984866179526,0.8320282857142858,0.919011709057072,0.836,,
qwen25_7b,Qwen,hellaswag,777,pca_hidden_embeddings,logreg,1000,300,0.8593381575737865,0.8585358517373833,0.8040873546992584,0.908053500284576,0.836,64.0,0.7951448559761047
qwen25_7b,Qwen,hellaswag,777,pca_hidden_embeddings,mlp,1000,300,0.5764696316773722,0.5732924964852124,0.4769297443963412,0.6677695277531001,0.836,64.0,0.7951448559761047
qwen25_7b,Qwen,hellaswag,777,pca_hidden_embeddings,extratrees,1000,300,0.8513700300837467,0.8515479410244938,0.7972571094847773,0.9024485838108387,0.836,64.0,0.7951448559761047
qwen25_7b,Qwen,hellaswag,777,pca_hidden_embeddings,hgb,1000,300,0.8304740222782341,0.8285176030674881,0.7668170469576719,0.8854129654983194,0.836,64.0,0.7951448559761047
qwen25_7b,Qwen,hellaswag,777,cheap_plus_pca_hidden,logreg,1000,300,0.8638913732823807,0.8623878600835807,0.8146976811990426,0.9060734149252667,0.836,64.0,0.7951448559761047
qwen25_7b,Qwen,hellaswag,777,cheap_plus_pca_hidden,mlp,1000,300,0.855841938368973,0.8531957927335149,0.8008282483660131,0.9046795744302191,0.836,64.0,0.7951448559761047
qwen25_7b,Qwen,hellaswag,777,cheap_plus_pca_hidden,extratrees,1000,300,0.9048703146597283,0.9035208428076494,0.8680326529240695,0.9372142792842909,0.836,64.0,0.7951448559761047
qwen25_7b,Qwen,hellaswag,777,cheap_plus_pca_hidden,hgb,1000,300,0.8953573461257013,0.893605670915429,0.8559439704069102,0.9256920750620347,0.836,64.0,0.7951448559761047
qwen25_7b,Qwen,hellaswag,2025,direct_pmax,none,1000,300,0.8390519554435318,0.8391943966302869,0.7746213310413999,0.8930618301441058,,,
qwen25_7b,Qwen,hellaswag,2025,cheap_confidence_option,logreg,1000,300,0.8526709488576307,0.8518482671755039,0.7914920494394958,0.9034821796563941,0.836,,
qwen25_7b,Qwen,hellaswag,2025,cheap_confidence_option,mlp,1000,300,0.8491747296528173,0.8489914631149839,0.7886551283068783,0.900116600917646,0.836,,
qwen25_7b,Qwen,hellaswag,2025,cheap_confidence_option,extratrees,1000,300,0.8552727864053988,0.8546057242878631,0.8056636527777777,0.902396337280116,0.836,,
qwen25_7b,Qwen,hellaswag,2025,cheap_confidence_option,hgb,1000,300,0.8495812667696561,0.8496162787971216,0.802428899176571,0.8924397677793905,0.836,,
qwen25_7b,Qwen,hellaswag,2025,hidden_summary_only,logreg,1000,300,0.82917310350435,0.8295361370148525,0.7668919009562786,0.8890015720133257,0.836,,
qwen25_7b,Qwen,hellaswag,2025,hidden_summary_only,mlp,1000,300,0.8029921131799334,0.8039855832348698,0.7411769602272728,0.8647345573331485,0.836,,
qwen25_7b,Qwen,hellaswag,2025,hidden_summary_only,extratrees,1000,300,0.8376290755345963,0.8374877664956841,0.777538752096394,0.8919059896097031,0.836,,
qwen25_7b,Qwen,hellaswag,2025,hidden_summary_only,hgb,1000,300,0.8050247987641271,0.8039959785636855,0.7343852291560452,0.8654793665274024,0.836,,
qwen25_7b,Qwen,hellaswag,2025,cheap_plus_hidden_summary,logreg,1000,300,0.8557606309456053,0.8550123169403112,0.7959866496712291,0.9059013743013109,0.836,,
qwen25_7b,Qwen,hellaswag,2025,cheap_plus_hidden_summary,mlp,1000,300,0.7751849743881616,0.7738601834504873,0.7058234958400974,0.8424947534295901,0.836,,
qwen25_7b,Qwen,hellaswag,2025,cheap_plus_hidden_summary,extratrees,1000,300,0.8649483697861614,0.864152742928118,0.8191273612742177,0.9059216861681291,0.836,,
qwen25_7b,Qwen,hellaswag,2025,cheap_plus_hidden_summary,hgb,1000,300,0.858199853646638,0.8572734705623781,0.807552630542811,0.8965808086782929,0.836,,
qwen25_7b,Qwen,hellaswag,2025,pca_hidden_embeddings,logreg,1000,300,0.8406374501992032,0.8406888279643822,0.780299084987593,0.9017590257839513,0.836,64.0,0.7935089468955994
qwen25_7b,Qwen,hellaswag,2025,pca_hidden_embeddings,mlp,1000,300,0.7983575900479714,0.7959119855998189,0.729758554885764,0.8552321944301715,0.836,64.0,0.7935089468955994
qwen25_7b,Qwen,hellaswag,2025,pca_hidden_embeddings,extratrees,1000,300,0.8520204894706886,0.8523256873593056,0.8034613613657388,0.9010649114054184,0.836,64.0,0.7935089468955994
qwen25_7b,Qwen,hellaswag,2025,pca_hidden_embeddings,hgb,1000,300,0.8151069192617286,0.813380653576988,0.7507675965525653,0.8706789132593528,0.836,64.0,0.7935089468955994
qwen25_7b,Qwen,hellaswag,2025,cheap_plus_pca_hidden,logreg,1000,300,0.842670135783397,0.8419693041548767,0.7749061195763446,0.9043440472497931,0.836,64.0,0.7935089468955994
qwen25_7b,Qwen,hellaswag,2025,cheap_plus_pca_hidden,mlp,1000,300,0.8299861777380275,0.8321424909865085,0.7690303721311454,0.8904560600298596,0.836,64.0,0.7935089468955994
qwen25_7b,Qwen,hellaswag,2025,cheap_plus_pca_hidden,extratrees,1000,300,0.8587690056102122,0.8579456154347084,0.802265857514881,0.9041903689361263,0.836,64.0,0.7935089468955994
qwen25_7b,Qwen,hellaswag,2025,cheap_plus_pca_hidden,hgb,1000,300,0.8686072038377103,0.8678514389291657,0.8205977182539682,0.9110478898308513,0.836,64.0,0.7935089468955994
qwen25_7b,Qwen,mmlu_all,42,direct_pmax,none,1000,300,0.8098074454428755,0.8121451962946558,0.7598793258704745,0.8564208605139717,,,
qwen25_7b,Qwen,mmlu_all,42,cheap_confidence_option,logreg,1000,300,0.8308600770218229,0.8317871559713957,0.7884466125606171,0.872214937196791,0.683,,
qwen25_7b,Qwen,mmlu_all,42,cheap_confidence_option,mlp,1000,300,0.8194094993581514,0.8210783449313057,0.7734745103823104,0.8643302068403453,0.683,,
qwen25_7b,Qwen,mmlu_all,42,cheap_confidence_option,extratrees,1000,300,0.8136585365853659,0.8150515418575234,0.7656870695532136,0.8551842391128379,0.683,,
qwen25_7b,Qwen,mmlu_all,42,cheap_confidence_option,hgb,1000,300,0.7832092426187421,0.7838402673047161,0.7330261060011404,0.8329044847226049,0.683,,
qwen25_7b,Qwen,mmlu_all,42,hidden_summary_only,logreg,1000,300,0.7675994865211809,0.7684190698875868,0.711105676628111,0.8199144088935186,0.683,,
qwen25_7b,Qwen,mmlu_all,42,hidden_summary_only,mlp,1000,300,0.7673427471116817,0.7688188877743761,0.7125757979619971,0.8176694607422161,0.683,,
qwen25_7b,Qwen,mmlu_all,42,hidden_summary_only,extratrees,1000,300,0.7750962772785622,0.776613804292226,0.7202000446825589,0.8287801557846267,0.683,,
qwen25_7b,Qwen,mmlu_all,42,hidden_summary_only,hgb,1000,300,0.7528626444159179,0.7554220282685693,0.690154432407047,0.8108797929776692,0.683,,
qwen25_7b,Qwen,mmlu_all,42,cheap_plus_hidden_summary,logreg,1000,300,0.8146854942233632,0.8158431772514756,0.7699077651260106,0.8584722972868786,0.683,,
qwen25_7b,Qwen,mmlu_all,42,cheap_plus_hidden_summary,mlp,1000,300,0.8074967907573812,0.8086361801432278,0.7594019060574788,0.8538938593343316,0.683,,
qwen25_7b,Qwen,mmlu_all,42,cheap_plus_hidden_summary,extratrees,1000,300,0.8248523748395378,0.8261928295911778,0.7775130119055271,0.8629515595177696,0.683,,
qwen25_7b,Qwen,mmlu_all,42,cheap_plus_hidden_summary,hgb,1000,300,0.8160205391527598,0.8172663367389384,0.7689172487133316,0.8585076938702961,0.683,,
qwen25_7b,Qwen,mmlu_all,42,pca_hidden_embeddings,logreg,1000,300,0.7991784338896021,0.8003499940600374,0.753476406153109,0.8480491099276272,0.683,64.0,0.8355281352996826
qwen25_7b,Qwen,mmlu_all,42,pca_hidden_embeddings,mlp,1000,300,0.7399229781771502,0.7402720694411505,0.6859072874123426,0.7944872993610722,0.683,64.0,0.8355281352996826
qwen25_7b,Qwen,mmlu_all,42,pca_hidden_embeddings,extratrees,1000,300,0.7934274711168164,0.7951164897855695,0.7463375462753572,0.8461353858865474,0.683,64.0,0.8355281352996826
qwen25_7b,Qwen,mmlu_all,42,pca_hidden_embeddings,hgb,1000,300,0.7737098844672657,0.775996193517797,0.7262246650326797,0.8209128166041275,0.683,64.0,0.8355281352996826
qwen25_7b,Qwen,mmlu_all,42,cheap_plus_pca_hidden,logreg,1000,300,0.8261360718870346,0.8266205831545238,0.7833399205857376,0.8705749566197427,0.683,64.0,0.8355281352996826
qwen25_7b,Qwen,mmlu_all,42,cheap_plus_pca_hidden,mlp,1000,300,0.8176636713735559,0.8184587349347809,0.7719374999999999,0.8637524125914219,0.683,64.0,0.8355281352996826
qwen25_7b,Qwen,mmlu_all,42,cheap_plus_pca_hidden,extratrees,1000,300,0.8283440308087292,0.8296795368194911,0.7846574258944333,0.8690311827912521,0.683,64.0,0.8355281352996826
qwen25_7b,Qwen,mmlu_all,42,cheap_plus_pca_hidden,hgb,1000,300,0.8234146341463415,0.8247643922059641,0.7789307012990483,0.8648138934030776,0.683,64.0,0.8355281352996826
qwen25_7b,Qwen,mmlu_all,7,direct_pmax,none,1000,300,0.844415917843389,0.8445465908412577,0.7992457512929095,0.8883212454811032,,,
qwen25_7b,Qwen,mmlu_all,7,cheap_confidence_option,logreg,1000,300,0.8677278562259307,0.8681239074562016,0.8273146040464064,0.9080593000073497,0.683,,
qwen25_7b,Qwen,mmlu_all,7,cheap_confidence_option,mlp,1000,300,0.8594094993581515,0.8597048230380193,0.8131668957135598,0.899287842176959,0.683,,
qwen25_7b,Qwen,mmlu_all,7,cheap_confidence_option,extratrees,1000,300,0.8654172015404364,0.8658311843127114,0.8252687276190421,0.9025293725963173,0.683,,
qwen25_7b,Qwen,mmlu_all,7,cheap_confidence_option,hgb,1000,300,0.8400513478819,0.841452332478567,0.7987030483687335,0.8870664012529085,0.683,,
qwen25_7b,Qwen,mmlu_all,7,hidden_summary_only,logreg,1000,300,0.817612323491656,0.8202400621765872,0.7637718598750418,0.8715422981117993,0.683,,
qwen25_7b,Qwen,mmlu_all,7,hidden_summary_only,mlp,1000,300,0.804826700898588,0.807792502720858,0.7559008227851928,0.8565312328710695,0.683,,
qwen25_7b,Qwen,mmlu_all,7,hidden_summary_only,extratrees,1000,300,0.8132991014120668,0.8157312535284605,0.7627844367213684,0.8695407959494945,0.683,,
qwen25_7b,Qwen,mmlu_all,7,hidden_summary_only,hgb,1000,300,0.7693966623876765,0.7733927368433365,0.7173049435293344,0.8280970414539334,0.683,,
qwen25_7b,Qwen,mmlu_all,7,cheap_plus_hidden_summary,logreg,1000,300,0.8510397946084723,0.8518549617993016,0.8043654074422357,0.8932289858972214,0.683,,
qwen25_7b,Qwen,mmlu_all,7,cheap_plus_hidden_summary,mlp,1000,300,0.8519640564826702,0.8526571765600592,0.8080969329083005,0.8950788364844108,0.683,,
qwen25_7b,Qwen,mmlu_all,7,cheap_plus_hidden_summary,extratrees,1000,300,0.8595121951219513,0.8603022495954928,0.8171340480751598,0.9024659187699903,0.683,,
qwen25_7b,Qwen,mmlu_all,7,cheap_plus_hidden_summary,hgb,1000,300,0.8366110397946086,0.8378632807558898,0.7882503692092193,0.8891525457202669,0.683,,
qwen25_7b,Qwen,mmlu_all,7,pca_hidden_embeddings,logreg,1000,300,0.8222336328626445,0.8238219190142511,0.7728807694117893,0.8727196176951079,0.683,64.0,0.8311944007873535
qwen25_7b,Qwen,mmlu_all,7,pca_hidden_embeddings,mlp,1000,300,0.8102182284980743,0.8107473167222667,0.7628257513712582,0.8558531454248367,0.683,64.0,0.8311944007873535
qwen25_7b,Qwen,mmlu_all,7,pca_hidden_embeddings,extratrees,1000,300,0.8350192554557125,0.8361950271491679,0.7855142882968589,0.8807637997432606,0.683,64.0,0.8311944007873535
qwen25_7b,Qwen,mmlu_all,7,pca_hidden_embeddings,hgb,1000,300,0.8173042362002568,0.8185976029845213,0.7646219621868722,0.8642562979631554,0.683,64.0,0.8311944007873535
qwen25_7b,Qwen,mmlu_all,7,cheap_plus_pca_hidden,logreg,1000,300,0.8386649550706035,0.8398034133974545,0.7941548490987481,0.8847819791948264,0.683,64.0,0.8311944007873535
qwen25_7b,Qwen,mmlu_all,7,cheap_plus_pca_hidden,mlp,1000,300,0.8482156611039795,0.8493238309173127,0.8009071332654637,0.8933040190508021,0.683,64.0,0.8311944007873535
qwen25_7b,Qwen,mmlu_all,7,cheap_plus_pca_hidden,extratrees,1000,300,0.8610012836970474,0.8619660522252428,0.8139356756669327,0.9043204385375263,0.683,64.0,0.8311944007873535
qwen25_7b,Qwen,mmlu_all,7,cheap_plus_pca_hidden,hgb,1000,300,0.8459050064184852,0.847564462590509,0.8027831445816529,0.8977994260039421,0.683,64.0,0.8311944007873535
qwen25_7b,Qwen,mmlu_all,123,direct_pmax,none,1000,300,0.829191270860077,0.8290094644527037,0.7815374341005529,0.8715422453703703,,,
qwen25_7b,Qwen,mmlu_all,123,cheap_confidence_option,logreg,1000,300,0.8581258023106547,0.8584875788558308,0.8172997910949135,0.9002335531116503,0.683,,
qwen25_7b,Qwen,mmlu_all,123,cheap_confidence_option,mlp,1000,300,0.85602053915276,0.8564125490541007,0.8124641209160599,0.8988593277121236,0.683,,
qwen25_7b,Qwen,mmlu_all,123,cheap_confidence_option,extratrees,1000,300,0.8467265725288832,0.8467578869592076,0.8012378960879963,0.888523124248207,0.683,,
qwen25_7b,Qwen,mmlu_all,123,cheap_confidence_option,hgb,1000,300,0.8206418485237484,0.8190052624067884,0.7708196597009969,0.8664121726621726,0.683,,
qwen25_7b,Qwen,mmlu_all,123,hidden_summary_only,logreg,1000,300,0.7950706033376123,0.7935988153680377,0.7361531146307255,0.8455565798794863,0.683,,
qwen25_7b,Qwen,mmlu_all,123,hidden_summary_only,mlp,1000,300,0.7822849807445443,0.7800853095494954,0.7224986304752925,0.8346911612834582,0.683,,
qwen25_7b,Qwen,mmlu_all,123,hidden_summary_only,extratrees,1000,300,0.785622593068036,0.7858477013128824,0.7269707673838629,0.8388820832302365,0.683,,
qwen25_7b,Qwen,mmlu_all,123,hidden_summary_only,hgb,1000,300,0.7661617458279846,0.7674206417870872,0.7073873596139558,0.8206231643418054,0.683,,
qwen25_7b,Qwen,mmlu_all,123,cheap_plus_hidden_summary,logreg,1000,300,0.844775353016688,0.8456494967823623,0.7952744895891447,0.8908013404957863,0.683,,
qwen25_7b,Qwen,mmlu_all,123,cheap_plus_hidden_summary,mlp,1000,300,0.8332220795892169,0.8335405929688876,0.7850509227258577,0.8787132358633717,0.683,,
qwen25_7b,Qwen,mmlu_all,123,cheap_plus_hidden_summary,extratrees,1000,300,0.8463157894736841,0.8462501975178169,0.7948081721738971,0.8906219387682904,0.683,,
qwen25_7b,Qwen,mmlu_all,123,cheap_plus_hidden_summary,hgb,1000,300,0.8148908857509629,0.8157162596657023,0.7666495200966992,0.8618554528103174,0.683,,
qwen25_7b,Qwen,mmlu_all,123,pca_hidden_embeddings,logreg,1000,300,0.8183311938382541,0.8185344404898579,0.7697010785772018,0.8619310477944698,0.683,64.0,0.8357852101325989
qwen25_7b,Qwen,mmlu_all,123,pca_hidden_embeddings,mlp,1000,300,0.817252888318357,0.8183706496833157,0.7679275138933815,0.8667646482186543,0.683,64.0,0.8357852101325989
qwen25_7b,Qwen,mmlu_all,123,pca_hidden_embeddings,extratrees,1000,300,0.8335301668806162,0.8336416088732835,0.7815586632165843,0.8833175573305091,0.683,64.0,0.8357852101325989
qwen25_7b,Qwen,mmlu_all,123,pca_hidden_embeddings,hgb,1000,300,0.841643132220796,0.842072709946967,0.7967314475485437,0.8866173348449428,0.683,64.0,0.8357852101325989
qwen25_7b,Qwen,mmlu_all,123,cheap_plus_pca_hidden,logreg,1000,300,0.8411296534017972,0.842295964318478,0.7985640412219359,0.8837665347254688,0.683,64.0,0.8357852101325989
qwen25_7b,Qwen,mmlu_all,123,cheap_plus_pca_hidden,mlp,1000,300,0.8325545571245186,0.8322793979157654,0.7824720272782214,0.8784798462892369,0.683,64.0,0.8357852101325989
qwen25_7b,Qwen,mmlu_all,123,cheap_plus_pca_hidden,extratrees,1000,300,0.8560718870346598,0.8562870861564998,0.8095194786830816,0.8995413786644699,0.683,64.0,0.8357852101325989
qwen25_7b,Qwen,mmlu_all,123,cheap_plus_pca_hidden,hgb,1000,300,0.8502182284980745,0.8507289468673677,0.8027095006702896,0.8989358146601505,0.683,64.0,0.8357852101325989
qwen25_7b,Qwen,mmlu_all,777,direct_pmax,none,1000,300,0.8254428754813864,0.8253841264853291,0.7821937855675768,0.8715168597742127,,,
qwen25_7b,Qwen,mmlu_all,777,cheap_confidence_option,logreg,1000,300,0.8462130937098845,0.8467510386464496,0.8026161507785355,0.892466849006257,0.683,,
qwen25_7b,Qwen,mmlu_all,777,cheap_confidence_option,mlp,1000,300,0.8388189987163029,0.8386446960136501,0.7932680059358723,0.8841548339632065,0.683,,
qwen25_7b,Qwen,mmlu_all,777,cheap_confidence_option,extratrees,1000,300,0.8255198973042362,0.8246845791244206,0.7721310679949904,0.8718538335861827,0.683,,
qwen25_7b,Qwen,mmlu_all,777,cheap_confidence_option,hgb,1000,300,0.8053915275994865,0.8039962326901837,0.7566763215005903,0.8463659485798587,0.683,,
qwen25_7b,Qwen,mmlu_all,777,hidden_summary_only,logreg,1000,300,0.8147881899871631,0.8157837082300237,0.7603962258803154,0.8597740902189916,0.683,,
qwen25_7b,Qwen,mmlu_all,777,hidden_summary_only,mlp,1000,300,0.7980487804878049,0.7980685648450797,0.7390690330099031,0.8506397330549048,0.683,,
qwen25_7b,Qwen,mmlu_all,777,hidden_summary_only,extratrees,1000,300,0.8169961489088575,0.8167850262141679,0.7677713674223575,0.8602655732677809,0.683,,
qwen25_7b,Qwen,mmlu_all,777,hidden_summary_only,hgb,1000,300,0.7920410783055201,0.7923265157072459,0.7364499629695043,0.8419784264729966,0.683,,
qwen25_7b,Qwen,mmlu_all,777,cheap_plus_hidden_summary,logreg,1000,300,0.8458023106546855,0.847316392851061,0.8051164524999552,0.8892842675528072,0.683,,
qwen25_7b,Qwen,mmlu_all,777,cheap_plus_hidden_summary,mlp,1000,300,0.8345571245186137,0.8347459862510112,0.7891152057920833,0.8751147433939587,0.683,,
qwen25_7b,Qwen,mmlu_all,777,cheap_plus_hidden_summary,extratrees,1000,300,0.8366623876765084,0.8357799374497974,0.7889702992302222,0.8802376211913379,0.683,,
qwen25_7b,Qwen,mmlu_all,777,cheap_plus_hidden_summary,hgb,1000,300,0.8297817715019254,0.8296691360589865,0.7835677199876929,0.8692748821541175,0.683,,
qwen25_7b,Qwen,mmlu_all,777,pca_hidden_embeddings,logreg,1000,300,0.818382541720154,0.818066702166397,0.764834041898912,0.8666135796124579,0.683,64.0,0.8302940726280212
qwen25_7b,Qwen,mmlu_all,777,pca_hidden_embeddings,mlp,1000,300,0.8229525032092425,0.8228667376528479,0.7737714854249518,0.8684072821142461,0.683,64.0,0.8302940726280212
qwen25_7b,Qwen,mmlu_all,777,pca_hidden_embeddings,extratrees,1000,300,0.8333247753530166,0.8333778961295067,0.7891795080048131,0.8754903493069899,0.683,64.0,0.8302940726280212
qwen25_7b,Qwen,mmlu_all,777,pca_hidden_embeddings,hgb,1000,300,0.8093453145057766,0.8083608717894328,0.7603842216095962,0.8588857682436685,0.683,64.0,0.8302940726280212
qwen25_7b,Qwen,mmlu_all,777,cheap_plus_pca_hidden,logreg,1000,300,0.8202310654685495,0.8203193776992528,0.7711090516090594,0.8699302513934629,0.683,64.0,0.8302940726280212
qwen25_7b,Qwen,mmlu_all,777,cheap_plus_pca_hidden,mlp,1000,300,0.8158664955070605,0.8170764434924096,0.7695650162337663,0.863134172972424,0.683,64.0,0.8302940726280212
qwen25_7b,Qwen,mmlu_all,777,cheap_plus_pca_hidden,extratrees,1000,300,0.8458536585365853,0.844844761064884,0.8016283849938605,0.887033376123235,0.683,64.0,0.8302940726280212
qwen25_7b,Qwen,mmlu_all,777,cheap_plus_pca_hidden,hgb,1000,300,0.8241848523748396,0.8235768182955602,0.7836714896825784,0.8674231132494684,0.683,64.0,0.8302940726280212
qwen25_7b,Qwen,mmlu_all,2025,direct_pmax,none,1000,300,0.8583311938382542,0.8569312768257282,0.8144772182357609,0.8967268935896098,,,
qwen25_7b,Qwen,mmlu_all,2025,cheap_confidence_option,logreg,1000,300,0.8682926829268293,0.8671612676773361,0.8268826873693175,0.8999628490945861,0.683,,
qwen25_7b,Qwen,mmlu_all,2025,cheap_confidence_option,mlp,1000,300,0.8403080872913993,0.8393062804234893,0.7912095385941317,0.8822989444833765,0.683,,
qwen25_7b,Qwen,mmlu_all,2025,cheap_confidence_option,extratrees,1000,300,0.8636713735558408,0.8623730164028399,0.8137140642574087,0.8981412460478773,0.683,,
qwen25_7b,Qwen,mmlu_all,2025,cheap_confidence_option,hgb,1000,300,0.8371245186136073,0.8357766279339669,0.7851343685414481,0.877652752458956,0.683,,
qwen25_7b,Qwen,mmlu_all,2025,hidden_summary_only,logreg,1000,300,0.8670089858793325,0.8671306675926106,0.8258746134150947,0.9029214794913787,0.683,,
qwen25_7b,Qwen,mmlu_all,2025,hidden_summary_only,mlp,1000,300,0.7716559691912709,0.7718399971896065,0.711403958134257,0.8288303543187212,0.683,,
qwen25_7b,Qwen,mmlu_all,2025,hidden_summary_only,extratrees,1000,300,0.846777920410783,0.8471193354769728,0.7989173314251053,0.8867955282786385,0.683,,
qwen25_7b,Qwen,mmlu_all,2025,hidden_summary_only,hgb,1000,300,0.8256225930680361,0.8255179609203401,0.7806161469077377,0.8687629937629936,0.683,,
qwen25_7b,Qwen,mmlu_all,2025,cheap_plus_hidden_summary,logreg,1000,300,0.8656739409499358,0.8646882067506881,0.822802974366205,0.8974291363756992,0.683,,
qwen25_7b,Qwen,mmlu_all,2025,cheap_plus_hidden_summary,mlp,1000,300,0.886059050064185,0.8860390680443573,0.8480237048658225,0.9174960867955039,0.683,,
qwen25_7b,Qwen,mmlu_all,2025,cheap_plus_hidden_summary,extratrees,1000,300,0.8799486521181002,0.8793273915835247,0.8395573682045555,0.9113764882638633,0.683,,
qwen25_7b,Qwen,mmlu_all,2025,cheap_plus_hidden_summary,hgb,1000,300,0.8497560975609756,0.8483686641416247,0.8019163893100364,0.8832107930688083,0.683,,
qwen25_7b,Qwen,mmlu_all,2025,pca_hidden_embeddings,logreg,1000,300,0.8516559691912708,0.8515054727899198,0.8041944276629279,0.8876489646064315,0.683,64.0,0.825177788734436
qwen25_7b,Qwen,mmlu_all,2025,pca_hidden_embeddings,mlp,1000,300,0.8232605905006418,0.8234956242427108,0.7752197247045781,0.8641763705507679,0.683,64.0,0.825177788734436
qwen25_7b,Qwen,mmlu_all,2025,pca_hidden_embeddings,extratrees,1000,300,0.8646983311938383,0.8640420594811958,0.820091465346692,0.9006654108357598,0.683,64.0,0.825177788734436
qwen25_7b,Qwen,mmlu_all,2025,pca_hidden_embeddings,hgb,1000,300,0.8459563543003851,0.846265978860914,0.805033033033033,0.8845826668243177,0.683,64.0,0.825177788734436
qwen25_7b,Qwen,mmlu_all,2025,cheap_plus_pca_hidden,logreg,1000,300,0.8662387676508345,0.8654427110532602,0.8204752258579692,0.9006958356089761,0.683,64.0,0.825177788734436
qwen25_7b,Qwen,mmlu_all,2025,cheap_plus_pca_hidden,mlp,1000,300,0.8656739409499359,0.8632050691724631,0.8197969547793893,0.8999463192005783,0.683,64.0,0.825177788734436
qwen25_7b,Qwen,mmlu_all,2025,cheap_plus_pca_hidden,extratrees,1000,300,0.883234916559692,0.8819973623631392,0.8409789421995975,0.9138054479227509,0.683,64.0,0.825177788734436
qwen25_7b,Qwen,mmlu_all,2025,cheap_plus_pca_hidden,hgb,1000,300,0.8450320924261875,0.8439548887493976,0.8002747341531558,0.8841958876530508,0.683,64.0,0.825177788734436
